{"type":"FeatureCollection", "features": [
{"type":"Feature","geometry":{"type":"Polygon","coordinates":[[[33.9251,44.4209],[33.925,44.4208],[33.9223,44.4203],[33.9094,44.4189],[33.8981,44.4215],[33.847,44.4171],[33.8141,44.41],[33.7856,44.3969],[33.7662,44.3922],[33.7618,44.3894],[33.7613,44.388],[33.7684,44.388],[33.7689,44.388],[33.7692,44.388],[33.772,44.388],[33.776,44.385],[33.84,44.404],[33.899,44.402],[33.966,44.39],[34.04,44.407],[34.063,44.421],[34.129,44.429],[34.168,44.492],[34.25,44.505],[34.283,44.54],[34.308,44.552],[34.349,44.549],[34.355,44.587],[34.373,44.592],[34.384,44.625],[34.418,44.672],[34.459,44.711],[34.562,44.755],[34.65,44.786],[34.681,44.79],[34.7,44.802],[34.71,44.803],[34.725,44.81],[34.735,44.811],[34.742,44.811],[34.746,44.809],[34.751,44.81],[34.773,44.818],[34.864,44.821],[34.911,44.815],[34.92,44.83],[34.967,44.839],[35.035,44.827],[35.047,44.8],[35.08,44.791],[35.131,44.823],[35.148,44.881],[35.183,44.906],[35.237,44.915],[35.271,44.968],[35.352,44.963],[35.366,44.994],[35.426,45.012],[35.385,45.032],[35.386,45.047],[35.419,45.08],[35.457,45.102],[35.539,45.126],[35.5389,45.1262],[35.57,45.13],[35.597,45.129],[35.705,45.102],[35.772,45.071],[35.809,45.044],[35.811,45.022],[35.867,45.003],[35.906,45.018],[35.956,45.012],[35.994,45.037],[36.032,45.049],[36.085,45.047],[36.227,45.027],[36.249,45.048],[36.303,45.058],[36.375,45.058],[36.445,45.086],[36.454,45.106],[36.431,45.119],[36.409,45.169],[36.403,45.213],[36.433,45.255],[36.436,45.296],[36.48,45.304],[36.478,45.356],[36.502,45.363],[36.542,45.345],[36.605,45.347],[36.63,45.36],[36.642,45.391],[36.608,45.41],[36.597,45.439],[36.567,45.429],[36.526,45.429],[36.493,45.452],[36.446,45.46],[36.411,45.447],[36.342,45.478],[36.326,45.471],[36.283,45.481],[36.176,45.472],[36.121,45.462],[36.076,45.446],[36.071,45.405],[36.05,45.387],[36.003,45.371],[35.928,45.385],[35.873,45.417],[35.831,45.471],[35.811,45.427],[35.748,45.394],[35.761,45.374],[35.729,45.354],[35.72,45.335],[35.604,45.315],[35.529,45.284],[35.467,45.303],[35.386,45.348],[35.306,45.41],[35.227,45.488],[35.195,45.525],[35.111,45.595],[35.053,45.657],[34.976,45.763],[34.976,45.761],[34.9687,45.7588],[34.9668,45.7583],[34.9608,45.7565],[34.959,45.756],[34.9571,45.757],[34.941,45.765],[34.862,45.794],[34.799,45.809],[34.801,45.9],[34.753,45.908],[34.666,45.969],[34.607,45.992],[34.553,45.988],[34.502,45.942],[34.464,45.947],[34.415,45.985],[34.404,46.009],[34.347,46.054],[34.32,46.067],[34.248,46.052],[34.18,46.067],[34.119,46.106],[34.07,46.116],[34.0677,46.1148],[34.057,46.109],[34.052,46.108],[33.998,46.125],[33.971,46.14],[33.971,46.1404],[33.94,46.154],[33.894,46.171],[33.861,46.194],[33.848,46.199],[33.811,46.203],[33.773,46.197],[33.751,46.187],[33.735,46.185],[33.67,46.211],[33.647,46.229],[33.6331,46.2271],[33.633,46.227],[33.616,46.225],[33.62,46.214],[33.636,46.147],[33.642,46.142],[33.64,46.14],[33.614,46.134],[33.614,46.129],[33.619,46.114],[33.639,46.088],[33.614,46.055],[33.629,45.958],[33.752,45.948],[33.675,45.899],[33.679,45.867],[33.611,45.891],[33.535,45.847],[33.492,45.856],[33.448,45.844],[33.359,45.788],[33.309,45.769],[33.231,45.752],[33.166,45.786],[33.156,45.736],[33.139,45.72],[33.116,45.713],[33.109,45.713],[33.104,45.715],[33.0998,45.7142],[33.097,45.716],[33.01,45.68],[32.955,45.662],[32.829,45.594],[32.842,45.566],[32.81,45.555],[32.789,45.563],[32.724,45.532],[32.665,45.515],[32.583,45.481],[32.539,45.456],[32.48,45.403],[32.499,45.384],[32.514,45.366],[32.497,45.344],[32.615,45.324],[32.652,45.314],[32.753,45.364],[32.831,45.368],[32.913,45.359],[32.969,45.336],[33.07,45.271],[33.147,45.203],[33.186,45.183],[33.229,45.173],[33.26,45.146],[33.284,45.147],[33.307,45.173],[33.35,45.173],[33.376,45.192],[33.412,45.193],[33.452,45.174],[33.516,45.13],[33.576,45.061],[33.596,45.016],[33.6036,44.9922],[33.603,44.991],[33.604,44.981],[33.598,44.977],[33.611,44.925],[33.612,44.9251],[33.612,44.903],[33.604,44.863],[33.566,44.838],[33.5805,44.8139],[33.6643,44.7947],[33.6828,44.7703],[33.6137,44.7498],[33.6161,44.712],[33.6595,44.7141],[33.6731,44.7099],[33.7007,44.7148],[33.7266,44.7166],[33.7518,44.6988],[33.7615,44.701],[33.777,44.6903],[33.7546,44.6753],[33.753,44.6651],[33.7169,44.6332],[33.7163,44.6204],[33.7357,44.6009],[33.7419,44.6054],[33.7796,44.6131],[33.7828,44.606],[33.7814,44.5997],[33.7872,44.5857],[33.8039,44.5778],[33.8212,44.576],[33.8272,44.5713],[33.8311,44.5548],[33.8372,44.5488],[33.8337,44.5417],[33.8401,44.5372],[33.8401,44.5304],[33.8495,44.5306],[33.8573,44.5259],[33.8457,44.5191],[33.8532,44.5154],[33.8599,44.5071],[33.8685,44.5077],[33.8685,44.498],[33.8885,44.4814],[33.9244,44.4232],[33.9251,44.4225],[33.9258,44.422],[33.9259,44.4219],[33.9262,44.4213],[33.9251,44.4209]]]},"properties":{"oblast":"UA01"}},
{"type":"Feature","geometry":{"type":"Polygon","coordinates":[[[27.8888,49.2131],[27.895,49.21],[27.899,49.185],[27.851,49.17],[27.822,49.178],[27.818,49.187],[27.804,49.185],[27.798,49.175],[27.792,49.184],[27.777,49.186],[27.784,49.174],[27.775,49.169],[27.774,49.163],[27.768,49.164],[27.764,49.159],[27.755,49.16],[27.759,49.153],[27.749,49.145],[27.698,49.138],[27.639,49.167],[27.632,49.161],[27.602,49.161],[27.599,49.134],[27.573,49.12],[27.547,49.13],[27.533,49.124],[27.512,49.13],[27.494,49.121],[27.506,49.111],[27.481,49.088],[27.487,49.068],[27.446,49.071],[27.417,49.054],[27.407,49.029],[27.383,49.007],[27.386,49.004],[27.399,48.999],[27.396,48.991],[27.41,48.974],[27.419,48.972],[27.412,48.961],[27.418,48.955],[27.394,48.939],[27.397,48.935],[27.394,48.932],[27.3946,48.929],[27.395,48.929],[27.398,48.921],[27.394,48.901],[27.403,48.891],[27.4049,48.8898],[27.4079,48.888],[27.416,48.883],[27.419,48.818],[27.429,48.797],[27.408,48.765],[27.413,48.745],[27.417,48.738],[27.41,48.737],[27.4,48.728],[27.415,48.704],[27.39,48.678],[27.39,48.661],[27.381,48.651],[27.38,48.642],[27.3739,48.6298],[27.3733,48.6285],[27.386,48.626],[27.415,48.617],[27.435,48.608],[27.461,48.583],[27.479,48.544],[27.4786,48.5089],[27.497,48.483],[27.519,48.47],[27.5347,48.469],[27.535,48.469],[27.58,48.49],[27.592,48.459],[27.638,48.442],[27.679,48.439],[27.742,48.457],[27.809,48.432],[27.82,48.418],[27.871,48.405],[27.887,48.366],[27.971,48.323],[28.042,48.325],[28.074,48.316],[28.092,48.294],[28.078,48.246],[28.108,48.23],[28.145,48.262],[28.186,48.251],[28.188,48.212],[28.232,48.209],[28.297,48.238],[28.342,48.246],[28.369,48.223],[28.361,48.191],[28.309,48.164],[28.305,48.14],[28.357,48.138],[28.385,48.175],[28.435,48.163],[28.439,48.143],[28.42,48.122],[28.453,48.078],[28.49,48.065],[28.5,48.127],[28.522,48.139],[28.546,48.169],[28.558,48.17],[28.564,48.174],[28.571,48.175],[28.5751,48.1797],[28.576,48.178],[28.57,48.173],[28.579,48.166],[28.679,48.145],[28.687,48.124],[28.755,48.135],[28.771,48.124],[28.841,48.124],[28.857,48.103],[28.8478,48.08],[28.854,48.08],[28.928,48.095],[28.945,48.158],[29.049,48.15],[29.042,48.157],[29.045,48.175],[29.059,48.187],[29.058,48.194],[29.062,48.193],[29.0632,48.1948],[29.064,48.196],[29.0649,48.1957],[29.071,48.194],[29.078,48.195],[29.134,48.154],[29.208,48.135],[29.268,48.107],[29.267,48.095],[29.306,48.091],[29.331,48.095],[29.352,48.09],[29.394,48.115],[29.473,48.123],[29.479,48.109],[29.527,48.099],[29.558,48.101],[29.584,48.109],[29.58,48.112],[29.585,48.114],[29.587,48.118],[29.593,48.117],[29.602,48.134],[29.668,48.122],[29.682,48.189],[29.714,48.202],[29.763,48.201],[29.768,48.204],[29.775,48.204],[29.779,48.206],[29.7797,48.2088],[29.78,48.21],[29.7817,48.2097],[29.78,48.214],[29.773,48.224],[29.783,48.241],[29.772,48.268],[29.773,48.273],[29.761,48.278],[29.76,48.282],[29.755,48.284],[29.756,48.29],[29.75,48.29],[29.751,48.298],[29.765,48.299],[29.783,48.314],[29.785,48.329],[29.805,48.331],[29.812,48.348],[29.801,48.365],[29.788,48.369],[29.924,48.442],[29.958,48.45],[29.969,48.471],[29.9686,48.4718],[29.968,48.473],[29.963,48.474],[29.967,48.49],[30.001,48.491],[30.019,48.522],[30.021,48.54],[30.01,48.543],[30.004,48.561],[30.007,48.574],[29.949,48.594],[29.991,48.613],[29.978,48.636],[29.948,48.671],[29.918,48.673],[29.858,48.715],[29.868,48.764],[29.768,48.786],[29.763,48.847],[29.733,48.855],[29.737,48.909],[29.687,48.915],[29.681,48.922],[29.668,48.927],[29.669,48.932],[29.665,48.932],[29.654,48.937],[29.662,48.949],[29.653,48.96],[29.697,49],[29.669,49.025],[29.64,49.013],[29.629,49.024],[29.624,49.036],[29.613,49.051],[29.608,49.056],[29.613,49.056],[29.628,49.046],[29.651,49.095],[29.679,49.111],[29.726,49.119],[29.732,49.133],[29.72,49.133],[29.711,49.154],[29.719,49.156],[29.718,49.177],[29.727,49.18],[29.727,49.204],[29.711,49.208],[29.705,49.224],[29.726,49.22],[29.734,49.225],[29.736,49.227],[29.7376,49.2286],[29.738,49.229],[29.702,49.262],[29.69,49.239],[29.664,49.251],[29.639,49.248],[29.609,49.3],[29.573,49.325],[29.535,49.325],[29.506,49.395],[29.564,49.414],[29.574,49.433],[29.596,49.442],[29.591,49.455],[29.561,49.465],[29.545,49.486],[29.552,49.487],[29.559,49.497],[29.581,49.493],[29.551,49.52],[29.532,49.563],[29.499,49.601],[29.536,49.638],[29.519,49.647],[29.5071,49.65],[29.5049,49.6505],[29.499,49.652],[29.484,49.655],[29.481,49.651],[29.431,49.663],[29.409,49.66],[29.395,49.648],[29.379,49.621],[29.354,49.629],[29.275,49.628],[29.275,49.591],[29.241,49.604],[29.213,49.589],[29.149,49.594],[29.027,49.591],[28.997,49.597],[28.9865,49.6031],[28.987,49.606],[29.011,49.633],[28.959,49.684],[29.006,49.726],[29.001,49.742],[28.965,49.756],[28.971,49.803],[28.955,49.84],[28.907,49.862],[28.899,49.883],[28.857,49.89],[28.843,49.861],[28.784,49.844],[28.75,49.845],[28.734,49.803],[28.706,49.811],[28.687,49.806],[28.635,49.818],[28.601,49.811],[28.601,49.783],[28.57,49.775],[28.53,49.821],[28.482,49.808],[28.47,49.824],[28.431,49.822],[28.406,49.793],[28.379,49.781],[28.298,49.802],[28.156,49.787],[28.098,49.773],[28.018,49.772],[27.985,49.781],[27.96,49.78],[27.933,49.769],[27.9227,49.7687],[27.9201,49.7661],[27.92,49.766],[27.895,49.757],[27.852,49.752],[27.818,49.742],[27.8188,49.7345],[27.838,49.731],[27.837,49.728],[27.808,49.709],[27.764,49.696],[27.767,49.667],[27.813,49.645],[27.785,49.596],[27.762,49.583],[27.788,49.561],[27.795,49.53],[27.774,49.519],[27.745,49.529],[27.737,49.495],[27.79,49.493],[27.765,49.477],[27.751,49.441],[27.806,49.44],[27.828,49.423],[27.846,49.432],[27.852,49.428],[27.8512,49.4216],[27.851,49.42],[27.8506,49.4197],[27.837,49.409],[27.835,49.391],[27.813,49.387],[27.816,49.356],[27.859,49.329],[27.864,49.294],[27.863,49.278],[27.851,49.265],[27.873,49.25],[27.859,49.236],[27.869,49.215],[27.883,49.216],[27.8864,49.2143],[27.8888,49.2131]]]},"properties":{"oblast":"UA05"}},
{"type":"Feature","geometry":{"type":"Polygon","coordinates":[[[24.0955,50.6345],[24.097,50.638],[24.117,50.649],[24.152,50.646],[24.173,50.635],[24.179,50.619],[24.205,50.612],[24.231,50.584],[24.318,50.575],[24.323,50.601],[24.402,50.591],[24.407,50.561],[24.451,50.54],[24.488,50.557],[24.517,50.557],[24.531,50.553],[24.5411,50.5423],[24.54,50.542],[24.54,50.54],[24.547,50.534],[24.554,50.493],[24.563,50.488],[24.583,50.49],[24.59,50.488],[24.593,50.478],[24.596,50.478],[24.597,50.467],[24.58,50.459],[24.598,50.455],[24.596,50.413],[24.673,50.398],[24.721,50.373],[24.714,50.342],[24.767,50.337],[24.79,50.345],[24.86,50.349],[24.938,50.345],[24.941,50.364],[24.931,50.378],[24.938,50.382],[24.941,50.388],[25.016,50.341],[25.056,50.341],[25.053,50.3],[25.055,50.2996],[25.057,50.2993],[25.064,50.298],[25.077,50.292],[25.084,50.292],[25.1117,50.2863],[25.113,50.286],[25.114,50.287],[25.1137,50.2881],[25.112,50.295],[25.108,50.299],[25.11,50.311],[25.167,50.33],[25.143,50.369],[25.184,50.363],[25.21,50.372],[25.174,50.402],[25.146,50.438],[25.162,50.503],[25.145,50.522],[25.123,50.529],[25.123,50.553],[25.133,50.548],[25.15,50.546],[25.271,50.532],[25.311,50.545],[25.319,50.585],[25.293,50.612],[25.399,50.606],[25.388,50.63],[25.363,50.64],[25.359,50.648],[25.37,50.653],[25.38,50.65],[25.388,50.657],[25.389,50.675],[25.415,50.665],[25.461,50.661],[25.514,50.684],[25.628,50.713],[25.693,50.724],[25.694,50.703],[25.743,50.669],[25.792,50.666],[25.815,50.637],[25.817,50.627],[25.826,50.619],[25.8269,50.619],[25.8294,50.621],[25.842,50.631],[25.822,50.647],[25.869,50.688],[25.877,50.707],[25.871,50.741],[25.886,50.765],[25.9,50.831],[26.015,50.825],[26.035,50.851],[25.991,50.865],[26,50.935],[25.966,50.956],[25.966,50.958],[25.984,50.962],[25.992,50.962],[26,50.966],[26.045,50.973],[26.083,50.974],[26.078,50.99],[26.085,51.004],[26.106,51.006],[26.091,51.049],[26.017,51.082],[25.942,51.083],[25.959,51.127],[26.005,51.126],[26.058,51.144],[26.057,51.173],[26.065,51.177],[26.058,51.183],[26.058,51.185],[26.058,51.1857],[26.052,51.191],[25.996,51.229],[25.947,51.233],[25.948,51.252],[25.942,51.253],[25.936,51.271],[25.922,51.287],[25.878,51.307],[25.877,51.316],[25.848,51.321],[25.831,51.334],[25.832,51.388],[25.807,51.376],[25.756,51.382],[25.761,51.401],[25.724,51.401],[25.7,51.396],[25.672,51.418],[25.647,51.418],[25.642,51.48],[25.611,51.508],[25.556,51.502],[25.551,51.519],[25.596,51.524],[25.566,51.54],[25.597,51.561],[25.6,51.581],[25.585,51.596],[25.58,51.61],[25.565,51.604],[25.556,51.625],[25.589,51.643],[25.609,51.64],[25.65,51.693],[25.65,51.708],[25.684,51.757],[25.645,51.799],[25.651,51.818],[25.641,51.848],[25.646,51.852],[25.65,51.851],[25.65,51.855],[25.656,51.859],[25.668,51.873],[25.689,51.88],[25.709,51.896],[25.677,51.903],[25.629,51.904],[25.593,51.926],[25.528,51.941],[25.509,51.923],[25.41,51.923],[25.345,51.933],[25.264,51.97],[25.234,51.962],[25.191,51.97],[25.141,51.954],[25.1,51.954],[25.021,51.92],[24.994,51.916],[24.965,51.899],[24.9342,51.893],[24.915,51.918],[24.844,51.897],[24.81,51.913],[24.75,51.882],[24.712,51.898],[24.672,51.894],[24.625,51.904],[24.565,51.89],[24.478,51.883],[24.387,51.883],[24.298,51.815],[24.294,51.799],[24.318,51.751],[24.268,51.717],[24.12,51.668],[24.076,51.62],[24.029,51.604],[23.996,51.581],[23.881,51.608],[23.914,51.632],[23.861,51.644],[23.789,51.641],[23.783,51.669],[23.697,51.65],[23.678,51.654],[23.605,51.622],[23.625,51.598],[23.659,51.585],[23.635,51.548],[23.671,51.519],[23.649,51.507],[23.669,51.483],[23.648,51.446],[23.68,51.438],[23.698,51.404],[23.681,51.397],[23.661,51.36],[23.635,51.318],[23.647,51.287],[23.681,51.29],[23.723,51.26],[23.738,51.211],[23.807,51.185],[23.821,51.163],[23.861,51.157],[23.849,51.125],[23.87,51.093],[23.904,51.073],[23.912,51.041],[23.914,51.039],[23.92,51.038],[23.92,51.036],[23.923,51.036],[23.915,51.005],[23.964,50.979],[23.969,50.95],[24.025,50.915],[24.052,50.89],[24.087,50.888],[24.131,50.849],[24.079,50.836],[24.003,50.842],[23.976,50.828],[23.962,50.798],[23.968,50.774],[24.017,50.764],[24.018,50.729],[24.07,50.717],[24.061,50.677],[24.085,50.67],[24.088,50.634],[24.095,50.634],[24.0955,50.6345]]]},"properties":{"oblast":"UA07"}},
{"type":"Feature","geometry":{"type":"Polygon","coordinates":[[[34.292,48.725],[34.292,48.727],[34.296,48.738],[34.286,48.743],[34.25,48.743],[34.171,48.777],[34.125,48.784],[34.126,48.814],[34.074,48.823],[34.034,48.843],[34.012,48.866],[33.981,48.865],[33.946,48.878],[33.93,48.879],[33.926,48.879],[33.92,48.882],[33.901,48.894],[33.8946,48.8998],[33.875,48.84],[33.862,48.835],[33.852,48.802],[33.852,48.77],[33.818,48.775],[33.794,48.793],[33.725,48.788],[33.72,48.809],[33.66,48.792],[33.617,48.787],[33.584,48.796],[33.583,48.765],[33.594,48.749],[33.609,48.752],[33.619,48.728],[33.682,48.724],[33.751,48.682],[33.806,48.689],[33.803,48.662],[33.757,48.657],[33.765,48.626],[33.701,48.605],[33.662,48.585],[33.649,48.599],[33.61,48.599],[33.624,48.566],[33.584,48.575],[33.511,48.567],[33.483,48.557],[33.471,48.533],[33.49,48.441],[33.488,48.406],[33.469,48.387],[33.469,48.371],[33.461,48.356],[33.479,48.35],[33.474,48.331],[33.519,48.329],[33.511,48.295],[33.531,48.276],[33.536,48.253],[33.541,48.253],[33.5459,48.2375],[33.545,48.237],[33.545,48.235],[33.484,48.215],[33.478,48.195],[33.43,48.19],[33.431,48.171],[33.315,48.159],[33.292,48.151],[33.306,48.127],[33.293,48.103],[33.278,48.104],[33.272,48.155],[33.243,48.174],[33.212,48.171],[33.2136,48.1619],[33.2148,48.162],[33.215,48.162],[33.233,48.126],[33.226,48.091],[33.154,48.083],[33.151,48.065],[33.155,48.042],[33.147,48.041],[33.142,48.063],[33.108,48.06],[33.109,48.041],[33.038,48.033],[33.021,47.984],[33.0059,47.9882],[33.006,47.988],[32.996,47.984],[33.014,47.911],[33.079,47.921],[33.056,47.831],[33.067,47.783],[33.073,47.738],[32.974,47.722],[32.998,47.614],[32.987,47.592],[33.096,47.598],[33.0935,47.5798],[33.0932,47.5778],[33.165,47.568],[33.177,47.567],[33.237,47.571],[33.217,47.549],[33.216,47.531],[33.242,47.529],[33.309,47.501],[33.314,47.482],[33.35,47.493],[33.327,47.522],[33.487,47.543],[33.476,47.587],[33.58,47.599],[33.591,47.573],[33.58,47.531],[33.587,47.502],[33.635,47.513],[33.643,47.484],[33.939,47.515],[33.95,47.461],[34.006,47.456],[34.016,47.4586],[34.016,47.4605],[34.016,47.461],[34.074,47.472],[34.1139,47.4755],[34.1159,47.4757],[34.1387,47.4777],[34.139,47.478],[34.154,47.481],[34.234,47.495],[34.3,47.52],[34.469,47.533],[34.528,47.555],[34.572,47.563],[34.645,47.561],[34.741,47.539],[34.798,47.538],[34.862,47.516],[34.899,47.519],[34.938,47.528],[34.9437,47.5305],[34.944,47.531],[34.955,47.537],[34.965,47.55],[34.958,47.564],[34.928,47.589],[34.941,47.603],[34.915,47.633],[34.905,47.675],[34.937,47.678],[34.929,47.713],[34.964,47.741],[34.957,47.768],[34.893,47.759],[34.878,47.819],[34.902,47.83],[34.87,47.85],[34.863,47.879],[34.817,47.863],[34.801,47.917],[34.917,47.934],[34.904,47.985],[34.869,47.981],[34.846,48.013],[34.8459,48.0134],[34.848,48.014],[34.8479,48.0147],[34.84,48.05],[34.877,48.054],[34.856,48.132],[34.915,48.13],[34.909,48.104],[34.914,48.09],[34.93,48.089],[35.039,48.097],[35.058,48.12],[35.101,48.131],[35.154,48.128],[35.18,48.13],[35.195,48.139],[35.21,48.139],[35.22,48.142],[35.239,48.134],[35.249,48.134],[35.303,48.141],[35.338,48.122],[35.36,48.121],[35.416,48.109],[35.421,48.099],[35.446,48.101],[35.483,48.094],[35.518,48.094],[35.523,48.074],[35.583,48.093],[35.703,48.139],[35.742,48.095],[35.805,48.099],[35.816,48.065],[35.921,48.081],[35.967,48.094],[35.975,48.042],[36.052,48.058],[36.061,48],[36.084,47.929],[36.109,47.924],[36.129,47.89],[36.088,47.862],[36.101,47.842],[36.18,47.85],[36.178,47.856],[36.196,47.858],[36.187,47.842],[36.189,47.836],[36.193,47.835],[36.1967,47.8322],[36.197,47.834],[36.199,47.834],[36.267,47.834],[36.276,47.816],[36.377,47.831],[36.476,47.825],[36.52,47.837],[36.5835,47.8482],[36.5858,47.8486],[36.578,47.88],[36.55,47.878],[36.543,47.905],[36.641,47.919],[36.629,47.963],[36.585,47.961],[36.576,48.012],[36.592,48.019],[36.579,48.039],[36.589,48.081],[36.616,48.086],[36.652,48.087],[36.649,48.094],[36.714,48.079],[36.743,48.049],[36.803,48.047],[36.813,48.039],[36.832,48.034],[36.855,48.034],[36.859,48.051],[36.883,48.061],[36.8836,48.0622],[36.8842,48.0634],[36.886,48.067],[36.897,48.077],[36.874,48.183],[36.938,48.193],[36.913,48.31],[36.872,48.318],[36.818,48.314],[36.81,48.345],[36.829,48.369],[36.822,48.404],[36.852,48.416],[36.831,48.484],[36.858,48.486],[36.852,48.517],[36.908,48.521],[36.905,48.53],[36.9047,48.532],[36.903,48.544],[36.872,48.551],[36.86,48.57],[36.789,48.568],[36.78,48.601],[36.746,48.598],[36.74,48.627],[36.7396,48.627],[36.7371,48.6267],[36.713,48.624],[36.705,48.624],[36.672,48.626],[36.654,48.61],[36.591,48.604],[36.483,48.665],[36.423,48.613],[36.38,48.571],[36.39,48.565],[36.355,48.541],[36.324,48.557],[36.2969,48.5321],[36.2951,48.5305],[36.27,48.544],[36.318,48.587],[36.269,48.608],[36.26,48.616],[36.25,48.62],[36.259,48.624],[36.265,48.647],[36.282,48.658],[36.243,48.673],[36.143,48.723],[36.16,48.749],[36.157,48.784],[36.129,48.805],[36.107,48.808],[36.065,48.807],[36.075,48.832],[36.018,48.854],[36.038,48.873],[36.011,48.887],[36.042,48.916],[35.995,48.938],[35.988,48.969],[35.939,48.998],[35.944,48.977],[35.828,48.946],[35.821,48.939],[35.81,48.939],[35.814,48.932],[35.816,48.931],[35.8156,48.9298],[35.815,48.928],[35.8149,48.928],[35.809,48.926],[35.801,48.926],[35.788,48.946],[35.764,48.954],[35.691,48.944],[35.696,48.965],[35.648,48.973],[35.627,48.982],[35.564,48.973],[35.512,48.98],[35.484,48.972],[35.428,49.01],[35.41,49.011],[35.399,49.018],[35.401,49.029],[35.385,49.026],[35.379,49.032],[35.375,49.031],[35.372,49.034],[35.366,49.036],[35.362,49.041],[35.351,49.04],[35.342,49.044],[35.301,49.071],[35.31,49.087],[35.277,49.089],[35.268,49.095],[35.268,49.104],[35.258,49.112],[35.23,49.1],[35.19,49.116],[35.208,49.119],[35.21,49.125],[35.215,49.127],[35.2,49.135],[35.189,49.137],[35.187,49.162],[35.16,49.16],[35.146,49.149],[35.131,49.153],[35.12,49.161],[35.111,49.156],[35.097,49.155],[35.087,49.146],[35.093,49.143],[35.086,49.14],[35.082,49.141],[35.068,49.165],[35.044,49.154],[35.041,49.155],[35.033,49.152],[35.0181,49.1501],[35.017,49.149],[35.01,49.148],[35.011,49.151],[35.005,49.154],[34.976,49.18],[34.947,49.191],[34.899,49.148],[34.853,49.19],[34.822,49.187],[34.805,49.167],[34.777,49.175],[34.765,49.149],[34.708,49.129],[34.649,49.13],[34.637,49.123],[34.625,49.124],[34.625,49.122],[34.6238,49.1212],[34.622,49.12],[34.608,49.115],[34.601,49.108],[34.59,49.104],[34.567,49.082],[34.575,49.062],[34.543,49.053],[34.465,49.063],[34.411,49.09],[34.406,49.075],[34.417,49.054],[34.333,49.008],[34.354,48.983],[34.313,48.941],[34.301,48.896],[34.338,48.872],[34.33,48.821],[34.298,48.82],[34.299,48.786],[34.315,48.738],[34.304,48.734],[34.308,48.729],[34.294,48.722],[34.2933,48.7223],[34.292,48.723],[34.292,48.725]]]},"properties":{"oblast":"UA12"}},
{"type":"Feature","geometry":{"type":"Polygon","coordinates":[[[38.038,48.924],[38.038,48.926],[38.0376,48.9262],[38.033,48.928],[38.037,48.929],[38.038,48.931],[38.036,48.933],[38.037,48.936],[38.022,48.934],[38.007,48.947],[38.029,48.973],[38.053,48.985],[38.077,48.991],[38.1,48.992],[38.099,49],[38.063,49.062],[38.083,49.148],[38.064,49.148],[38.052,49.151],[38.045,49.151],[38.0446,49.1496],[38.042,49.141],[38.041,49.126],[37.979,49.13],[37.926,49.143],[37.892,49.16],[37.892,49.176],[37.933,49.192],[37.922,49.205],[37.924,49.208],[37.933,49.214],[37.939,49.215],[37.889,49.211],[37.872,49.223],[37.8729,49.2328],[37.861,49.232],[37.851,49.221],[37.844,49.2],[37.797,49.201],[37.712,49.219],[37.614,49.232],[37.569,49.23],[37.549,49.212],[37.514,49.199],[37.504,49.187],[37.554,49.168],[37.586,49.125],[37.547,49.111],[37.489,49.102],[37.507,49.069],[37.482,49.057],[37.418,49.06],[37.385,49.047],[37.374,48.995],[37.345,49.002],[37.296,48.969],[37.333,48.936],[37.329,48.921],[37.27,48.922],[37.267,48.905],[37.225,48.903],[37.217,48.889],[37.198,48.88],[37.191,48.869],[37.196,48.85],[37.193,48.814],[37.099,48.85],[37.079,48.817],[37.024,48.817],[36.997,48.788],[37.044,48.767],[37.037,48.745],[36.966,48.793],[36.855,48.799],[36.84,48.772],[36.788,48.78],[36.783,48.79],[36.734,48.804],[36.7214,48.8053],[36.7188,48.8055],[36.702,48.785],[36.688,48.777],[36.691,48.769],[36.708,48.767],[36.715,48.735],[36.734,48.704],[36.717,48.69],[36.717,48.684],[36.714,48.678],[36.717,48.678],[36.717,48.672],[36.726,48.659],[36.721,48.655],[36.733,48.645],[36.7371,48.6267],[36.7396,48.627],[36.74,48.627],[36.746,48.598],[36.78,48.601],[36.789,48.568],[36.86,48.57],[36.872,48.551],[36.903,48.544],[36.9047,48.532],[36.905,48.53],[36.908,48.521],[36.852,48.517],[36.858,48.486],[36.831,48.484],[36.852,48.416],[36.822,48.404],[36.829,48.369],[36.81,48.345],[36.818,48.314],[36.872,48.318],[36.913,48.31],[36.938,48.193],[36.874,48.183],[36.897,48.077],[36.886,48.067],[36.8842,48.0634],[36.8836,48.0622],[36.883,48.061],[36.859,48.051],[36.855,48.034],[36.832,48.034],[36.813,48.039],[36.803,48.047],[36.743,48.049],[36.714,48.079],[36.649,48.094],[36.652,48.087],[36.616,48.086],[36.589,48.081],[36.579,48.039],[36.592,48.019],[36.576,48.012],[36.585,47.961],[36.629,47.963],[36.641,47.919],[36.543,47.905],[36.55,47.878],[36.578,47.88],[36.5858,47.8486],[36.605,47.852],[36.609,47.839],[36.589,47.816],[36.589,47.786],[36.672,47.795],[36.686,47.732],[36.701,47.733],[36.714,47.68],[36.789,47.686],[36.756,47.661],[36.72,47.658],[36.726,47.632],[36.767,47.635],[36.764,47.602],[36.831,47.625],[36.894,47.546],[36.945,47.577],[36.967,47.555],[37.002,47.54],[37.02,47.554],[37.028,47.549],[37.075,47.494],[37.085,47.497],[37.157,47.456],[37.191,47.47],[37.246,47.47],[37.2456,47.4693],[37.2445,47.467],[37.241,47.46],[37.25,47.458],[37.232,47.436],[37.196,47.373],[37.204,47.355],[37.162,47.34],[37.145,47.38],[37.108,47.375],[37.123,47.339],[37.085,47.314],[37.037,47.299],[37.026,47.314],[36.946,47.31],[36.936,47.294],[36.95,47.229],[36.964,47.201],[36.93,47.206],[36.893,47.199],[36.8578,47.1981],[36.857,47.195],[36.865,47.186],[36.887,47.1755],[36.95,47.16],[36.975,47.141],[36.983,47.126],[37.004,47.127],[37.014,47.089],[36.99,47.079],[37.081,47.049],[37.099,47.06],[37.126,47.038],[37.091,47.008],[37.142,46.983],[37.103,46.959],[37.092,46.967],[37.023,46.928],[37.063,46.885],[37.063,46.8833],[37.081,46.888],[37.102,46.896],[37.134,46.909],[37.161,46.912],[37.19,46.932],[37.24,46.95],[37.274,46.94],[37.317,46.913],[37.335,46.887],[37.397,46.952],[37.437,46.983],[37.487,47.037],[37.526,47.049],[37.528,47.074],[37.589,47.075],[37.628,47.093],[37.694,47.079],[37.767,47.087],[37.798,47.084],[37.877,47.106],[37.898,47.11],[37.984,47.085],[37.994,47.098],[38.04,47.09],[38.065,47.11],[38.117,47.084],[38.138,47.049],[38.185,47.093],[38.226,47.118],[38.238,47.141],[38.234,47.229],[38.289,47.238],[38.326,47.256],[38.337,47.307],[38.222,47.306],[38.224,47.334],[38.257,47.372],[38.288,47.373],[38.304,47.391],[38.303,47.476],[38.29,47.477],[38.286,47.543],[38.308,47.545],[38.312,47.575],[38.352,47.576],[38.352,47.616],[38.356,47.616],[38.358,47.616],[38.458,47.616],[38.458,47.643],[38.617,47.644],[38.631,47.668],[38.667,47.669],[38.667,47.698],[38.735,47.699],[38.773,47.684],[38.777,47.734],[38.79,47.736],[38.79,47.815],[38.829,47.814],[38.827,47.846],[38.844,47.851],[38.844,47.8641],[38.878,47.866],[38.913,47.875],[38.953,47.868],[39.075,47.869],[39.066,47.896],[39.092,47.939],[39.075,47.954],[39.04,47.957],[39.041,48.008],[38.862,48.016],[38.826,48.031],[38.823,48.056],[38.829,48.066],[38.807,48.07],[38.818,48.084],[38.808,48.089],[38.821,48.117],[38.768,48.133],[38.665,48.151],[38.603,48.173],[38.614,48.205],[38.599,48.215],[38.59,48.228],[38.591,48.236],[38.589,48.236],[38.589,48.2377],[38.589,48.238],[38.5907,48.2397],[38.591,48.24],[38.589,48.243],[38.592,48.253],[38.589,48.259],[38.569,48.271],[38.429,48.279],[38.429,48.293],[38.435,48.296],[38.428,48.306],[38.436,48.315],[38.438,48.324],[38.435,48.339],[38.457,48.342],[38.488,48.361],[38.438,48.396],[38.44,48.42],[38.434,48.432],[38.436,48.438],[38.434,48.441],[38.435,48.444],[38.4343,48.4477],[38.434,48.447],[38.433,48.4468],[38.402,48.439],[38.403,48.433],[38.3948,48.431],[38.3929,48.4305],[38.383,48.428],[38.372,48.442],[38.344,48.436],[38.31,48.455],[38.301,48.488],[38.292,48.489],[38.292,48.497],[38.305,48.496],[38.318,48.509],[38.284,48.536],[38.275,48.54],[38.278,48.548],[38.263,48.636],[38.228,48.633],[38.225,48.654],[38.264,48.658],[38.307,48.683],[38.324,48.715],[38.319,48.733],[38.283,48.736],[38.262,48.75],[38.282,48.774],[38.278,48.804],[38.317,48.807],[38.313,48.827],[38.271,48.824],[38.228,48.859],[38.227,48.935],[38.199,48.927],[38.117,48.926],[38.091,48.939],[38.065,48.936],[38.054,48.939],[38.045,48.934],[38.039,48.924],[38.038,48.924]]]},"properties":{"oblast":"UA14"}},
{"type":"Feature","geometry":{"type":"Polygon","coordinates":[[[29.5049,49.6505],[29.512,49.662],[29.488,49.668],[29.49,49.709],[29.445,49.712],[29.461,49.762],[29.438,49.805],[29.4405,49.8042],[29.448,49.802],[29.47,49.813],[29.48,49.802],[29.497,49.813],[29.496,49.821],[29.492,49.825],[29.513,49.83],[29.593,49.84],[29.621,49.851],[29.641,49.868],[29.656,49.866],[29.668,49.874],[29.6525,49.8785],[29.651,49.879],[29.649,49.8789],[29.633,49.878],[29.643,49.897],[29.729,49.932],[29.736,49.943],[29.723,49.959],[29.733,49.962],[29.713,49.972],[29.718,49.98],[29.697,49.992],[29.692,50.005],[29.682,50.015],[29.68,50.027],[29.674,50.032],[29.696,50.043],[29.698,50.069],[29.649,50.106],[29.66,50.127],[29.689,50.143],[29.693,50.152],[29.645,50.18],[29.689,50.227],[29.69,50.277],[29.677,50.297],[29.683,50.31],[29.692,50.309],[29.6923,50.3138],[29.6925,50.3158],[29.693,50.324],[29.674,50.321],[29.627,50.331],[29.643,50.358],[29.63,50.374],[29.59,50.376],[29.591,50.401],[29.561,50.423],[29.479,50.414],[29.498,50.434],[29.512,50.47],[29.508,50.501],[29.462,50.517],[29.503,50.546],[29.498,50.593],[29.448,50.621],[29.524,50.661],[29.533,50.679],[29.55,50.692],[29.567,50.692],[29.587,50.708],[29.599,50.73],[29.59,50.733],[29.587,50.74],[29.5805,50.7408],[29.58,50.743],[29.583,50.748],[29.576,50.755],[29.576,50.759],[29.57,50.764],[29.573,50.766],[29.573,50.77],[29.571,50.77],[29.571,50.7714],[29.571,50.772],[29.5692,50.7718],[29.562,50.771],[29.549,50.773],[29.544,50.777],[29.511,50.771],[29.511,50.783],[29.519,50.788],[29.515,50.794],[29.499,50.838],[29.522,50.867],[29.514,50.88],[29.472,50.904],[29.468,50.926],[29.413,50.95],[29.415,50.983],[29.462,50.981],[29.477,50.98],[29.468,50.987],[29.466,50.993],[29.47,51.01],[29.468,51.018],[29.477,51.031],[29.513,51.061],[29.459,51.09],[29.428,51.125],[29.35,51.161],[29.306,51.158],[29.269,51.263],[29.311,51.275],[29.355,51.273],[29.368,51.307],[29.397,51.327],[29.394,51.38],[29.36,51.377],[29.36,51.386],[29.358,51.3859],[29.345,51.385],[29.34,51.387],[29.322,51.395],[29.31,51.455],[29.276,51.46],[29.252,51.503],[29.262,51.527],[29.253,51.568],[29.217,51.568],[29.205,51.608],[29.176,51.652],[29.115,51.658],[29.09,51.629],[29.062,51.622],[29.03,51.591],[28.983,51.574],[28.97,51.593],[28.909,51.591],[28.867,51.571],[28.816,51.558],[28.761,51.488],[28.78,51.457],[28.749,51.425],[28.719,51.451],[28.685,51.445],[28.652,51.523],[28.648,51.574],[28.555,51.573],[28.513,51.592],[28.467,51.594],[28.391,51.551],[28.363,51.543],[28.343,51.578],[28.282,51.625],[28.254,51.627],[28.271,51.671],[28.26,51.682],[28.171,51.646],[28.149,51.606],[28.117,51.585],[28.049,51.568],[27.946,51.559],[27.922,51.579],[27.923,51.607],[27.859,51.633],[27.824,51.576],[27.847,51.544],[27.806,51.534],[27.769,51.493],[27.742,51.478],[27.711,51.499],[27.698,51.499],[27.685,51.51],[27.6716,51.5175],[27.669,51.519],[27.662,51.518],[27.667,51.498],[27.646,51.498],[27.624,51.484],[27.578,51.479],[27.582,51.429],[27.534,51.432],[27.503,51.453],[27.491,51.409],[27.494,51.374],[27.525,51.366],[27.521,51.342],[27.489,51.316],[27.44,51.312],[27.468,51.247],[27.416,51.203],[27.4,51.202],[27.402,51.188],[27.405,51.187],[27.393,51.172],[27.396,51.17],[27.363,51.144],[27.366,51.098],[27.353,51.088],[27.335,51.089],[27.3333,51.0839],[27.333,51.083],[27.3342,51.0827],[27.335,51.0825],[27.335,51.082],[27.324,51.08],[27.326,51.069],[27.319,51.052],[27.326,51.041],[27.279,51.039],[27.271,51.031],[27.23,51.022],[27.227,51.007],[27.201,51],[27.2034,50.9921],[27.204,50.992],[27.239,50.946],[27.238,50.934],[27.217,50.925],[27.222,50.914],[27.251,50.901],[27.258,50.897],[27.257,50.893],[27.254,50.881],[27.245,50.87],[27.25,50.857],[27.236,50.84],[27.235,50.796],[27.244,50.771],[27.271,50.764],[27.274,50.712],[27.245,50.672],[27.223,50.672],[27.215,50.639],[27.199,50.62],[27.226,50.606],[27.216,50.588],[27.232,50.566],[27.1979,50.5611],[27.198,50.561],[27.197,50.553],[27.208,50.533],[27.26,50.514],[27.264,50.51],[27.263,50.496],[27.302,50.494],[27.291,50.455],[27.26,50.424],[27.25,50.393],[27.322,50.369],[27.316,50.333],[27.371,50.329],[27.418,50.308],[27.414,50.277],[27.482,50.258],[27.49,50.24],[27.527,50.226],[27.542,50.247],[27.598,50.26],[27.594,50.217],[27.609,50.215],[27.612,50.196],[27.617,50.199],[27.621,50.199],[27.624,50.2],[27.623,50.196],[27.624,50.175],[27.641,50.173],[27.636,50.189],[27.6556,50.1934],[27.657,50.192],[27.658,50.1922],[27.662,50.193],[27.661,50.191],[27.661,50.17],[27.63,50.147],[27.614,50.086],[27.668,50.077],[27.681,50.048],[27.67,50.026],[27.641,50.038],[27.611,50.007],[27.581,50.019],[27.567,50.019],[27.546,50.013],[27.565,49.959],[27.547,49.936],[27.5479,49.9093],[27.5499,49.909],[27.55,49.909],[27.561,49.903],[27.562,49.91],[27.57,49.911],[27.577,49.905],[27.626,49.891],[27.612,49.876],[27.63,49.833],[27.656,49.803],[27.667,49.809],[27.696,49.81],[27.718,49.807],[27.728,49.801],[27.725,49.79],[27.705,49.77],[27.758,49.752],[27.774,49.735],[27.793,49.728],[27.816,49.735],[27.8168,49.7349],[27.8188,49.7345],[27.818,49.742],[27.852,49.752],[27.895,49.757],[27.92,49.766],[27.9201,49.7661],[27.9227,49.7687],[27.933,49.769],[27.96,49.78],[27.985,49.781],[28.018,49.772],[28.098,49.773],[28.156,49.787],[28.298,49.802],[28.379,49.781],[28.406,49.793],[28.431,49.822],[28.47,49.824],[28.482,49.808],[28.53,49.821],[28.57,49.775],[28.601,49.783],[28.601,49.811],[28.635,49.818],[28.687,49.806],[28.706,49.811],[28.734,49.803],[28.75,49.845],[28.784,49.844],[28.843,49.861],[28.857,49.89],[28.899,49.883],[28.907,49.862],[28.955,49.84],[28.971,49.803],[28.965,49.756],[29.001,49.742],[29.006,49.726],[28.959,49.684],[29.011,49.633],[28.987,49.606],[28.9865,49.6031],[28.997,49.597],[29.027,49.591],[29.149,49.594],[29.213,49.589],[29.241,49.604],[29.275,49.591],[29.275,49.628],[29.354,49.629],[29.379,49.621],[29.395,49.648],[29.409,49.66],[29.431,49.663],[29.481,49.651],[29.484,49.655],[29.499,49.652],[29.5049,49.6505]]]},"properties":{"oblast":"UA18"}},
{"type":"Feature","geometry":{"type":"Polygon","coordinates":[[[23.267,48.1],[23.268,48.085],[23.285,48.071],[23.295,48.043],[23.334,48.038],[23.347,48.02],[23.416,47.986],[23.494,47.967],[23.523,47.996],[23.528,48.016],[23.53,48.018],[23.5297,48.0196],[23.531,48.02],[23.532,48.016],[23.539,48.01],[23.565,48.002],[23.615,48.008],[23.672,47.985],[23.752,47.997],[23.819,47.982],[23.854,47.935],[23.939,47.946],[23.949,47.954],[23.95,47.9619],[23.966,47.961],[24.008,47.967],[24.031,47.948],[24.062,47.953],[24.098,47.936],[24.111,47.914],[24.195,47.916],[24.228,47.896],[24.298,47.91],[24.325,47.925],[24.349,47.914],[24.383,47.926],[24.393,47.952],[24.435,47.969],[24.501,47.951],[24.553,47.958],[24.557,47.963],[24.5626,47.9679],[24.566,47.971],[24.575,48.014],[24.628,48.046],[24.596,48.092],[24.558,48.108],[24.56,48.113],[24.5564,48.1173],[24.556,48.117],[24.5534,48.1175],[24.539,48.12],[24.536,48.122],[24.53,48.122],[24.499,48.161],[24.538,48.225],[24.52,48.236],[24.484,48.243],[24.488,48.278],[24.459,48.291],[24.428,48.318],[24.415,48.325],[24.417,48.331],[24.392,48.334],[24.35,48.358],[24.351,48.38],[24.332,48.388],[24.319,48.388],[24.305,48.396],[24.282,48.392],[24.29,48.382],[24.26,48.349],[24.186,48.363],[24.178,48.364],[24.1778,48.3646],[24.1771,48.3668],[24.177,48.367],[24.164,48.383],[24.149,48.393],[24.14,48.408],[24.145,48.434],[24.134,48.436],[24.129,48.441],[24.124,48.466],[24.127,48.469],[24.139,48.481],[24.115,48.495],[24.13,48.529],[24.1306,48.5294],[24.13,48.53],[24.123,48.533],[24.111,48.533],[24.103,48.524],[24.089,48.519],[24.067,48.517],[24.046,48.511],[24.035,48.5],[24,48.503],[23.983,48.48],[23.982,48.465],[23.966,48.457],[23.925,48.464],[23.911,48.472],[23.907,48.48],[23.908,48.486],[23.918,48.494],[23.916,48.508],[23.922,48.513],[23.913,48.534],[23.918,48.543],[23.927,48.552],[23.865,48.553],[23.863,48.5533],[23.859,48.5538],[23.857,48.554],[23.845,48.558],[23.834,48.573],[23.803,48.58],[23.79,48.593],[23.795,48.6],[23.786,48.605],[23.785,48.611],[23.793,48.616],[23.796,48.631],[23.789,48.64],[23.745,48.646],[23.703,48.638],[23.636,48.685],[23.626,48.706],[23.598,48.704],[23.593,48.716],[23.571,48.724],[23.552,48.723],[23.5476,48.7239],[23.54,48.722],[23.538,48.724],[23.525,48.726],[23.512,48.734],[23.493,48.721],[23.43,48.725],[23.376,48.744],[23.362,48.77],[23.342,48.756],[23.326,48.752],[23.318,48.752],[23.317,48.752],[23.3165,48.754],[23.316,48.756],[23.313,48.759],[23.29,48.773],[23.27,48.761],[23.201,48.759],[23.189,48.782],[23.153,48.83],[23.133,48.833],[23.13,48.84],[23.1345,48.8445],[23.135,48.846],[23.132,48.852],[23.088,48.86],[23.086,48.854],[23.066,48.853],[23.058,48.845],[23.051,48.85],[23.04,48.85],[23.021,48.847],[23.001,48.83],[22.971,48.849],[22.97,48.874],[22.939,48.883],[22.903,48.9],[22.89,48.911],[22.889,48.918],[22.8859,48.9234],[22.885,48.925],[22.877,48.932],[22.871,48.946],[22.873,48.958],[22.918,48.97],[22.918,48.981],[22.898,49.004],[22.878,48.999],[22.867,49.002],[22.867,49.004],[22.847,49.004],[22.835,49.025],[22.766,49.055],[22.687,49.041],[22.639,49.061],[22.632,49.077],[22.587,49.098],[22.552,49.08],[22.544,49.007],[22.476,48.992],[22.428,48.932],[22.42,48.885],[22.394,48.878],[22.375,48.833],[22.386,48.8],[22.345,48.767],[22.359,48.739],[22.339,48.685],[22.318,48.683],[22.255,48.649],[22.24,48.628],[22.187,48.61],[22.16,48.568],[22.157,48.525],[22.139,48.447],[22.143,48.403],[22.206,48.425],[22.237,48.409],[22.267,48.36],[22.294,48.356],[22.297,48.354],[22.317,48.354],[22.317,48.351],[22.316,48.344],[22.319,48.339],[22.312,48.325],[22.336,48.307],[22.338,48.278],[22.368,48.244],[22.446,48.243],[22.49,48.252],[22.529,48.212],[22.57,48.195],[22.566,48.172],[22.587,48.14],[22.589,48.108],[22.677,48.091],[22.705,48.109],[22.755,48.12],[22.793,48.116],[22.855,48.078],[22.88,48.037],[22.835,47.99],[22.89,47.956],[22.944,47.971],[22.939,47.996],[22.976,48.009],[23.012,47.99],[23.074,48.008],[23.11,48.034],[23.099,48.044],[23.152,48.112],[23.247,48.091],[23.253,48.1],[23.267,48.1]]]},"properties":{"oblast":"UA21"}},
{"type":"Feature","geometry":{"type":"Polygon","coordinates":[[[36.8578,47.1981],[36.893,47.199],[36.93,47.206],[36.964,47.201],[36.95,47.229],[36.936,47.294],[36.946,47.31],[37.026,47.314],[37.037,47.299],[37.085,47.314],[37.123,47.339],[37.108,47.375],[37.145,47.38],[37.162,47.34],[37.204,47.355],[37.196,47.373],[37.232,47.436],[37.25,47.458],[37.241,47.46],[37.2445,47.467],[37.2456,47.4693],[37.246,47.47],[37.191,47.47],[37.157,47.456],[37.085,47.497],[37.075,47.494],[37.028,47.549],[37.02,47.554],[37.002,47.54],[36.967,47.555],[36.945,47.577],[36.894,47.546],[36.831,47.625],[36.764,47.602],[36.767,47.635],[36.726,47.632],[36.72,47.658],[36.756,47.661],[36.789,47.686],[36.714,47.68],[36.701,47.733],[36.686,47.732],[36.672,47.795],[36.589,47.786],[36.589,47.816],[36.609,47.839],[36.605,47.852],[36.5858,47.8486],[36.5835,47.8482],[36.52,47.837],[36.476,47.825],[36.377,47.831],[36.276,47.816],[36.267,47.834],[36.199,47.834],[36.197,47.834],[36.1967,47.8322],[36.193,47.835],[36.189,47.836],[36.187,47.842],[36.196,47.858],[36.178,47.856],[36.18,47.85],[36.101,47.842],[36.088,47.862],[36.129,47.89],[36.109,47.924],[36.084,47.929],[36.061,48],[36.052,48.058],[35.975,48.042],[35.967,48.094],[35.921,48.081],[35.816,48.065],[35.805,48.099],[35.742,48.095],[35.703,48.139],[35.583,48.093],[35.523,48.074],[35.518,48.094],[35.483,48.094],[35.446,48.101],[35.421,48.099],[35.416,48.109],[35.36,48.121],[35.338,48.122],[35.303,48.141],[35.249,48.134],[35.239,48.134],[35.22,48.142],[35.21,48.139],[35.195,48.139],[35.18,48.13],[35.154,48.128],[35.101,48.131],[35.058,48.12],[35.039,48.097],[34.93,48.089],[34.914,48.09],[34.909,48.104],[34.915,48.13],[34.856,48.132],[34.877,48.054],[34.84,48.05],[34.8479,48.0147],[34.848,48.014],[34.8459,48.0134],[34.846,48.013],[34.869,47.981],[34.904,47.985],[34.917,47.934],[34.801,47.917],[34.817,47.863],[34.863,47.879],[34.87,47.85],[34.902,47.83],[34.878,47.819],[34.893,47.759],[34.957,47.768],[34.964,47.741],[34.929,47.713],[34.937,47.678],[34.905,47.675],[34.915,47.633],[34.941,47.603],[34.928,47.589],[34.958,47.564],[34.965,47.55],[34.955,47.537],[34.944,47.531],[34.9437,47.5305],[34.938,47.528],[34.899,47.519],[34.862,47.516],[34.798,47.538],[34.741,47.539],[34.645,47.561],[34.572,47.563],[34.528,47.555],[34.469,47.533],[34.3,47.52],[34.234,47.495],[34.154,47.481],[34.139,47.478],[34.1387,47.4777],[34.142,47.478],[34.1458,47.4769],[34.187,47.465],[34.225,47.451],[34.244,47.434],[34.273,47.362],[34.294,47.275],[34.328,47.291],[34.358,47.295],[34.4,47.288],[34.413,47.324],[34.513,47.336],[34.481,47.314],[34.488,47.281],[34.518,47.285],[34.524,47.268],[34.528,47.268],[34.531,47.25],[34.492,47.246],[34.505,47.177],[34.518,47.12],[34.5181,47.1192],[34.516,47.119],[34.5162,47.118],[34.5186,47.1058],[34.5198,47.1059],[34.554,47.107],[34.568,47.026],[34.592,47.028],[34.6,46.993],[34.625,46.974],[34.682,46.98],[34.686,46.957],[34.737,46.962],[34.753,46.881],[34.805,46.884],[34.817,46.827],[34.759,46.822],[34.769,46.781],[34.735,46.746],[34.66,46.739],[34.626,46.723],[34.633,46.689],[34.682,46.693],[34.684,46.678],[34.747,46.684],[34.757,46.626],[34.714,46.619],[34.724,46.583],[34.748,46.585],[34.758,46.55],[34.892,46.564],[34.891,46.508],[34.947,46.514],[34.957,46.503],[35.022,46.48],[35.056,46.482],[35.071,46.379],[35.058,46.374],[35.073,46.301],[35.102,46.303],[35.102,46.3001],[35.128,46.301],[35.227,46.28],[35.253,46.27],[35.2724,46.265],[35.2753,46.265],[35.2755,46.2652],[35.279,46.265],[35.278,46.2635],[35.284,46.262],[35.412,46.404],[35.445,46.434],[35.59,46.482],[35.653,46.52],[35.729,46.588],[35.827,46.619],[35.861,46.639],[35.92,46.656],[35.9202,46.6562],[35.941,46.66],[35.993,46.66],[36.036,46.667],[36.107,46.655],[36.152,46.668],[36.205,46.664],[36.247,46.637],[36.258,46.603],[36.234,46.572],[36.186,46.531],[36.15,46.524],[36.171,46.498],[36.215,46.532],[36.255,46.577],[36.294,46.631],[36.347,46.687],[36.401,46.718],[36.516,46.753],[36.575,46.762],[36.627,46.781],[36.705,46.781],[36.759,46.764],[36.795,46.743],[36.825,46.709],[36.757,46.667],[36.754,46.626],[36.784,46.638],[36.835,46.691],[36.881,46.787],[36.921,46.825],[36.981,46.86],[37.036,46.87],[37.049,46.878],[37.063,46.883],[37.063,46.8833],[37.063,46.885],[37.023,46.928],[37.092,46.967],[37.103,46.959],[37.142,46.983],[37.091,47.008],[37.126,47.038],[37.099,47.06],[37.081,47.049],[36.99,47.079],[37.014,47.089],[37.004,47.127],[36.983,47.126],[36.975,47.141],[36.95,47.16],[36.887,47.1755],[36.865,47.186],[36.857,47.195],[36.8578,47.1981]]]},"properties":{"oblast":"UA23"}},
{"type":"Feature","geometry":{"type":"Polygon","coordinates":[[[24.5626,47.9679],[24.58,47.966],[24.595,47.954],[24.627,47.948],[24.634,47.924],[24.673,47.896],[24.666,47.871],[24.705,47.839],[24.827,47.82],[24.835,47.779],[24.877,47.752],[24.883,47.723],[24.923,47.726],[24.9232,47.7262],[24.921,47.726],[24.922,47.742],[24.938,47.764],[24.937,47.773],[24.95,47.8],[24.988,47.84],[24.985,47.865],[24.955,47.879],[24.944,47.896],[24.959,47.911],[24.926,47.936],[24.92,47.954],[24.908,47.999],[24.91,48.027],[24.94,48.045],[24.969,48.073],[24.986,48.079],[24.978,48.11],[24.992,48.121],[25.004,48.121],[25.026,48.111],[25.039,48.117],[25.043,48.131],[25.066,48.132],[25.064,48.153],[25.067,48.159],[25.079,48.162],[25.0819,48.1617],[25.0848,48.1615],[25.09,48.161],[25.081,48.172],[25.084,48.18],[25.097,48.187],[25.137,48.192],[25.105,48.225],[25.142,48.247],[25.181,48.248],[25.243,48.316],[25.255,48.315],[25.265,48.322],[25.265,48.327],[25.274,48.328],[25.279,48.339],[25.286,48.346],[25.294,48.347],[25.301,48.356],[25.305,48.357],[25.3066,48.3586],[25.307,48.358],[25.308,48.3583],[25.31,48.359],[25.379,48.391],[25.438,48.401],[25.519,48.397],[25.528,48.391],[25.535,48.39],[25.535,48.387],[25.539,48.384],[25.546,48.384],[25.571,48.377],[25.602,48.377],[25.614,48.38],[25.6209,48.3785],[25.6206,48.381],[25.62,48.386],[25.614,48.39],[25.62,48.413],[25.608,48.409],[25.598,48.412],[25.604,48.418],[25.605,48.465],[25.598,48.501],[25.608,48.524],[25.599,48.542],[25.601,48.571],[25.586,48.59],[25.584,48.635],[25.607,48.655],[25.633,48.668],[25.637,48.668],[25.6376,48.6699],[25.629,48.671],[25.62,48.677],[25.625,48.686],[25.645,48.694],[25.652,48.705],[25.642,48.712],[25.616,48.715],[25.609,48.721],[25.609,48.727],[25.631,48.753],[25.597,48.766],[25.564,48.793],[25.51,48.804],[25.449,48.84],[25.427,48.842],[25.354,48.859],[25.336,48.851],[25.34,48.837],[25.3258,48.837],[25.325,48.837],[25.325,48.839],[25.325,48.843],[25.313,48.846],[25.291,48.844],[25.283,48.862],[25.26,48.866],[25.238,48.865],[25.23,48.848],[25.208,48.851],[25.23,48.889],[25.228,48.909],[25.237,48.92],[25.231,48.932],[25.218,48.926],[25.213,48.921],[25.192,48.922],[25.199,48.914],[25.168,48.893],[25.175,48.882],[25.174,48.873],[25.163,48.864],[25.139,48.868],[25.135,48.871],[25.137,48.877],[25.135,48.89],[25.119,48.916],[25.117,48.924],[25.12,48.929],[25.138,48.935],[25.146,48.945],[25.109,48.963],[25.088,48.983],[25.056,48.99],[25.018,49.01],[24.971,49.009],[24.915,49.044],[24.911,49.05],[24.904,49.049],[24.902,49.056],[24.908,49.08],[24.915,49.084],[24.941,49.082],[24.966,49.073],[24.99,49.072],[24.99,49.085],[24.971,49.096],[24.982,49.117],[24.899,49.128],[24.855,49.178],[24.886,49.199],[24.898,49.216],[24.932,49.235],[24.902,49.241],[24.842,49.262],[24.827,49.285],[24.835,49.359],[24.823,49.384],[24.812,49.388],[24.799,49.381],[24.791,49.381],[24.775,49.377],[24.777,49.382],[24.772,49.393],[24.77,49.431],[24.75,49.449],[24.728,49.48],[24.728,49.491],[24.724,49.494],[24.717,49.493],[24.7155,49.4953],[24.703,49.494],[24.698,49.491],[24.632,49.499],[24.576,49.526],[24.505,49.512],[24.482,49.543],[24.435,49.536],[24.441,49.511],[24.413,49.504],[24.41,49.498],[24.404,49.497],[24.4025,49.4948],[24.402,49.494],[24.4006,49.4937],[24.406,49.482],[24.412,49.474],[24.417,49.473],[24.41,49.446],[24.371,49.436],[24.386,49.394],[24.404,49.368],[24.397,49.359],[24.393,49.334],[24.38,49.31],[24.359,49.323],[24.341,49.311],[24.301,49.317],[24.305,49.276],[24.338,49.291],[24.363,49.28],[24.358,49.263],[24.35,49.262],[24.346,49.245],[24.357,49.232],[24.388,49.227],[24.427,49.231],[24.4427,49.2293],[24.445,49.229],[24.4473,49.2294],[24.435,49.219],[24.439,49.196],[24.436,49.173],[24.416,49.167],[24.383,49.188],[24.284,49.168],[24.235,49.143],[24.2,49.139],[24.172,49.143],[24.149,49.129],[24.139,49.142],[24.11,49.139],[24.1,49.145],[24.058,49.146],[24.037,49.124],[24.024,49.117],[24.013,49.117],[24.013,49.124],[24.001,49.13],[23.9807,49.1346],[23.97,49.137],[23.933,49.121],[23.908,49.099],[23.873,49.109],[23.829,49.112],[23.821,49.108],[23.81,49.109],[23.804,49.105],[23.796,49.107],[23.765,49.121],[23.72,49.093],[23.699,49.1],[23.674,49.035],[23.6,49],[23.567,48.974],[23.587,48.956],[23.563,48.911],[23.577,48.889],[23.609,48.876],[23.583,48.871],[23.559,48.82],[23.58,48.786],[23.579,48.778],[23.57,48.772],[23.557,48.754],[23.55,48.738],[23.551,48.734],[23.549,48.731],[23.55,48.729],[23.5488,48.726],[23.548,48.724],[23.5476,48.7239],[23.552,48.723],[23.571,48.724],[23.593,48.716],[23.598,48.704],[23.626,48.706],[23.636,48.685],[23.703,48.638],[23.745,48.646],[23.789,48.64],[23.796,48.631],[23.793,48.616],[23.785,48.611],[23.786,48.605],[23.795,48.6],[23.79,48.593],[23.803,48.58],[23.834,48.573],[23.845,48.558],[23.857,48.554],[23.859,48.5538],[23.863,48.5533],[23.865,48.553],[23.927,48.552],[23.918,48.543],[23.913,48.534],[23.922,48.513],[23.916,48.508],[23.918,48.494],[23.908,48.486],[23.907,48.48],[23.911,48.472],[23.925,48.464],[23.966,48.457],[23.982,48.465],[23.983,48.48],[24,48.503],[24.035,48.5],[24.046,48.511],[24.067,48.517],[24.089,48.519],[24.103,48.524],[24.111,48.533],[24.123,48.533],[24.13,48.53],[24.1306,48.5294],[24.13,48.529],[24.115,48.495],[24.139,48.481],[24.127,48.469],[24.124,48.466],[24.129,48.441],[24.134,48.436],[24.145,48.434],[24.14,48.408],[24.149,48.393],[24.164,48.383],[24.177,48.367],[24.1771,48.3668],[24.1778,48.3646],[24.178,48.364],[24.186,48.363],[24.26,48.349],[24.29,48.382],[24.282,48.392],[24.305,48.396],[24.319,48.388],[24.332,48.388],[24.351,48.38],[24.35,48.358],[24.392,48.334],[24.417,48.331],[24.415,48.325],[24.428,48.318],[24.459,48.291],[24.488,48.278],[24.484,48.243],[24.52,48.236],[24.538,48.225],[24.499,48.161],[24.53,48.122],[24.536,48.122],[24.539,48.12],[24.5534,48.1175],[24.556,48.117],[24.5564,48.1173],[24.56,48.113],[24.558,48.108],[24.596,48.092],[24.628,48.046],[24.575,48.014],[24.566,47.971],[24.5626,47.9679]]]},"properties":{"oblast":"UA26"}},
{"type":"Feature","geometry":{"type":"Polygon","coordinates":[[[29.736,49.227],[29.748,49.224],[29.741,49.212],[29.727,49.207],[29.759,49.179],[29.857,49.187],[29.91,49.216],[29.906,49.221],[29.921,49.229],[29.933,49.243],[29.933,49.247],[29.954,49.249],[29.957,49.29],[29.945,49.302],[30.008,49.314],[30.027,49.333],[30.078,49.322],[30.088,49.284],[30.112,49.269],[30.124,49.28],[30.122,49.296],[30.113,49.308],[30.127,49.309],[30.133,49.313],[30.148,49.326],[30.199,49.327],[30.189,49.274],[30.263,49.27],[30.385,49.256],[30.399,49.302],[30.4207,49.302],[30.422,49.302],[30.4216,49.3034],[30.415,49.33],[30.439,49.351],[30.473,49.364],[30.515,49.327],[30.548,49.326],[30.568,49.352],[30.607,49.369],[30.639,49.355],[30.659,49.359],[30.677,49.354],[30.705,49.337],[30.729,49.331],[30.75,49.344],[30.8,49.353],[30.867,49.35],[30.897,49.362],[30.91,49.358],[30.919,49.377],[30.932,49.38],[30.938,49.408],[30.923,49.415],[30.9288,49.4172],[30.931,49.418],[30.9301,49.4192],[30.954,49.425],[30.993,49.423],[31.004,49.452],[31.029,49.473],[31.047,49.479],[31.06,49.479],[31.062,49.483],[31.0632,49.4832],[31.064,49.484],[31.067,49.484],[31.069,49.486],[31.086,49.492],[31.09,49.511],[31.103,49.532],[31.096,49.543],[31.108,49.558],[31.154,49.63],[31.201,49.675],[31.195,49.701],[31.211,49.731],[31.215,49.776],[31.189,49.789],[31.22,49.832],[31.207,49.853],[31.31,49.893],[31.374,49.899],[31.379,49.907],[31.36,49.925],[31.333,49.935],[31.334,49.955],[31.311,49.962],[31.301,49.96],[31.288,49.951],[31.2863,49.9527],[31.286,49.953],[31.2867,49.9557],[31.287,49.957],[31.304,49.972],[31.299,49.983],[31.329,49.99],[31.381,49.994],[31.412,49.988],[31.417,49.991],[31.434,49.987],[31.446,49.976],[31.432,49.955],[31.425,49.917],[31.446,49.878],[31.491,49.862],[31.515,49.871],[31.557,49.876],[31.58,49.908],[31.614,49.907],[31.616,49.858],[31.669,49.859],[31.711,49.852],[31.7159,49.8534],[31.715,49.854],[31.752,49.894],[31.77,49.921],[31.795,49.935],[31.812,49.967],[31.917,49.962],[31.908,50.012],[31.899,50.02],[31.914,50.029],[31.985,50.052],[31.925,50.059],[31.917,50.053],[31.907,50.061],[31.91,50.101],[31.973,50.126],[31.946,50.136],[31.988,50.185],[32.018,50.207],[32.056,50.189],[32.086,50.223],[32.107,50.221],[32.11,50.23],[32.1132,50.2297],[32.096,50.237],[32.089,50.246],[32.099,50.276],[32.083,50.282],[32.138,50.305],[32.151,50.337],[32.1434,50.3471],[32.143,50.347],[32.1425,50.3483],[32.142,50.349],[32.1422,50.3491],[32.14,50.355],[32.154,50.375],[32.096,50.371],[32.0747,50.3739],[32.074,50.374],[32.074,50.3756],[32.074,50.376],[32.083,50.381],[32.076,50.393],[32.057,50.396],[32.046,50.401],[32.043,50.405],[32.022,50.458],[31.972,50.466],[31.962,50.485],[32.047,50.497],[32.062,50.54],[31.974,50.539],[31.951,50.543],[31.9246,50.5757],[31.912,50.596],[31.883,50.606],[31.868,50.617],[31.858,50.631],[31.858,50.6311],[31.847,50.628],[31.812,50.623],[31.784,50.605],[31.782,50.558],[31.684,50.562],[31.648,50.552],[31.631,50.52],[31.571,50.527],[31.494,50.522],[31.419,50.503],[31.399,50.522],[31.319,50.527],[31.254,50.542],[31.245,50.566],[31.187,50.574],[31.165,50.608],[31.222,50.608],[31.225,50.627],[31.205,50.636],[31.198,50.644],[31.201,50.655],[31.22,50.684],[31.19,50.702],[31.19,50.724],[31.164,50.724],[31.164,50.731],[31.1651,50.7321],[31.156,50.737],[31.148,50.737],[31.14,50.746],[31.121,50.749],[31.125,50.774],[31.076,50.78],[31.07,50.764],[31.031,50.76],[30.892,50.765],[30.876,50.746],[30.845,50.743],[30.774,50.775],[30.756,50.775],[30.7518,50.7738],[30.746,50.7721],[30.739,50.77],[30.734,50.784],[30.744,50.788],[30.743,50.805],[30.769,50.817],[30.776,50.832],[30.774,50.864],[30.714,50.898],[30.683,50.901],[30.644,50.963],[30.641,51.002],[30.602,51.009],[30.6,51.026],[30.499,51.018],[30.493,51.051],[30.508,51.077],[30.481,51.092],[30.486,51.095],[30.516,51.113],[30.497,51.128],[30.49,51.167],[30.53,51.202],[30.505,51.224],[30.505,51.229],[30.513,51.234],[30.533,51.237],[30.548,51.231],[30.56,51.239],[30.538,51.264],[30.5388,51.2641],[30.505,51.281],[30.455,51.274],[30.464,51.308],[30.424,51.307],[30.326,51.361],[30.359,51.379],[30.348,51.413],[30.299,51.458],[30.181,51.513],[30.163,51.49],[30.117,51.488],[30.027,51.504],[29.971,51.475],[29.922,51.489],[29.893,51.486],[29.881,51.447],[29.771,51.45],[29.739,51.475],[29.747,51.516],[29.716,51.531],[29.668,51.503],[29.633,51.507],[29.608,51.495],[29.605,51.472],[29.579,51.463],[29.543,51.484],[29.523,51.438],[29.493,51.398],[29.421,51.416],[29.382,51.403],[29.369,51.39],[29.358,51.386],[29.358,51.3859],[29.36,51.386],[29.36,51.377],[29.394,51.38],[29.397,51.327],[29.368,51.307],[29.355,51.273],[29.311,51.275],[29.269,51.263],[29.306,51.158],[29.35,51.161],[29.428,51.125],[29.459,51.09],[29.513,51.061],[29.477,51.031],[29.468,51.018],[29.47,51.01],[29.466,50.993],[29.468,50.987],[29.477,50.98],[29.462,50.981],[29.415,50.983],[29.413,50.95],[29.468,50.926],[29.472,50.904],[29.514,50.88],[29.522,50.867],[29.499,50.838],[29.515,50.794],[29.519,50.788],[29.511,50.783],[29.511,50.771],[29.544,50.777],[29.549,50.773],[29.562,50.771],[29.5692,50.7718],[29.571,50.772],[29.571,50.7714],[29.571,50.77],[29.573,50.77],[29.573,50.766],[29.57,50.764],[29.576,50.759],[29.576,50.755],[29.583,50.748],[29.58,50.743],[29.5805,50.7408],[29.587,50.74],[29.59,50.733],[29.599,50.73],[29.587,50.708],[29.567,50.692],[29.55,50.692],[29.533,50.679],[29.524,50.661],[29.448,50.621],[29.498,50.593],[29.503,50.546],[29.462,50.517],[29.508,50.501],[29.512,50.47],[29.498,50.434],[29.479,50.414],[29.561,50.423],[29.591,50.401],[29.59,50.376],[29.63,50.374],[29.643,50.358],[29.627,50.331],[29.674,50.321],[29.693,50.324],[29.6925,50.3158],[29.6923,50.3138],[29.692,50.309],[29.683,50.31],[29.677,50.297],[29.69,50.277],[29.689,50.227],[29.645,50.18],[29.693,50.152],[29.689,50.143],[29.66,50.127],[29.649,50.106],[29.698,50.069],[29.696,50.043],[29.674,50.032],[29.68,50.027],[29.682,50.015],[29.692,50.005],[29.697,49.992],[29.718,49.98],[29.713,49.972],[29.733,49.962],[29.723,49.959],[29.736,49.943],[29.729,49.932],[29.643,49.897],[29.633,49.878],[29.649,49.8789],[29.651,49.879],[29.6525,49.8785],[29.668,49.874],[29.656,49.866],[29.641,49.868],[29.621,49.851],[29.593,49.84],[29.513,49.83],[29.492,49.825],[29.496,49.821],[29.497,49.813],[29.48,49.802],[29.47,49.813],[29.448,49.802],[29.4405,49.8042],[29.438,49.805],[29.461,49.762],[29.445,49.712],[29.49,49.709],[29.488,49.668],[29.512,49.662],[29.5049,49.6505],[29.5071,49.65],[29.519,49.647],[29.536,49.638],[29.499,49.601],[29.532,49.563],[29.551,49.52],[29.581,49.493],[29.559,49.497],[29.552,49.487],[29.545,49.486],[29.561,49.465],[29.591,49.455],[29.596,49.442],[29.574,49.433],[29.564,49.414],[29.506,49.395],[29.535,49.325],[29.573,49.325],[29.609,49.3],[29.639,49.248],[29.664,49.251],[29.69,49.239],[29.702,49.262],[29.738,49.229],[29.7376,49.2286],[29.736,49.227]],[[30.6493,50.2903],[30.644,50.289],[30.643,50.292],[30.63,50.298],[30.625,50.283],[30.61,50.282],[30.61,50.2799],[30.6096,50.2787],[30.61,50.2784],[30.61,50.274],[30.615,50.266],[30.625,50.262],[30.624,50.256],[30.632,50.251],[30.635,50.244],[30.644,50.24],[30.636,50.236],[30.642,50.227],[30.593,50.214],[30.588,50.244],[30.576,50.261],[30.534,50.295],[30.535,50.317],[30.498,50.333],[30.479,50.337],[30.478,50.341],[30.476,50.341],[30.4725,50.351],[30.469,50.361],[30.452,50.356],[30.442,50.357],[30.437,50.361],[30.439,50.367],[30.4323,50.372],[30.444,50.381],[30.4429,50.3819],[30.4411,50.3833],[30.429,50.393],[30.423,50.394],[30.423,50.397],[30.4195,50.3982],[30.4176,50.3988],[30.393,50.407],[30.372,50.42],[30.359,50.446],[30.322,50.443],[30.28,50.448],[30.269,50.427],[30.247,50.439],[30.242,50.455],[30.271,50.503],[30.262,50.511],[30.267,50.517],[30.282,50.521],[30.29,50.525],[30.304,50.533],[30.305,50.545],[30.303,50.547],[30.3035,50.548],[30.304,50.549],[30.302,50.552],[30.312,50.554],[30.327,50.545],[30.334,50.551],[30.332,50.56],[30.326,50.566],[30.3143,50.5699],[30.339,50.573],[30.372,50.573],[30.372,50.585],[30.457,50.584],[30.464,50.571],[30.493,50.566],[30.501,50.551],[30.524,50.542],[30.526,50.54],[30.5326,50.5391],[30.534,50.537],[30.543,50.532],[30.544,50.529],[30.5408,50.5234],[30.5404,50.5228],[30.54,50.522],[30.555,50.521],[30.56,50.515],[30.568,50.516],[30.569,50.522],[30.557,50.539],[30.592,50.535],[30.655,50.533],[30.722,50.585],[30.766,50.583],[30.788,50.576],[30.814,50.563],[30.821,50.538],[30.752,50.518],[30.76,50.512],[30.756,50.508],[30.74,50.5],[30.737,50.5],[30.74,50.494],[30.7393,50.4913],[30.739,50.4901],[30.739,50.49],[30.748,50.487],[30.745,50.477],[30.748,50.474],[30.74,50.469],[30.7414,50.4688],[30.7415,50.4688],[30.7418,50.4686],[30.742,50.4687],[30.7424,50.4687],[30.748,50.468],[30.75,50.463],[30.742,50.458],[30.775,50.438],[30.8,50.427],[30.795,50.418],[30.806,50.409],[30.822,50.407],[30.8249,50.4041],[30.82,50.402],[30.816,50.394],[30.742,50.373],[30.711,50.353],[30.67,50.371],[30.652,50.364],[30.635,50.362],[30.638,50.355],[30.61,50.347],[30.615,50.341],[30.6124,50.3376],[30.6122,50.3372],[30.612,50.337],[30.628,50.315],[30.641,50.304],[30.648,50.291],[30.6493,50.2903]]]},"properties":{"oblast":"UA32"}},
{"type":"Feature","geometry":{"type":"Polygon","coordinates":[[[29.7817,48.2097],[29.785,48.209],[29.786,48.205],[29.793,48.202],[29.812,48.209],[29.841,48.214],[29.891,48.187],[29.93,48.234],[30.01,48.21],[30.001,48.196],[30.002,48.186],[30.01,48.183],[30.022,48.187],[30.033,48.18],[30.05,48.151],[30.063,48.153],[30.065,48.148],[30.08,48.148],[30.094,48.143],[30.165,48.146],[30.19,48.156],[30.24,48.142],[30.253,48.144],[30.26,48.149],[30.27,48.148],[30.309,48.144],[30.3099,48.1408],[30.318,48.14],[30.328,48.16],[30.368,48.174],[30.39,48.165],[30.427,48.164],[30.435,48.172],[30.471,48.162],[30.489,48.169],[30.5,48.168],[30.505,48.157],[30.526,48.178],[30.555,48.155],[30.619,48.155],[30.624,48.166],[30.657,48.171],[30.649,48.184],[30.785,48.19],[30.792,48.167],[30.848,48.183],[30.854,48.16],[30.931,48.165],[30.932,48.183],[30.99,48.183],[30.982,48.221],[31.052,48.231],[31.055,48.219],[31.092,48.223],[31.0919,48.2232],[31.137,48.228],[31.163,48.222],[31.184,48.203],[31.181,48.178],[31.22,48.17],[31.236,48.116],[31.324,48.137],[31.329,48.113],[31.368,48.118],[31.395,48.107],[31.4034,48.1083],[31.4031,48.1098],[31.403,48.11],[31.417,48.122],[31.487,48.131],[31.5,48.087],[31.471,48.064],[31.55,48.071],[31.54,48.109],[31.583,48.106],[31.582,48.13],[31.635,48.136],[31.643,48.116],[31.675,48.121],[31.685,48.121],[31.688,48.117],[31.695,48.094],[31.725,48.099],[31.7663,48.1028],[31.7669,48.1009],[31.782,48.043],[31.728,48.036],[31.752,47.943],[31.767,47.944],[31.772,47.951],[31.78,47.956],[31.788,47.954],[31.802,47.956],[31.802,47.96],[31.827,47.96],[31.843,47.963],[31.854,47.915],[31.875,47.911],[31.884,47.894],[31.884,47.878],[31.889,47.867],[31.856,47.865],[31.868,47.823],[31.826,47.817],[31.837,47.782],[31.964,47.798],[31.961,47.809],[32.054,47.816],[32.076,47.805],[32.089,47.781],[32.109,47.783],[32.116,47.755],[32.138,47.748],[32.154,47.755],[32.161,47.75],[32.2076,47.7559],[32.2095,47.7561],[32.232,47.759],[32.224,47.791],[32.238,47.814],[32.302,47.823],[32.356,47.79],[32.369,47.789],[32.37,47.794],[32.387,47.798],[32.404,47.794],[32.422,47.801],[32.427,47.789],[32.435,47.789],[32.625,47.812],[32.659,47.819],[32.687,47.873],[32.678,47.908],[32.653,47.921],[32.747,47.932],[32.738,47.953],[32.698,47.948],[32.69,47.981],[32.79,47.993],[32.801,47.974],[32.895,47.985],[32.889,48.018],[32.945,48.041],[32.989,48.047],[32.999,48.01],[32.999,48.002],[33.003,47.989],[33.0034,47.9889],[33.0059,47.9882],[33.021,47.984],[33.038,48.033],[33.109,48.041],[33.108,48.06],[33.142,48.063],[33.147,48.041],[33.155,48.042],[33.151,48.065],[33.154,48.083],[33.226,48.091],[33.233,48.126],[33.215,48.162],[33.2148,48.162],[33.2136,48.1619],[33.212,48.171],[33.243,48.174],[33.272,48.155],[33.278,48.104],[33.293,48.103],[33.306,48.127],[33.292,48.151],[33.315,48.159],[33.431,48.171],[33.43,48.19],[33.478,48.195],[33.484,48.215],[33.545,48.235],[33.545,48.237],[33.5459,48.2375],[33.541,48.253],[33.536,48.253],[33.531,48.276],[33.511,48.295],[33.519,48.329],[33.474,48.331],[33.479,48.35],[33.461,48.356],[33.469,48.371],[33.469,48.387],[33.488,48.406],[33.49,48.441],[33.471,48.533],[33.483,48.557],[33.511,48.567],[33.584,48.575],[33.624,48.566],[33.61,48.599],[33.649,48.599],[33.662,48.585],[33.701,48.605],[33.765,48.626],[33.757,48.657],[33.803,48.662],[33.806,48.689],[33.751,48.682],[33.682,48.724],[33.619,48.728],[33.609,48.752],[33.594,48.749],[33.583,48.765],[33.584,48.796],[33.617,48.787],[33.66,48.792],[33.72,48.809],[33.725,48.788],[33.794,48.793],[33.818,48.775],[33.852,48.77],[33.852,48.802],[33.862,48.835],[33.875,48.84],[33.8946,48.8998],[33.8933,48.9009],[33.891,48.903],[33.862,48.912],[33.829,48.933],[33.762,48.945],[33.722,48.939],[33.68,48.956],[33.665,48.977],[33.637,48.973],[33.61,48.938],[33.59,48.916],[33.576,48.91],[33.547,48.912],[33.537,48.93],[33.498,48.926],[33.475,48.951],[33.432,48.956],[33.4,48.952],[33.402,48.927],[33.323,48.962],[33.297,49.004],[33.325,49.023],[33.31,49.062],[33.287,49.083],[33.288,49.098],[33.303,49.118],[33.284,49.123],[33.272,49.134],[33.261,49.152],[33.249,49.148],[33.25,49.085],[33.199,49.073],[33.161,49.094],[33.157,49.129],[33.119,49.175],[33.102,49.184],[33.028,49.187],[32.987,49.206],[32.983,49.239],[32.937,49.229],[32.891,49.231],[32.874,49.239],[32.86,49.244],[32.841,49.226],[32.807,49.211],[32.776,49.186],[32.763,49.151],[32.782,49.142],[32.891,49.128],[32.897,49.094],[32.843,49.087],[32.83,49.076],[32.837,49.032],[32.844,49.029],[32.839,49.015],[32.858,48.999],[32.846,48.98],[32.798,48.97],[32.738,48.964],[32.7348,48.964],[32.7343,48.9661],[32.732,48.975],[32.723,48.978],[32.699,48.975],[32.669,48.982],[32.673,48.97],[32.673,48.965],[32.676,48.961],[32.666,48.96],[32.653,48.954],[32.603,48.963],[32.579,48.952],[32.555,48.964],[32.538,48.968],[32.539,48.952],[32.511,48.96],[32.516,48.979],[32.512,48.985],[32.503,48.988],[32.505,48.994],[32.501,48.997],[32.499,49.013],[32.477,49.007],[32.445,49.048],[32.399,49.027],[32.372,49.038],[32.366,49.073],[32.35,49.08],[32.266,49.083],[32.258,49.078],[32.252,49.059],[32.243,49.063],[32.233,49.06],[32.235,49.052],[32.217,48.988],[32.134,48.967],[32.134,48.955],[32.13,48.951],[32.147,48.949],[32.151,48.946],[32.151,48.917],[32.11,48.913],[32.08,48.922],[32.049,48.918],[32.026,48.932],[32.006,48.914],[31.945,48.907],[31.921,48.881],[31.9131,48.8871],[31.912,48.888],[31.911,48.8864],[31.911,48.888],[31.917,48.896],[31.917,48.906],[31.874,48.918],[31.839,48.935],[31.823,48.935],[31.807,48.944],[31.796,48.938],[31.77,48.934],[31.769,48.933],[31.758,48.93],[31.752,48.925],[31.725,48.933],[31.699,48.93],[31.7,48.917],[31.69,48.895],[31.681,48.9],[31.64,48.899],[31.621,48.905],[31.583,48.876],[31.529,48.803],[31.468,48.788],[31.425,48.764],[31.437,48.753],[31.425,48.742],[31.414,48.745],[31.385,48.727],[31.335,48.725],[31.318,48.73],[31.309,48.758],[31.285,48.757],[31.278,48.752],[31.27,48.752],[31.266,48.7488],[31.265,48.748],[31.2616,48.7471],[31.261,48.747],[31.255,48.751],[31.249,48.766],[31.216,48.757],[31.175,48.761],[31.158,48.742],[31.119,48.728],[31.068,48.736],[31.056,48.755],[31.02,48.761],[31.001,48.756],[30.993,48.763],[30.946,48.758],[30.902,48.761],[30.898,48.745],[30.829,48.75],[30.754,48.769],[30.698,48.766],[30.638,48.751],[30.61,48.718],[30.602,48.72],[30.591,48.719],[30.588,48.722],[30.5781,48.7205],[30.586,48.715],[30.602,48.7],[30.612,48.699],[30.599,48.662],[30.552,48.653],[30.531,48.628],[30.572,48.606],[30.566,48.566],[30.473,48.567],[30.453,48.582],[30.403,48.573],[30.387,48.526],[30.326,48.521],[30.256,48.505],[30.257,48.488],[30.221,48.479],[30.163,48.502],[30.146,48.472],[30.131,48.469],[30.131,48.462],[30.122,48.462],[30.122,48.453],[30.109,48.451],[30.086,48.457],[30.05,48.482],[30.001,48.477],[30.003,48.471],[29.9686,48.4718],[29.969,48.471],[29.958,48.45],[29.924,48.442],[29.788,48.369],[29.801,48.365],[29.812,48.348],[29.805,48.331],[29.785,48.329],[29.783,48.314],[29.765,48.299],[29.751,48.298],[29.75,48.29],[29.756,48.29],[29.755,48.284],[29.76,48.282],[29.761,48.278],[29.773,48.273],[29.772,48.268],[29.783,48.241],[29.773,48.224],[29.78,48.214],[29.7817,48.2097]]]},"properties":{"oblast":"UA35"}},
{"type":"Feature","geometry":{"type":"Polygon","coordinates":[[[38.5907,48.2397],[38.589,48.238],[38.589,48.2377],[38.589,48.236],[38.591,48.236],[38.59,48.228],[38.599,48.215],[38.614,48.205],[38.603,48.173],[38.665,48.151],[38.768,48.133],[38.821,48.117],[38.808,48.089],[38.818,48.084],[38.807,48.07],[38.829,48.066],[38.823,48.056],[38.826,48.031],[38.862,48.016],[39.041,48.008],[39.04,47.957],[39.075,47.954],[39.092,47.939],[39.066,47.896],[39.075,47.869],[39.082,47.869],[39.082,47.851],[39.15,47.841],[39.181,47.853],[39.237,47.853],[39.241,47.866],[39.352,47.866],[39.387,47.87],[39.412,47.829],[39.426,47.836],[39.442,47.854],[39.442,47.8547],[39.445,47.855],[39.459,47.854],[39.478,47.859],[39.52,47.824],[39.565,47.835],[39.623,47.835],[39.739,47.827],[39.764,47.87],[39.796,47.87],[39.802,47.934],[39.823,47.95],[39.817,48.002],[39.79,48.016],[39.78,48.039],[39.884,48.04],[39.836,48.067],[39.87,48.079],[39.877,48.118],[39.908,48.148],[39.91,48.179],[39.938,48.18],[39.944,48.228],[40.003,48.222],[40.022,48.254],[39.992,48.318],[39.916,48.279],[39.888,48.31],[39.842,48.311],[39.842,48.328],[39.918,48.34],[39.937,48.357],[39.918,48.38],[39.912,48.422],[39.888,48.451],[39.847,48.474],[39.868,48.505],[39.856,48.562],[39.794,48.594],[39.753,48.583],[39.737,48.587],[39.713,48.586],[39.705,48.589],[39.6898,48.5876],[39.688,48.588],[39.685,48.591],[39.662,48.61],[39.717,48.654],[39.721,48.696],[39.711,48.724],[39.739,48.766],[39.77,48.766],[39.797,48.84],[39.885,48.821],[39.949,48.795],[39.976,48.792],[40.067,48.859],[40.06,48.904],[40.028,48.916],[40.003,48.902],[39.993,48.869],[39.949,48.877],[39.926,48.897],[39.853,48.892],[39.806,48.916],[39.78,48.939],[39.759,48.977],[39.723,48.98],[39.705,49],[39.69,48.997],[39.68,48.993],[39.679,48.991],[39.677,48.991],[39.666,49.001],[39.671,49.002],[39.674,49.04],[39.693,49.05],[39.768,49.039],[39.802,49.058],[39.883,49.063],[39.938,49.055],[39.94,49.083],[39.972,49.123],[40.031,49.179],[40.079,49.186],[40.138,49.239],[40.206,49.24],[40.229,49.26],[40.187,49.282],[40.184,49.304],[40.201,49.347],[40.157,49.372],[40.115,49.387],[40.079,49.411],[40.031,49.455],[40.04,49.52],[40.171,49.568],[40.14,49.597],[40.137,49.618],[40.065,49.6],[40.058,49.608],[39.951,49.599],[39.933,49.574],[39.896,49.561],[39.834,49.565],[39.807,49.559],[39.75,49.599],[39.66,49.616],[39.64,49.635],[39.614,49.693],[39.593,49.718],[39.611,49.735],[39.532,49.742],[39.483,49.757],[39.433,49.761],[39.379,49.74],[39.286,49.756],[39.252,49.777],[39.229,49.807],[39.227,49.841],[39.18,49.89],[39.13,49.862],[39.108,49.837],[39.067,49.817],[39.03,49.824],[38.952,49.799],[38.921,49.806],[38.916,49.818],[38.913,49.8182],[38.913,49.819],[38.91,49.82],[38.914,49.828],[38.919,49.857],[38.897,49.872],[38.842,49.867],[38.825,49.88],[38.781,49.883],[38.734,49.906],[38.725,49.928],[38.693,49.937],[38.68,49.975],[38.647,49.957],[38.617,49.976],[38.585,49.979],[38.53,49.96],[38.489,49.965],[38.47,49.996],[38.433,50.002],[38.415,49.983],[38.352,50.007],[38.353,50.034],[38.33,50.086],[38.277,50.075],[38.178,50.081],[38.185,50.022],[38.22,49.98],[38.169,49.942],[38.123,49.943],[38.058,49.925],[38.045,49.916],[38.0329,49.9013],[38.031,49.899],[38.045,49.882],[38.092,49.846],[38.074,49.837],[38.017,49.838],[38.009,49.812],[38.052,49.784],[38.009,49.766],[37.999,49.754],[37.985,49.755],[37.976,49.769],[37.965,49.757],[37.95,49.732],[37.959,49.717],[37.975,49.707],[37.991,49.715],[37.998,49.7],[38.032,49.658],[37.995,49.649],[37.986,49.643],[37.974,49.613],[37.943,49.612],[37.941,49.595],[37.933,49.595],[37.937,49.582],[37.9,49.575],[37.885,49.549],[37.886,49.52],[37.846,49.522],[37.841,49.508],[37.8428,49.5025],[37.8443,49.5035],[37.845,49.504],[37.846,49.499],[37.838,49.493],[37.852,49.488],[37.845,49.446],[37.876,49.448],[37.879,49.418],[37.897,49.404],[37.897,49.397],[37.886,49.351],[37.887,49.341],[37.878,49.329],[37.884,49.314],[37.949,49.305],[37.959,49.284],[37.914,49.277],[37.913,49.26],[37.868,49.246],[37.873,49.239],[37.8743,49.235],[37.875,49.233],[37.8729,49.2328],[37.872,49.223],[37.889,49.211],[37.939,49.215],[37.933,49.214],[37.924,49.208],[37.922,49.205],[37.933,49.192],[37.892,49.176],[37.892,49.16],[37.926,49.143],[37.979,49.13],[38.041,49.126],[38.042,49.141],[38.0446,49.1496],[38.045,49.151],[38.052,49.151],[38.064,49.148],[38.083,49.148],[38.063,49.062],[38.099,49],[38.1,48.992],[38.077,48.991],[38.053,48.985],[38.029,48.973],[38.007,48.947],[38.022,48.934],[38.037,48.936],[38.036,48.933],[38.038,48.931],[38.037,48.929],[38.033,48.928],[38.0376,48.9262],[38.038,48.926],[38.038,48.924],[38.039,48.924],[38.045,48.934],[38.054,48.939],[38.065,48.936],[38.091,48.939],[38.117,48.926],[38.199,48.927],[38.227,48.935],[38.228,48.859],[38.271,48.824],[38.313,48.827],[38.317,48.807],[38.278,48.804],[38.282,48.774],[38.262,48.75],[38.283,48.736],[38.319,48.733],[38.324,48.715],[38.307,48.683],[38.264,48.658],[38.225,48.654],[38.228,48.633],[38.263,48.636],[38.278,48.548],[38.275,48.54],[38.284,48.536],[38.318,48.509],[38.305,48.496],[38.292,48.497],[38.292,48.489],[38.301,48.488],[38.31,48.455],[38.344,48.436],[38.372,48.442],[38.383,48.428],[38.3929,48.4305],[38.3948,48.431],[38.403,48.433],[38.402,48.439],[38.433,48.4468],[38.434,48.447],[38.4343,48.4477],[38.435,48.444],[38.434,48.441],[38.436,48.438],[38.434,48.432],[38.44,48.42],[38.438,48.396],[38.488,48.361],[38.457,48.342],[38.435,48.339],[38.438,48.324],[38.436,48.315],[38.428,48.306],[38.435,48.296],[38.429,48.293],[38.429,48.279],[38.569,48.271],[38.589,48.259],[38.592,48.253],[38.589,48.243],[38.591,48.24],[38.5907,48.2397]]]},"properties":{"oblast":"UA44"}},
{"type":"Feature","geometry":{"type":"Polygon","coordinates":[[[25.057,50.2993],[25.055,50.2996],[25.053,50.3],[25.056,50.341],[25.016,50.341],[24.941,50.388],[24.938,50.382],[24.931,50.378],[24.941,50.364],[24.938,50.345],[24.86,50.349],[24.79,50.345],[24.767,50.337],[24.714,50.342],[24.721,50.373],[24.673,50.398],[24.596,50.413],[24.598,50.455],[24.58,50.459],[24.597,50.467],[24.596,50.478],[24.593,50.478],[24.59,50.488],[24.583,50.49],[24.563,50.488],[24.554,50.493],[24.547,50.534],[24.54,50.54],[24.54,50.542],[24.5411,50.5423],[24.531,50.553],[24.517,50.557],[24.488,50.557],[24.451,50.54],[24.407,50.561],[24.402,50.591],[24.323,50.601],[24.318,50.575],[24.231,50.584],[24.205,50.612],[24.179,50.619],[24.173,50.635],[24.152,50.646],[24.117,50.649],[24.097,50.638],[24.0955,50.6345],[24.091,50.624],[24.09,50.618],[24.098,50.6],[24.069,50.504],[24.034,50.446],[24.005,50.436],[23.997,50.413],[23.941,50.415],[23.803,50.406],[23.727,50.389],[23.702,50.376],[23.686,50.332],[23.676,50.33],[23.6757,50.3295],[23.638,50.321],[23.58,50.267],[23.447,50.2],[23.377,50.159],[23.314,50.113],[23.279,50.101],[23.239,50.055],[23.103,49.939],[23.041,49.89],[22.995,49.843],[22.97,49.84],[22.954,49.804],[22.932,49.794],[22.873,49.742],[22.851,49.721],[22.8493,49.7149],[22.849,49.715],[22.847,49.711],[22.803,49.693],[22.781,49.656],[22.685,49.574],[22.665,49.541],[22.64,49.531],[22.651,49.507],[22.696,49.494],[22.709,49.445],[22.746,49.36],[22.739,49.248],[22.714,49.227],[22.734,49.208],[22.706,49.174],[22.791,49.139],[22.882,49.082],[22.867,49.078],[22.866,49.039],[22.885,49.019],[22.89,49.008],[22.882,49.008],[22.875,49.005],[22.869,49.005],[22.867,49.004],[22.867,49.002],[22.878,48.999],[22.898,49.004],[22.918,48.981],[22.918,48.97],[22.873,48.958],[22.871,48.946],[22.877,48.932],[22.885,48.925],[22.8859,48.9234],[22.889,48.918],[22.89,48.911],[22.903,48.9],[22.939,48.883],[22.97,48.874],[22.971,48.849],[23.001,48.83],[23.021,48.847],[23.04,48.85],[23.051,48.85],[23.058,48.845],[23.066,48.853],[23.086,48.854],[23.088,48.86],[23.132,48.852],[23.135,48.846],[23.1345,48.8445],[23.13,48.84],[23.133,48.833],[23.153,48.83],[23.189,48.782],[23.201,48.759],[23.27,48.761],[23.29,48.773],[23.313,48.759],[23.316,48.756],[23.3165,48.754],[23.317,48.752],[23.318,48.752],[23.326,48.752],[23.342,48.756],[23.362,48.77],[23.376,48.744],[23.43,48.725],[23.493,48.721],[23.512,48.734],[23.525,48.726],[23.538,48.724],[23.54,48.722],[23.5476,48.7239],[23.548,48.724],[23.5488,48.726],[23.55,48.729],[23.549,48.731],[23.551,48.734],[23.55,48.738],[23.557,48.754],[23.57,48.772],[23.579,48.778],[23.58,48.786],[23.559,48.82],[23.583,48.871],[23.609,48.876],[23.577,48.889],[23.563,48.911],[23.587,48.956],[23.567,48.974],[23.6,49],[23.674,49.035],[23.699,49.1],[23.72,49.093],[23.765,49.121],[23.796,49.107],[23.804,49.105],[23.81,49.109],[23.821,49.108],[23.829,49.112],[23.873,49.109],[23.908,49.099],[23.933,49.121],[23.97,49.137],[23.9807,49.1346],[24.001,49.13],[24.013,49.124],[24.013,49.117],[24.024,49.117],[24.037,49.124],[24.058,49.146],[24.1,49.145],[24.11,49.139],[24.139,49.142],[24.149,49.129],[24.172,49.143],[24.2,49.139],[24.235,49.143],[24.284,49.168],[24.383,49.188],[24.416,49.167],[24.436,49.173],[24.439,49.196],[24.435,49.219],[24.4473,49.2294],[24.445,49.229],[24.4427,49.2293],[24.427,49.231],[24.388,49.227],[24.357,49.232],[24.346,49.245],[24.35,49.262],[24.358,49.263],[24.363,49.28],[24.338,49.291],[24.305,49.276],[24.301,49.317],[24.341,49.311],[24.359,49.323],[24.38,49.31],[24.393,49.334],[24.397,49.359],[24.404,49.368],[24.386,49.394],[24.371,49.436],[24.41,49.446],[24.417,49.473],[24.412,49.474],[24.406,49.482],[24.4006,49.4937],[24.402,49.494],[24.4025,49.4948],[24.404,49.497],[24.41,49.498],[24.413,49.504],[24.441,49.511],[24.435,49.536],[24.482,49.543],[24.505,49.512],[24.576,49.526],[24.632,49.499],[24.698,49.491],[24.703,49.494],[24.7155,49.4953],[24.715,49.496],[24.7171,49.4968],[24.72,49.498],[24.721,49.571],[24.791,49.574],[24.834,49.601],[24.8447,49.6016],[24.8468,49.6018],[24.851,49.602],[24.865,49.604],[24.887,49.603],[24.907,49.616],[24.957,49.621],[24.982,49.638],[24.996,49.697],[25.021,49.736],[25.046,49.73],[25.068,49.713],[25.079,49.724],[25.114,49.746],[25.071,49.77],[25.089,49.788],[25.083,49.829],[25.142,49.818],[25.183,49.838],[25.238,49.825],[25.287,49.829],[25.304,49.853],[25.374,49.868],[25.388,49.897],[25.375,49.914],[25.388,49.935],[25.4,49.938],[25.416,49.935],[25.42,49.939],[25.424,49.939],[25.426,49.9381],[25.428,49.9373],[25.428,49.944],[25.405,49.948],[25.413,49.97],[25.403,49.987],[25.375,49.992],[25.362,49.997],[25.3482,50.0044],[25.348,50.003],[25.3477,50.003],[25.346,50.003],[25.329,50.012],[25.318,50.015],[25.196,50.13],[25.214,50.179],[25.169,50.201],[25.169,50.224],[25.202,50.254],[25.204,50.279],[25.158,50.289],[25.129,50.281],[25.112,50.284],[25.1117,50.2863],[25.084,50.292],[25.077,50.292],[25.064,50.298],[25.057,50.2993]]]},"properties":{"oblast":"UA46"}},
{"type":"Feature","geometry":{"type":"Polygon","coordinates":[[[33.0059,47.9882],[33.0034,47.9889],[33.003,47.989],[32.999,48.002],[32.999,48.01],[32.989,48.047],[32.945,48.041],[32.889,48.018],[32.895,47.985],[32.801,47.974],[32.79,47.993],[32.69,47.981],[32.698,47.948],[32.738,47.953],[32.747,47.932],[32.653,47.921],[32.678,47.908],[32.687,47.873],[32.659,47.819],[32.625,47.812],[32.435,47.789],[32.427,47.789],[32.422,47.801],[32.404,47.794],[32.387,47.798],[32.37,47.794],[32.369,47.789],[32.356,47.79],[32.302,47.823],[32.238,47.814],[32.224,47.791],[32.232,47.759],[32.2095,47.7561],[32.2076,47.7559],[32.161,47.75],[32.154,47.755],[32.138,47.748],[32.116,47.755],[32.109,47.783],[32.089,47.781],[32.076,47.805],[32.054,47.816],[31.961,47.809],[31.964,47.798],[31.837,47.782],[31.826,47.817],[31.868,47.823],[31.856,47.865],[31.889,47.867],[31.884,47.878],[31.884,47.894],[31.875,47.911],[31.854,47.915],[31.843,47.963],[31.827,47.96],[31.802,47.96],[31.802,47.956],[31.788,47.954],[31.78,47.956],[31.772,47.951],[31.767,47.944],[31.752,47.943],[31.728,48.036],[31.782,48.043],[31.7669,48.1009],[31.7663,48.1028],[31.725,48.099],[31.695,48.094],[31.688,48.117],[31.685,48.121],[31.675,48.121],[31.643,48.116],[31.635,48.136],[31.582,48.13],[31.583,48.106],[31.54,48.109],[31.55,48.071],[31.471,48.064],[31.5,48.087],[31.487,48.131],[31.417,48.122],[31.403,48.11],[31.4031,48.1098],[31.4034,48.1083],[31.395,48.107],[31.368,48.118],[31.329,48.113],[31.324,48.137],[31.236,48.116],[31.22,48.17],[31.181,48.178],[31.184,48.203],[31.163,48.222],[31.137,48.228],[31.0919,48.2232],[31.092,48.223],[31.055,48.219],[31.052,48.231],[30.982,48.221],[30.99,48.183],[30.932,48.183],[30.931,48.165],[30.854,48.16],[30.848,48.183],[30.792,48.167],[30.785,48.19],[30.649,48.184],[30.657,48.171],[30.624,48.166],[30.619,48.155],[30.555,48.155],[30.526,48.178],[30.505,48.157],[30.5,48.168],[30.489,48.169],[30.471,48.162],[30.435,48.172],[30.427,48.164],[30.39,48.165],[30.368,48.174],[30.328,48.16],[30.318,48.14],[30.3099,48.1408],[30.316,48.118],[30.358,48.113],[30.358,48.1],[30.326,48.093],[30.283,48.084],[30.251,48.089],[30.234,48.062],[30.257,48.029],[30.258,48.02],[30.227,48.011],[30.278,47.955],[30.308,47.931],[30.299,47.923],[30.314,47.862],[30.332,47.811],[30.424,47.822],[30.417,47.786],[30.425,47.76],[30.39,47.752],[30.414,47.677],[30.421,47.635],[30.465,47.641],[30.4715,47.6192],[30.554,47.632],[30.613,47.637],[30.618,47.625],[30.664,47.636],[30.661,47.602],[30.719,47.609],[30.708,47.64],[30.7753,47.6482],[30.776,47.647],[30.7779,47.6472],[30.788,47.648],[30.774,47.624],[30.778,47.585],[30.744,47.581],[30.773,47.545],[30.828,47.549],[30.875,47.544],[30.882,47.508],[30.851,47.504],[30.864,47.445],[30.851,47.419],[30.872,47.4],[30.884,47.358],[30.867,47.335],[30.892,47.32],[30.907,47.276],[30.996,47.289],[31.018,47.238],[31.08,47.253],[31.17,47.265],[31.177,47.224],[31.145,47.219],[31.156,47.182],[31.124,47.178],[31.119,47.191],[31.108,47.189],[31.115,47.168],[31.105,47.166],[31.109,47.155],[31.13,47.152],[31.157,47.156],[31.198,47.154],[31.201,47.171],[31.245,47.177],[31.269,47.171],[31.272,47.159],[31.2723,47.159],[31.291,47.093],[31.292,47.081],[31.304,47.049],[31.289,47.025],[31.229,47.023],[31.242,46.992],[31.143,46.98],[31.135,46.991],[31.086,46.983],[31.016,46.961],[31.022,46.937],[31.029,46.932],[31.0366,46.9099],[31.0373,46.908],[31.039,46.903],[31.092,46.88],[31.11,46.844],[31.155,46.836],[31.152,46.791],[31.177,46.769],[31.153,46.748],[31.155,46.727],[31.178,46.709],[31.185,46.661],[31.176,46.63],[31.1757,46.6258],[31.158,46.409],[31.381,46.407],[31.503,46.38],[31.542,46.381],[31.672,46.357],[31.798,46.348],[31.8039,46.3539],[31.811,46.361],[31.806,46.479],[31.846,46.497],[31.863,46.523],[31.928,46.581],[31.928,46.5815],[31.9281,46.5827],[31.931,46.652],[31.989,46.654],[32.022,46.677],[32.088,46.683],[32.077,46.73],[32.112,46.744],[32.172,46.751],[32.219,46.77],[32.211,46.805],[32.253,46.819],[32.341,46.794],[32.374,46.798],[32.367,46.828],[32.463,46.839],[32.468,46.816],[32.532,46.822],[32.542,46.849],[32.535,46.881],[32.5442,46.8817],[32.546,46.868],[32.57,46.872],[32.585,46.855],[32.618,46.853],[32.687,46.861],[32.697,46.822],[32.816,46.834],[32.815,46.839],[32.95,46.857],[32.947,46.87],[32.921,46.867],[32.916,46.884],[32.857,46.878],[32.842,46.899],[32.925,46.909],[32.927,46.913],[32.923,46.926],[32.981,46.933],[32.951,46.947],[32.935,46.986],[32.95,47.002],[33.023,46.972],[33.0231,46.9721],[33.0245,46.9736],[33.068,47.021],[33.094,47.038],[33.157,47.117],[33.105,47.138],[33.081,47.108],[33.101,47.099],[33.073,47.064],[33.051,47.071],[33.027,47.041],[32.933,47.08],[32.911,47.094],[32.919,47.144],[32.949,47.163],[32.962,47.189],[33.038,47.188],[33.068,47.201],[33.065,47.215],[33.099,47.223],[33.112,47.205],[33.132,47.202],[33.135,47.213],[33.128,47.223],[33.129,47.231],[33.145,47.231],[33.165,47.231],[33.185,47.238],[33.138,47.268],[33.106,47.281],[33.104,47.322],[33.122,47.325],[33.133,47.329],[33.138,47.333],[33.124,47.385],[33.115,47.39],[33.04,47.381],[33.03,47.421],[33.055,47.443],[33.071,47.411],[33.139,47.419],[33.124,47.508],[33.148,47.514],[33.143,47.544],[33.095,47.529],[33.09,47.555],[33.0932,47.5778],[33.0935,47.5798],[33.096,47.598],[32.987,47.592],[32.998,47.614],[32.974,47.722],[33.073,47.738],[33.067,47.783],[33.056,47.831],[33.079,47.921],[33.014,47.911],[32.996,47.984],[33.006,47.988],[33.0059,47.9882]]]},"properties":{"oblast":"UA48"}},
{"type":"Feature","geometry":{"type":"Polygon","coordinates":[[[30.7753,47.6482],[30.708,47.64],[30.719,47.609],[30.661,47.602],[30.664,47.636],[30.618,47.625],[30.613,47.637],[30.554,47.632],[30.4715,47.6192],[30.465,47.641],[30.421,47.635],[30.414,47.677],[30.39,47.752],[30.425,47.76],[30.417,47.786],[30.424,47.822],[30.332,47.811],[30.314,47.862],[30.299,47.923],[30.308,47.931],[30.278,47.955],[30.227,48.011],[30.258,48.02],[30.257,48.029],[30.234,48.062],[30.251,48.089],[30.283,48.084],[30.326,48.093],[30.358,48.1],[30.358,48.113],[30.316,48.118],[30.3099,48.1408],[30.309,48.144],[30.27,48.148],[30.26,48.149],[30.253,48.144],[30.24,48.142],[30.19,48.156],[30.165,48.146],[30.094,48.143],[30.08,48.148],[30.065,48.148],[30.063,48.153],[30.05,48.151],[30.033,48.18],[30.022,48.187],[30.01,48.183],[30.002,48.186],[30.001,48.196],[30.01,48.21],[29.93,48.234],[29.891,48.187],[29.841,48.214],[29.812,48.209],[29.793,48.202],[29.786,48.205],[29.785,48.209],[29.7817,48.2097],[29.78,48.21],[29.7797,48.2088],[29.779,48.206],[29.775,48.204],[29.768,48.204],[29.763,48.201],[29.714,48.202],[29.682,48.189],[29.668,48.122],[29.602,48.134],[29.593,48.117],[29.587,48.118],[29.585,48.114],[29.58,48.112],[29.584,48.109],[29.558,48.101],[29.527,48.099],[29.479,48.109],[29.473,48.123],[29.394,48.115],[29.352,48.09],[29.331,48.095],[29.306,48.091],[29.267,48.095],[29.268,48.107],[29.208,48.135],[29.134,48.154],[29.078,48.195],[29.071,48.194],[29.0649,48.1957],[29.064,48.196],[29.0632,48.1948],[29.062,48.193],[29.058,48.194],[29.059,48.187],[29.045,48.175],[29.042,48.157],[29.049,48.15],[28.945,48.158],[28.928,48.095],[28.854,48.08],[28.8478,48.08],[28.841,48.08],[28.851,48.06],[28.839,48.035],[28.925,47.959],[28.962,47.978],[29.032,47.942],[29.088,47.946],[29.087,47.978],[29.126,47.993],[29.175,47.993],[29.2,47.883],[29.263,47.889],[29.206,47.837],[29.197,47.82],[29.219,47.797],[29.247,47.81],[29.275,47.803],[29.248,47.752],[29.215,47.74],[29.203,47.719],[29.221,47.698],[29.208,47.629],[29.216,47.613],[29.166,47.572],[29.116,47.554],[29.151,47.506],[29.185,47.518],[29.181,47.449],[29.194,47.425],[29.241,47.46],[29.243,47.414],[29.273,47.434],[29.317,47.448],[29.336,47.37],[29.39,47.379],[29.383,47.345],[29.397,47.3],[29.487,47.305],[29.488,47.355],[29.517,47.364],[29.5729,47.3698],[29.579,47.351],[29.597,47.258],[29.551,47.252],[29.579,47.137],[29.506,47.129],[29.53,47.074],[29.549,47.093],[29.612,47.099],[29.627,47.046],[29.601,47.042],[29.595,46.964],[29.639,46.954],[29.648,46.918],[29.7008,46.9239],[29.731,46.916],[29.749,46.86],[29.849,46.874],[29.883,46.885],[29.883,46.849],[29.905,46.819],[29.952,46.839],[29.971,46.823],[29.934,46.806],[29.973,46.753],[29.97,46.689],[29.945,46.65],[29.953,46.634],[29.967,46.598],[29.946,46.567],[29.944,46.558],[29.887,46.547],[29.906,46.513],[29.935,46.493],[29.99,46.492],[29.993,46.461],[30.059,46.425],[30.111,46.431],[30.143,46.411],[30.16,46.426],[30.16,46.415],[30.161,46.414],[30.149,46.408],[30.106,46.392],[30.086,46.373],[30.01,46.361],[29.988,46.385],[29.937,46.401],[29.89,46.374],[29.89,46.354],[29.808,46.386],[29.824,46.397],[29.791,46.422],[29.777,46.456],[29.751,46.471],[29.726,46.466],[29.733,46.436],[29.687,46.427],[29.659,46.436],[29.678,46.362],[29.604,46.355],[29.581,46.362],[29.567,46.417],[29.506,46.424],[29.486,46.448],[29.503,46.462],[29.448,46.5],[29.386,46.446],[29.3978,46.4263],[29.397,46.426],[29.377,46.458],[29.352,46.505],[29.335,46.474],[29.307,46.466],[29.294,46.418],[29.263,46.407],[29.241,46.377],[29.208,46.386],[29.248,46.416],[29.229,46.431],[29.231,46.459],[29.256,46.485],[29.242,46.5],[29.237,46.559],[29.161,46.545],[29.162,46.516],[29.067,46.513],[29.038,46.507],[29.024,46.463],[28.93,46.459],[28.966,46.374],[28.992,46.336],[28.951,46.259],[29.066,46.196],[28.949,46.094],[29.004,46.049],[28.978,46.004],[28.776,45.972],[28.756,45.958],[28.753,45.928],[28.785,45.833],[28.696,45.819],[28.708,45.781],[28.625,45.767],[28.58,45.768],[28.589,45.73],[28.519,45.738],[28.505,45.701],[28.483,45.685],[28.487,45.659],[28.515,45.664],[28.5427,45.581],[28.542,45.581],[28.49,45.572],[28.514,45.501],[28.422,45.486],[28.421,45.514],[28.304,45.548],[28.254,45.516],[28.213,45.467],[28.271,45.45],[28.286,45.433],[28.284,45.399],[28.335,45.33],[28.349,45.319],[28.531,45.262],[28.561,45.249],[28.642,45.242],[28.719,45.223],[28.782,45.237],[28.753,45.284],[28.794,45.292],[28.82,45.334],[28.849,45.315],[28.874,45.315],[28.934,45.279],[28.95,45.311],[29.044,45.36],[29.105,45.373],[29.18,45.399],[29.186,45.41],[29.238,45.432],[29.291,45.426],[29.333,45.447],[29.363,45.435],[29.429,45.442],[29.474,45.422],[29.55,45.408],[29.592,45.387],[29.65,45.339],[29.669,45.307],[29.677,45.269],[29.661,45.238],[29.688,45.204],[29.76,45.227],[29.755,45.267],[29.785,45.318],[29.764,45.368],[29.786,45.439],[29.78,45.471],[29.75,45.467],[29.731,45.486],[29.705,45.468],[29.673,45.464],[29.633,45.48],[29.625,45.502],[29.641,45.512],[29.652,45.524],[29.6513,45.5282],[29.678,45.55],[29.684,45.557],[29.773,45.611],[29.836,45.641],[29.918,45.691],[30.028,45.753],[30.087,45.794],[30.197,45.849],[30.256,45.89],[30.327,45.96],[30.43,46.045],[30.47,46.07],[30.514,46.123],[30.553,46.149],[30.561,46.157],[30.5655,46.1651],[30.566,46.165],[30.579,46.19],[30.615,46.226],[30.684,46.326],[30.714,46.357],[30.753,46.374],[30.774,46.436],[30.767,46.478],[30.735,46.499],[30.737,46.528],[30.774,46.554],[30.819,46.546],[30.894,46.57],[30.96,46.582],[31.107,46.615],[31.131,46.615],[31.147,46.623],[31.1757,46.6258],[31.176,46.63],[31.185,46.661],[31.178,46.709],[31.155,46.727],[31.153,46.748],[31.177,46.769],[31.152,46.791],[31.155,46.836],[31.11,46.844],[31.092,46.88],[31.039,46.903],[31.0373,46.908],[31.0366,46.9099],[31.029,46.932],[31.022,46.937],[31.016,46.961],[31.086,46.983],[31.135,46.991],[31.143,46.98],[31.242,46.992],[31.229,47.023],[31.289,47.025],[31.304,47.049],[31.292,47.081],[31.291,47.093],[31.2723,47.159],[31.272,47.159],[31.269,47.171],[31.245,47.177],[31.201,47.171],[31.198,47.154],[31.157,47.156],[31.13,47.152],[31.109,47.155],[31.105,47.166],[31.115,47.168],[31.108,47.189],[31.119,47.191],[31.124,47.178],[31.156,47.182],[31.145,47.219],[31.177,47.224],[31.17,47.265],[31.08,47.253],[31.018,47.238],[30.996,47.289],[30.907,47.276],[30.892,47.32],[30.867,47.335],[30.884,47.358],[30.872,47.4],[30.851,47.419],[30.864,47.445],[30.851,47.504],[30.882,47.508],[30.875,47.544],[30.828,47.549],[30.773,47.545],[30.744,47.581],[30.778,47.585],[30.774,47.624],[30.788,47.648],[30.7779,47.6472],[30.776,47.647],[30.7753,47.6482]]]},"properties":{"oblast":"UA51"}},
{"type":"Feature","geometry":{"type":"Polygon","coordinates":[[[33.93,48.879],[33.946,48.878],[33.981,48.865],[34.012,48.866],[34.034,48.843],[34.074,48.823],[34.126,48.814],[34.125,48.784],[34.171,48.777],[34.25,48.743],[34.286,48.743],[34.296,48.738],[34.292,48.727],[34.292,48.725],[34.292,48.723],[34.2933,48.7223],[34.294,48.722],[34.308,48.729],[34.304,48.734],[34.315,48.738],[34.299,48.786],[34.298,48.82],[34.33,48.821],[34.338,48.872],[34.301,48.896],[34.313,48.941],[34.354,48.983],[34.333,49.008],[34.417,49.054],[34.406,49.075],[34.411,49.09],[34.465,49.063],[34.543,49.053],[34.575,49.062],[34.567,49.082],[34.59,49.104],[34.601,49.108],[34.608,49.115],[34.622,49.12],[34.6238,49.1212],[34.625,49.122],[34.625,49.124],[34.637,49.123],[34.649,49.13],[34.708,49.129],[34.765,49.149],[34.777,49.175],[34.805,49.167],[34.822,49.187],[34.853,49.19],[34.899,49.148],[34.947,49.191],[34.976,49.18],[35.005,49.154],[35.011,49.151],[35.01,49.148],[35.017,49.149],[35.0181,49.1501],[35.019,49.151],[35.0187,49.1518],[34.981,49.25],[35.007,49.301],[35.037,49.331],[35.088,49.3],[35.17,49.295],[35.242,49.296],[35.274,49.283],[35.289,49.296],[35.28,49.318],[35.376,49.398],[35.349,49.406],[35.365,49.448],[35.317,49.456],[35.332,49.504],[35.433,49.487],[35.482,49.483],[35.485,49.517],[35.43,49.527],[35.434,49.541],[35.428,49.55],[35.41,49.561],[35.476,49.565],[35.487,49.572],[35.453,49.631],[35.427,49.657],[35.435,49.665],[35.4342,49.6722],[35.434,49.674],[35.432,49.674],[35.426,49.674],[35.421,49.672],[35.39,49.671],[35.385,49.668],[35.345,49.666],[35.331,49.683],[35.266,49.686],[35.26,49.734],[35.223,49.738],[35.206,49.757],[35.203,49.795],[35.223,49.808],[35.22,49.831],[35.14,49.861],[35.074,49.859],[35.033,49.888],[35.014,49.877],[34.94,49.904],[34.913,49.936],[34.893,49.933],[34.867,49.959],[34.858,49.987],[34.903,50.031],[34.966,50.074],[34.938,50.097],[34.934,50.135],[34.939,50.145],[34.9405,50.1511],[34.941,50.153],[34.9402,50.1531],[34.902,50.16],[34.855,50.163],[34.798,50.161],[34.762,50.147],[34.734,50.161],[34.699,50.151],[34.698,50.112],[34.569,50.126],[34.547,50.133],[34.54,50.142],[34.539,50.155],[34.528,50.155],[34.535,50.172],[34.527,50.18],[34.572,50.228],[34.523,50.262],[34.508,50.286],[34.456,50.288],[34.401,50.319],[34.412,50.337],[34.382,50.359],[34.3804,50.3594],[34.392,50.366],[34.392,50.3664],[34.389,50.366],[34.3874,50.3665],[34.373,50.371],[34.342,50.389],[34.287,50.412],[34.251,50.44],[34.254,50.49],[34.249,50.515],[34.2454,50.523],[34.245,50.524],[34.2455,50.525],[34.241,50.525],[34.231,50.528],[34.229,50.527],[34.219,50.534],[34.172,50.526],[34.104,50.505],[34.062,50.517],[34.039,50.506],[33.955,50.548],[33.914,50.515],[33.893,50.535],[33.874,50.534],[33.812,50.517],[33.849,50.499],[33.828,50.483],[33.787,50.479],[33.786,50.462],[33.734,50.46],[33.718,50.469],[33.615,50.484],[33.573,50.496],[33.539,50.491],[33.376,50.499],[33.375,50.522],[33.32,50.521],[33.276,50.555],[33.242,50.54],[33.242,50.529],[33.233,50.513],[33.227,50.509],[33.221,50.505],[33.194,50.509],[33.179,50.522],[33.119,50.506],[33.1,50.519],[33.073,50.52],[33.07,50.519],[33.066,50.5203],[33.064,50.521],[33.0618,50.5199],[33.058,50.518],[33.042,50.503],[33.022,50.503],[33.026,50.493],[33.012,50.481],[33.014,50.472],[32.99,50.479],[32.988,50.475],[32.974,50.477],[32.969,50.474],[32.978,50.463],[32.967,50.459],[32.965,50.454],[32.969,50.45],[32.959,50.443],[32.949,50.447],[32.932,50.438],[32.932,50.434],[32.9354,50.4313],[32.919,50.43],[32.9,50.408],[32.838,50.376],[32.811,50.377],[32.787,50.369],[32.793,50.348],[32.75,50.361],[32.585,50.356],[32.525,50.347],[32.487,50.369],[32.493,50.397],[32.446,50.399],[32.339,50.429],[32.295,50.399],[32.29,50.38],[32.251,50.375],[32.219,50.359],[32.159,50.353],[32.1438,50.3494],[32.1422,50.3491],[32.142,50.349],[32.1425,50.3483],[32.1434,50.3471],[32.151,50.337],[32.138,50.305],[32.083,50.282],[32.099,50.276],[32.089,50.246],[32.096,50.237],[32.1132,50.2297],[32.1182,50.2275],[32.124,50.225],[32.111,50.212],[32.155,50.187],[32.176,50.164],[32.298,50.141],[32.303,50.121],[32.261,50.082],[32.313,50.038],[32.334,50.057],[32.364,50.033],[32.378,49.98],[32.427,49.96],[32.413,49.903],[32.433,49.888],[32.373,49.874],[32.437,49.821],[32.449,49.795],[32.503,49.803],[32.514,49.773],[32.555,49.773],[32.573,49.702],[32.662,49.68],[32.684,49.661],[32.689,49.659],[32.6899,49.6592],[32.691,49.657],[32.711,49.63],[32.706,49.615],[32.714,49.599],[32.733,49.595],[32.739,49.585],[32.75,49.582],[32.746,49.575],[32.752,49.566],[32.749,49.525],[32.711,49.501],[32.677,49.5],[32.669,49.489],[32.665,49.46],[32.651,49.44],[32.679,49.424],[32.677,49.399],[32.691,49.383],[32.713,49.384],[32.737,49.354],[32.689,49.353],[32.652,49.357],[32.595,49.379],[32.573,49.38],[32.556,49.385],[32.547,49.382],[32.53,49.39],[32.525,49.402],[32.51,49.409],[32.491,49.393],[32.491,49.384],[32.462,49.35],[32.471,49.34],[32.471,49.336],[32.4672,49.3284],[32.469,49.329],[32.4697,49.3286],[32.493,49.314],[32.506,49.308],[32.599,49.276],[32.658,49.248],[32.712,49.259],[32.747,49.245],[32.798,49.24],[32.815,49.25],[32.85,49.25],[32.86,49.246],[32.86,49.2457],[32.86,49.244],[32.874,49.239],[32.891,49.231],[32.937,49.229],[32.983,49.239],[32.987,49.206],[33.028,49.187],[33.102,49.184],[33.119,49.175],[33.157,49.129],[33.161,49.094],[33.199,49.073],[33.25,49.085],[33.249,49.148],[33.261,49.152],[33.272,49.134],[33.284,49.123],[33.303,49.118],[33.288,49.098],[33.287,49.083],[33.31,49.062],[33.325,49.023],[33.297,49.004],[33.323,48.962],[33.402,48.927],[33.4,48.952],[33.432,48.956],[33.475,48.951],[33.498,48.926],[33.537,48.93],[33.547,48.912],[33.576,48.91],[33.59,48.916],[33.61,48.938],[33.637,48.973],[33.665,48.977],[33.68,48.956],[33.722,48.939],[33.762,48.945],[33.829,48.933],[33.862,48.912],[33.891,48.903],[33.8933,48.9009],[33.8946,48.8998],[33.901,48.894],[33.92,48.882],[33.926,48.879],[33.93,48.879]]]},"properties":{"oblast":"UA53"}},
{"type":"Feature","geometry":{"type":"Polygon","coordinates":[[[25.947,51.233],[25.996,51.229],[26.052,51.191],[26.058,51.1857],[26.058,51.185],[26.058,51.183],[26.065,51.177],[26.057,51.173],[26.058,51.144],[26.005,51.126],[25.959,51.127],[25.942,51.083],[26.017,51.082],[26.091,51.049],[26.106,51.006],[26.085,51.004],[26.078,50.99],[26.083,50.974],[26.045,50.973],[26,50.966],[25.992,50.962],[25.984,50.962],[25.966,50.958],[25.966,50.956],[26,50.935],[25.991,50.865],[26.035,50.851],[26.015,50.825],[25.9,50.831],[25.886,50.765],[25.871,50.741],[25.877,50.707],[25.869,50.688],[25.822,50.647],[25.842,50.631],[25.8294,50.621],[25.8269,50.619],[25.826,50.619],[25.817,50.627],[25.815,50.637],[25.792,50.666],[25.743,50.669],[25.694,50.703],[25.693,50.724],[25.628,50.713],[25.514,50.684],[25.461,50.661],[25.415,50.665],[25.389,50.675],[25.388,50.657],[25.38,50.65],[25.37,50.653],[25.359,50.648],[25.363,50.64],[25.388,50.63],[25.399,50.606],[25.293,50.612],[25.319,50.585],[25.311,50.545],[25.271,50.532],[25.15,50.546],[25.133,50.548],[25.123,50.553],[25.123,50.529],[25.145,50.522],[25.162,50.503],[25.146,50.438],[25.174,50.402],[25.21,50.372],[25.184,50.363],[25.143,50.369],[25.167,50.33],[25.11,50.311],[25.108,50.299],[25.112,50.295],[25.1137,50.2881],[25.114,50.287],[25.113,50.286],[25.1117,50.2863],[25.112,50.284],[25.129,50.281],[25.158,50.289],[25.204,50.279],[25.202,50.254],[25.169,50.224],[25.169,50.201],[25.214,50.179],[25.196,50.13],[25.318,50.015],[25.329,50.012],[25.346,50.003],[25.3477,50.003],[25.348,50.003],[25.3482,50.0044],[25.35,50.017],[25.36,50.016],[25.364,50.045],[25.432,50.052],[25.455,50.093],[25.49,50.101],[25.485,50.115],[25.449,50.125],[25.45,50.15],[25.476,50.165],[25.555,50.149],[25.576,50.175],[25.626,50.151],[25.684,50.176],[25.725,50.172],[25.858,50.19],[25.898,50.233],[25.924,50.247],[25.924,50.254],[25.961,50.256],[25.969,50.245],[25.991,50.242],[26.018,50.228],[26.065,50.256],[26.078,50.249],[26.1121,50.2412],[26.112,50.241],[26.167,50.23],[26.192,50.262],[26.211,50.231],[26.178,50.197],[26.218,50.181],[26.2187,50.18],[26.22,50.178],[26.2202,50.1779],[26.224,50.176],[26.225,50.173],[26.229,50.171],[26.275,50.178],[26.295,50.187],[26.333,50.234],[26.399,50.264],[26.472,50.259],[26.497,50.268],[26.516,50.295],[26.588,50.339],[26.602,50.367],[26.649,50.364],[26.683,50.388],[26.693,50.419],[26.716,50.439],[26.738,50.444],[26.736,50.461],[26.767,50.46],[26.786,50.502],[26.857,50.508],[26.881,50.534],[26.9,50.545],[26.916,50.536],[26.945,50.53],[26.967,50.528],[27.049,50.551],[27.072,50.574],[27.129,50.588],[27.127,50.576],[27.129,50.565],[27.13,50.56],[27.136,50.559],[27.144,50.562],[27.19,50.56],[27.1952,50.5607],[27.1979,50.5611],[27.232,50.566],[27.216,50.588],[27.226,50.606],[27.199,50.62],[27.215,50.639],[27.223,50.672],[27.245,50.672],[27.274,50.712],[27.271,50.764],[27.244,50.771],[27.235,50.796],[27.236,50.84],[27.25,50.857],[27.245,50.87],[27.254,50.881],[27.257,50.893],[27.258,50.897],[27.251,50.901],[27.222,50.914],[27.217,50.925],[27.238,50.934],[27.239,50.946],[27.204,50.992],[27.2034,50.9921],[27.201,51],[27.227,51.007],[27.23,51.022],[27.271,51.031],[27.279,51.039],[27.326,51.041],[27.319,51.052],[27.326,51.069],[27.324,51.08],[27.335,51.082],[27.335,51.0825],[27.3342,51.0827],[27.333,51.083],[27.3333,51.0839],[27.335,51.089],[27.353,51.088],[27.366,51.098],[27.363,51.144],[27.396,51.17],[27.393,51.172],[27.405,51.187],[27.402,51.188],[27.4,51.202],[27.416,51.203],[27.468,51.247],[27.44,51.312],[27.489,51.316],[27.521,51.342],[27.525,51.366],[27.494,51.374],[27.491,51.409],[27.503,51.453],[27.534,51.432],[27.582,51.429],[27.578,51.479],[27.624,51.484],[27.646,51.498],[27.667,51.498],[27.662,51.518],[27.669,51.519],[27.6716,51.5175],[27.679,51.519],[27.677,51.539],[27.724,51.562],[27.736,51.594],[27.689,51.614],[27.615,51.609],[27.551,51.638],[27.506,51.63],[27.511,51.59],[27.483,51.594],[27.456,51.621],[27.393,51.606],[27.266,51.607],[27.246,51.621],[27.274,51.646],[27.251,51.668],[27.209,51.669],[27.203,51.774],[26.994,51.77],[26.948,51.737],[26.877,51.749],[26.847,51.767],[26.791,51.758],[26.761,51.776],[26.758,51.803],[26.695,51.824],[26.612,51.825],[26.551,51.813],[26.546,51.797],[26.4729,51.8009],[26.471,51.814],[26.428,51.834],[26.397,51.832],[26.372,51.863],[26.304,51.861],[26.273,51.872],[26.156,51.866],[26.095,51.913],[25.987,51.933],[25.924,51.916],[25.82,51.929],[25.825,51.944],[25.764,51.95],[25.756,51.925],[25.707,51.917],[25.593,51.926],[25.629,51.904],[25.677,51.903],[25.709,51.896],[25.689,51.88],[25.668,51.873],[25.656,51.859],[25.65,51.855],[25.65,51.851],[25.646,51.852],[25.641,51.848],[25.651,51.818],[25.645,51.799],[25.684,51.757],[25.65,51.708],[25.65,51.693],[25.609,51.64],[25.589,51.643],[25.556,51.625],[25.565,51.604],[25.58,51.61],[25.585,51.596],[25.6,51.581],[25.597,51.561],[25.566,51.54],[25.596,51.524],[25.551,51.519],[25.556,51.502],[25.611,51.508],[25.642,51.48],[25.647,51.418],[25.672,51.418],[25.7,51.396],[25.724,51.401],[25.761,51.401],[25.756,51.382],[25.807,51.376],[25.832,51.388],[25.831,51.334],[25.848,51.321],[25.877,51.316],[25.878,51.307],[25.922,51.287],[25.936,51.271],[25.942,51.253],[25.948,51.252],[25.947,51.233]]]},"properties":{"oblast":"UA56"}},
{"type":"Feature","geometry":{"type":"Polygon","coordinates":[[[34.292,51.486],[34.299,51.493],[34.296,51.534],[34.261,51.534],[34.258,51.561],[34.212,51.601],[34.183,51.598],[34.168,51.647],[34.113,51.65],[34.109,51.677],[34.161,51.685],[34.212,51.702],[34.292,51.704],[34.316,51.715],[34.402,51.714],[34.441,51.739],[34.44,51.759],[34.41,51.783],[34.417,51.825],[34.364,51.86],[34.305,51.885],[34.274,51.889],[34.251,51.917],[34.204,51.941],[34.19,51.97],[34.144,51.969],[34.141,52.001],[34.095,52.011],[34.084,52.059],[34.088,52.102],[34.116,52.143],[34.056,52.172],[34.054,52.202],[34.017,52.203],[34.001,52.228],[33.94,52.251],[33.946,52.284],[33.911,52.31],[33.875,52.308],[33.837,52.362],[33.797,52.368],[33.684,52.359],[33.666,52.345],[33.603,52.335],[33.559,52.303],[33.505,52.307],[33.519,52.356],[33.451,52.358],[33.438,52.353],[33.446,52.344],[33.4291,52.3468],[33.428,52.347],[33.422,52.332],[33.405,52.323],[33.39,52.292],[33.352,52.221],[33.328,52.216],[33.324,52.195],[33.312,52.193],[33.309,52.184],[33.318,52.181],[33.321,52.17],[33.339,52.146],[33.415,52.123],[33.444,52.097],[33.438,52.087],[33.493,52.082],[33.499,52.088],[33.499,52.039],[33.464,52.04],[33.427,52.027],[33.404,52.051],[33.384,52.049],[33.345,52.03],[33.316,52.033],[33.312,52.025],[33.317,52.018],[33.304,52.012],[33.336,52.005],[33.348,51.998],[33.349,51.983],[33.384,51.971],[33.355,51.932],[33.318,51.938],[33.302,51.934],[33.296,51.936],[33.289,51.924],[33.255,51.927],[33.197,51.911],[33.189,51.914],[33.183,51.904],[33.174,51.906],[33.18,51.888],[33.144,51.879],[33.122,51.864],[33.121,51.811],[33.108,51.793],[33.1,51.79],[33.099,51.7843],[33.084,51.782],[33.078,51.773],[33.092,51.766],[33.093,51.759],[33.106,51.742],[33.137,51.726],[33.155,51.702],[33.166,51.693],[33.145,51.684],[33.165,51.681],[33.1643,51.68],[33.142,51.68],[33.124,51.651],[33.154,51.641],[33.153,51.609],[33.192,51.574],[33.158,51.57],[33.156,51.555],[33.185,51.537],[33.193,51.522],[33.16,51.496],[33.135,51.495],[33.112,51.429],[33.133,51.416],[33.107,51.367],[33.061,51.372],[33.06,51.385],[33.044,51.387],[33.058,51.405],[33.044,51.405],[33.016,51.397],[33.022,51.384],[33.039,51.368],[33.034,51.358],[33.035,51.35],[33.043,51.341],[33.064,51.346],[33.073,51.338],[33.07,51.333],[33.0692,51.333],[33.0695,51.3315],[33.07,51.329],[33.076,51.324],[33.08,51.323],[33.074,51.316],[33.078,51.312],[33.07,51.254],[33.031,51.227],[33.043,51.205],[32.989,51.196],[32.962,51.163],[32.994,51.143],[32.944,51.09],[33.042,51.083],[33.07,51.07],[33.085,51.041],[33.062,51.017],[33.051,51.011],[33.042,50.996],[33.042,50.993],[33.05,50.989],[33.078,50.983],[33.077,50.993],[33.118,51.008],[33.141,50.968],[33.18,50.96],[33.186,50.963],[33.1997,50.963],[33.201,50.963],[33.201,50.961],[33.201,50.934],[33.198,50.921],[33.212,50.901],[33.2,50.89],[33.177,50.892],[33.17,50.886],[33.18,50.87],[33.174,50.855],[33.186,50.85],[33.155,50.824],[33.167,50.815],[33.17,50.8],[33.16,50.786],[33.19,50.751],[33.241,50.731],[33.138,50.71],[33.152,50.695],[33.148,50.654],[33.123,50.639],[33.102,50.591],[33.098,50.579],[33.075,50.556],[33.051,50.541],[33.064,50.524],[33.062,50.522],[33.066,50.521],[33.066,50.5203],[33.07,50.519],[33.073,50.52],[33.1,50.519],[33.119,50.506],[33.179,50.522],[33.194,50.509],[33.221,50.505],[33.227,50.509],[33.233,50.513],[33.242,50.529],[33.242,50.54],[33.276,50.555],[33.32,50.521],[33.375,50.522],[33.376,50.499],[33.539,50.491],[33.573,50.496],[33.615,50.484],[33.718,50.469],[33.734,50.46],[33.786,50.462],[33.787,50.479],[33.828,50.483],[33.849,50.499],[33.812,50.517],[33.874,50.534],[33.893,50.535],[33.914,50.515],[33.955,50.548],[34.039,50.506],[34.062,50.517],[34.104,50.505],[34.172,50.526],[34.219,50.534],[34.229,50.527],[34.231,50.528],[34.241,50.525],[34.2455,50.525],[34.245,50.524],[34.2454,50.523],[34.249,50.515],[34.254,50.49],[34.251,50.44],[34.287,50.412],[34.342,50.389],[34.373,50.371],[34.3874,50.3665],[34.389,50.366],[34.392,50.3664],[34.392,50.366],[34.3804,50.3594],[34.382,50.359],[34.412,50.337],[34.401,50.319],[34.456,50.288],[34.508,50.286],[34.523,50.262],[34.572,50.228],[34.527,50.18],[34.535,50.172],[34.528,50.155],[34.539,50.155],[34.54,50.142],[34.547,50.133],[34.569,50.126],[34.698,50.112],[34.699,50.151],[34.734,50.161],[34.762,50.147],[34.798,50.161],[34.855,50.163],[34.902,50.16],[34.9402,50.1531],[34.964,50.156],[34.972,50.162],[34.961,50.184],[34.993,50.185],[35.006,50.182],[35.006,50.18],[35.008,50.185],[35.031,50.182],[35.04,50.166],[35.058,50.186],[35.067,50.189],[35.069,50.197],[35.075,50.201],[35.069,50.207],[35.105,50.215],[35.147,50.243],[35.191,50.229],[35.26,50.235],[35.26,50.261],[35.268,50.266],[35.299,50.263],[35.296,50.289],[35.33,50.32],[35.439,50.318],[35.496,50.294],[35.515,50.318],[35.573,50.321],[35.593,50.332],[35.638,50.314],[35.674,50.327],[35.68,50.342],[35.653,50.346],[35.657,50.352],[35.6576,50.3521],[35.628,50.355],[35.585,50.394],[35.587,50.45],[35.539,50.46],[35.477,50.489],[35.436,50.532],[35.44,50.543],[35.4395,50.5434],[35.44,50.545],[35.429,50.563],[35.393,50.58],[35.427,50.603],[35.393,50.642],[35.463,50.665],[35.474,50.725],[35.466,50.735],[35.49,50.777],[35.45,50.784],[35.411,50.806],[35.42,50.844],[35.382,50.894],[35.394,50.925],[35.333,50.936],[35.353,50.973],[35.33,51.009],[35.359,51.004],[35.404,51.022],[35.407,51.049],[35.376,51.068],[35.351,51.063],[35.304,51.08],[35.213,51.047],[35.167,51.077],[35.178,51.1],[35.169,51.127],[35.143,51.135],[35.124,51.165],[35.144,51.202],[35.12,51.233],[35.071,51.235],[35.059,51.216],[34.98,51.237],[34.898,51.194],[34.862,51.2],[34.818,51.17],[34.731,51.183],[34.716,51.173],[34.669,51.199],[34.665,51.243],[34.6,51.252],[34.579,51.235],[34.542,51.254],[34.513,51.243],[34.414,51.263],[34.384,51.275],[34.331,51.241],[34.306,51.239],[34.244,51.265],[34.232,51.2656],[34.232,51.267],[34.235,51.269],[34.233,51.273],[34.239,51.292],[34.316,51.328],[34.337,51.367],[34.287,51.376],[34.229,51.421],[34.256,51.44],[34.267,51.474],[34.292,51.479],[34.292,51.486]]]},"properties":{"oblast":"UA59"}},
{"type":"Feature","geometry":{"type":"Polygon","coordinates":[[[25.428,49.9373],[25.426,49.9381],[25.424,49.939],[25.42,49.939],[25.416,49.935],[25.4,49.938],[25.388,49.935],[25.375,49.914],[25.388,49.897],[25.374,49.868],[25.304,49.853],[25.287,49.829],[25.238,49.825],[25.183,49.838],[25.142,49.818],[25.083,49.829],[25.089,49.788],[25.071,49.77],[25.114,49.746],[25.079,49.724],[25.068,49.713],[25.046,49.73],[25.021,49.736],[24.996,49.697],[24.982,49.638],[24.957,49.621],[24.907,49.616],[24.887,49.603],[24.865,49.604],[24.851,49.602],[24.8468,49.6018],[24.8447,49.6016],[24.834,49.601],[24.791,49.574],[24.721,49.571],[24.72,49.498],[24.7171,49.4968],[24.715,49.496],[24.7155,49.4953],[24.717,49.493],[24.724,49.494],[24.728,49.491],[24.728,49.48],[24.75,49.449],[24.77,49.431],[24.772,49.393],[24.777,49.382],[24.775,49.377],[24.791,49.381],[24.799,49.381],[24.812,49.388],[24.823,49.384],[24.835,49.359],[24.827,49.285],[24.842,49.262],[24.902,49.241],[24.932,49.235],[24.898,49.216],[24.886,49.199],[24.855,49.178],[24.899,49.128],[24.982,49.117],[24.971,49.096],[24.99,49.085],[24.99,49.072],[24.966,49.073],[24.941,49.082],[24.915,49.084],[24.908,49.08],[24.902,49.056],[24.904,49.049],[24.911,49.05],[24.915,49.044],[24.971,49.009],[25.018,49.01],[25.056,48.99],[25.088,48.983],[25.109,48.963],[25.146,48.945],[25.138,48.935],[25.12,48.929],[25.117,48.924],[25.119,48.916],[25.135,48.89],[25.137,48.877],[25.135,48.871],[25.139,48.868],[25.163,48.864],[25.174,48.873],[25.175,48.882],[25.168,48.893],[25.199,48.914],[25.192,48.922],[25.213,48.921],[25.218,48.926],[25.231,48.932],[25.237,48.92],[25.228,48.909],[25.23,48.889],[25.208,48.851],[25.23,48.848],[25.238,48.865],[25.26,48.866],[25.283,48.862],[25.291,48.844],[25.313,48.846],[25.325,48.843],[25.325,48.839],[25.325,48.837],[25.3258,48.837],[25.34,48.837],[25.336,48.851],[25.354,48.859],[25.427,48.842],[25.449,48.84],[25.51,48.804],[25.564,48.793],[25.597,48.766],[25.631,48.753],[25.609,48.727],[25.609,48.721],[25.616,48.715],[25.642,48.712],[25.652,48.705],[25.645,48.694],[25.625,48.686],[25.62,48.677],[25.629,48.671],[25.6376,48.6699],[25.6405,48.6695],[25.644,48.669],[25.652,48.666],[25.682,48.663],[25.706,48.664],[25.724,48.639],[25.741,48.632],[25.748,48.638],[25.748,48.648],[25.761,48.666],[25.78,48.675],[25.806,48.666],[25.854,48.62],[25.846,48.603],[25.904,48.586],[25.934,48.59],[25.975,48.62],[26.01,48.609],[26.03,48.618],[26.03,48.638],[26.039,48.648],[26.056,48.645],[26.065,48.607],[26.043,48.585],[26.089,48.539],[26.106,48.538],[26.1176,48.5434],[26.1182,48.5437],[26.123,48.546],[26.129,48.556],[26.125,48.569],[26.106,48.582],[26.097,48.598],[26.099,48.611],[26.124,48.617],[26.144,48.598],[26.146,48.545],[26.168,48.527],[26.2,48.525],[26.262,48.539],[26.293,48.513],[26.355,48.506],[26.389,48.533],[26.433,48.534],[26.4435,48.5375],[26.445,48.538],[26.4448,48.5392],[26.444,48.543],[26.434,48.549],[26.408,48.543],[26.388,48.564],[26.353,48.561],[26.361,48.589],[26.325,48.6],[26.327,48.612],[26.317,48.623],[26.325,48.632],[26.309,48.648],[26.277,48.65],[26.281,48.669],[26.267,48.673],[26.248,48.669],[26.243,48.679],[26.246,48.685],[26.23,48.683],[26.222,48.686],[26.222,48.692],[26.237,48.693],[26.234,48.702],[26.245,48.734],[26.247,48.757],[26.231,48.805],[26.255,48.808],[26.26,48.816],[26.251,48.824],[26.24,48.819],[26.233,48.828],[26.22,48.834],[26.223,48.848],[26.218,48.853],[26.207,48.854],[26.213,48.864],[26.207,48.875],[26.215,48.883],[26.195,48.933],[26.213,48.982],[26.215,49.014],[26.208,49.038],[26.189,49.047],[26.184,49.057],[26.196,49.064],[26.216,49.07],[26.215,49.075],[26.195,49.074],[26.198,49.088],[26.206,49.1],[26.196,49.137],[26.201,49.157],[26.211,49.16],[26.211,49.168],[26.21,49.166],[26.2072,49.1666],[26.19,49.17],[26.182,49.194],[26.201,49.245],[26.231,49.247],[26.257,49.265],[26.243,49.271],[26.24,49.277],[26.258,49.291],[26.246,49.298],[26.245,49.301],[26.251,49.305],[26.246,49.315],[26.225,49.326],[26.224,49.34],[26.227,49.348],[26.235,49.354],[26.243,49.369],[26.223,49.374],[26.2221,49.3747],[26.2205,49.376],[26.218,49.378],[26.219,49.38],[26.229,49.383],[26.23,49.397],[26.224,49.402],[26.227,49.408],[26.214,49.418],[26.2,49.422],[26.192,49.43],[26.187,49.481],[26.165,49.493],[26.142,49.508],[26.145,49.515],[26.156,49.521],[26.158,49.533],[26.176,49.551],[26.19,49.558],[26.218,49.552],[26.206,49.576],[26.214,49.59],[26.205,49.596],[26.198,49.609],[26.208,49.611],[26.215,49.62],[26.225,49.624],[26.231,49.638],[26.252,49.634],[26.268,49.668],[26.241,49.693],[26.227,49.697],[26.209,49.707],[26.193,49.709],[26.19,49.714],[26.1902,49.7142],[26.1915,49.7153],[26.205,49.727],[26.213,49.736],[26.242,49.746],[26.228,49.786],[26.194,49.82],[26.184,49.836],[26.184,49.845],[26.178,49.846],[26.181,49.851],[26.1988,49.866],[26.193,49.871],[26.176,49.874],[26.162,49.887],[26.132,49.898],[26.164,49.923],[26.144,49.959],[26.172,49.995],[26.179,50.023],[26.221,50.059],[26.2,50.066],[26.198,50.099],[26.273,50.104],[26.208,50.153],[26.219,50.165],[26.21,50.174],[26.212,50.177],[26.2187,50.18],[26.218,50.181],[26.178,50.197],[26.211,50.231],[26.192,50.262],[26.167,50.23],[26.112,50.241],[26.1121,50.2412],[26.078,50.249],[26.065,50.256],[26.018,50.228],[25.991,50.242],[25.969,50.245],[25.961,50.256],[25.924,50.254],[25.924,50.247],[25.898,50.233],[25.858,50.19],[25.725,50.172],[25.684,50.176],[25.626,50.151],[25.576,50.175],[25.555,50.149],[25.476,50.165],[25.45,50.15],[25.449,50.125],[25.485,50.115],[25.49,50.101],[25.455,50.093],[25.432,50.052],[25.364,50.045],[25.36,50.016],[25.35,50.017],[25.3482,50.0044],[25.362,49.997],[25.375,49.992],[25.403,49.987],[25.413,49.97],[25.405,49.948],[25.428,49.944],[25.428,49.9373]]]},"properties":{"oblast":"UA61"}},
{"type":"Feature","geometry":{"type":"Polygon","coordinates":[[[35.4342,49.6722],[35.435,49.665],[35.427,49.657],[35.453,49.631],[35.487,49.572],[35.476,49.565],[35.41,49.561],[35.428,49.55],[35.434,49.541],[35.43,49.527],[35.485,49.517],[35.482,49.483],[35.433,49.487],[35.332,49.504],[35.317,49.456],[35.365,49.448],[35.349,49.406],[35.376,49.398],[35.28,49.318],[35.289,49.296],[35.274,49.283],[35.242,49.296],[35.17,49.295],[35.088,49.3],[35.037,49.331],[35.007,49.301],[34.981,49.25],[35.0187,49.1518],[35.019,49.151],[35.0181,49.1501],[35.033,49.152],[35.041,49.155],[35.044,49.154],[35.068,49.165],[35.082,49.141],[35.086,49.14],[35.093,49.143],[35.087,49.146],[35.097,49.155],[35.111,49.156],[35.12,49.161],[35.131,49.153],[35.146,49.149],[35.16,49.16],[35.187,49.162],[35.189,49.137],[35.2,49.135],[35.215,49.127],[35.21,49.125],[35.208,49.119],[35.19,49.116],[35.23,49.1],[35.258,49.112],[35.268,49.104],[35.268,49.095],[35.277,49.089],[35.31,49.087],[35.301,49.071],[35.342,49.044],[35.351,49.04],[35.362,49.041],[35.366,49.036],[35.372,49.034],[35.375,49.031],[35.379,49.032],[35.385,49.026],[35.401,49.029],[35.399,49.018],[35.41,49.011],[35.428,49.01],[35.484,48.972],[35.512,48.98],[35.564,48.973],[35.627,48.982],[35.648,48.973],[35.696,48.965],[35.691,48.944],[35.764,48.954],[35.788,48.946],[35.801,48.926],[35.809,48.926],[35.8149,48.928],[35.815,48.928],[35.8156,48.9298],[35.816,48.931],[35.814,48.932],[35.81,48.939],[35.821,48.939],[35.828,48.946],[35.944,48.977],[35.939,48.998],[35.988,48.969],[35.995,48.938],[36.042,48.916],[36.011,48.887],[36.038,48.873],[36.018,48.854],[36.075,48.832],[36.065,48.807],[36.107,48.808],[36.129,48.805],[36.157,48.784],[36.16,48.749],[36.143,48.723],[36.243,48.673],[36.282,48.658],[36.265,48.647],[36.259,48.624],[36.25,48.62],[36.26,48.616],[36.269,48.608],[36.318,48.587],[36.27,48.544],[36.2951,48.5305],[36.2969,48.5321],[36.324,48.557],[36.355,48.541],[36.39,48.565],[36.38,48.571],[36.423,48.613],[36.483,48.665],[36.591,48.604],[36.654,48.61],[36.672,48.626],[36.705,48.624],[36.713,48.624],[36.7371,48.6267],[36.733,48.645],[36.721,48.655],[36.726,48.659],[36.717,48.672],[36.717,48.678],[36.714,48.678],[36.717,48.684],[36.717,48.69],[36.734,48.704],[36.715,48.735],[36.708,48.767],[36.691,48.769],[36.688,48.777],[36.702,48.785],[36.7188,48.8055],[36.7214,48.8053],[36.734,48.804],[36.783,48.79],[36.788,48.78],[36.84,48.772],[36.855,48.799],[36.966,48.793],[37.037,48.745],[37.044,48.767],[36.997,48.788],[37.024,48.817],[37.079,48.817],[37.099,48.85],[37.193,48.814],[37.196,48.85],[37.191,48.869],[37.198,48.88],[37.217,48.889],[37.225,48.903],[37.267,48.905],[37.27,48.922],[37.329,48.921],[37.333,48.936],[37.296,48.969],[37.345,49.002],[37.374,48.995],[37.385,49.047],[37.418,49.06],[37.482,49.057],[37.507,49.069],[37.489,49.102],[37.547,49.111],[37.586,49.125],[37.554,49.168],[37.504,49.187],[37.514,49.199],[37.549,49.212],[37.569,49.23],[37.614,49.232],[37.712,49.219],[37.797,49.201],[37.844,49.2],[37.851,49.221],[37.861,49.232],[37.8729,49.2328],[37.875,49.233],[37.8743,49.235],[37.873,49.239],[37.868,49.246],[37.913,49.26],[37.914,49.277],[37.959,49.284],[37.949,49.305],[37.884,49.314],[37.878,49.329],[37.887,49.341],[37.886,49.351],[37.897,49.397],[37.897,49.404],[37.879,49.418],[37.876,49.448],[37.845,49.446],[37.852,49.488],[37.838,49.493],[37.846,49.499],[37.845,49.504],[37.8443,49.5035],[37.8428,49.5025],[37.841,49.508],[37.846,49.522],[37.886,49.52],[37.885,49.549],[37.9,49.575],[37.937,49.582],[37.933,49.595],[37.941,49.595],[37.943,49.612],[37.974,49.613],[37.986,49.643],[37.995,49.649],[38.032,49.658],[37.998,49.7],[37.991,49.715],[37.975,49.707],[37.959,49.717],[37.95,49.732],[37.965,49.757],[37.976,49.769],[37.985,49.755],[37.999,49.754],[38.009,49.766],[38.052,49.784],[38.009,49.812],[38.017,49.838],[38.074,49.837],[38.092,49.846],[38.045,49.882],[38.031,49.899],[38.0329,49.9013],[38.023,49.91],[38.045,49.933],[38.006,49.968],[37.966,49.98],[37.926,50.036],[37.894,50.052],[37.825,50.069],[37.798,50.085],[37.756,50.08],[37.708,50.128],[37.64,50.18],[37.615,50.22],[37.628,50.24],[37.63,50.315],[37.556,50.331],[37.5359,50.3348],[37.536,50.335],[37.522,50.337],[37.507,50.353],[37.468,50.379],[37.466,50.43],[37.492,50.458],[37.392,50.432],[37.331,50.438],[37.293,50.402],[37.256,50.394],[37.179,50.363],[37.104,50.352],[36.933,50.351],[36.852,50.329],[36.833,50.314],[36.768,50.303],[36.729,50.278],[36.689,50.269],[36.679,50.238],[36.664,50.223],[36.648,50.219],[36.64,50.223],[36.619,50.228],[36.613,50.225],[36.562,50.251],[36.592,50.27],[36.585,50.287],[36.524,50.288],[36.488,50.313],[36.406,50.312],[36.364,50.288],[36.297,50.293],[36.276,50.325],[36.285,50.336],[36.194,50.405],[36.184,50.407],[36.1774,50.4027],[36.169,50.413],[36.161,50.433],[36.086,50.45],[36.038,50.451],[35.958,50.435],[35.889,50.44],[35.872,50.424],[35.832,50.435],[35.792,50.417],[35.802,50.398],[35.739,50.356],[35.673,50.356],[35.6576,50.3521],[35.657,50.352],[35.653,50.346],[35.68,50.342],[35.674,50.327],[35.638,50.314],[35.593,50.332],[35.573,50.321],[35.515,50.318],[35.496,50.294],[35.439,50.318],[35.33,50.32],[35.296,50.289],[35.299,50.263],[35.268,50.266],[35.26,50.261],[35.26,50.235],[35.191,50.229],[35.147,50.243],[35.105,50.215],[35.069,50.207],[35.075,50.201],[35.069,50.197],[35.067,50.189],[35.058,50.186],[35.04,50.166],[35.031,50.182],[35.008,50.185],[35.006,50.18],[35.006,50.182],[34.993,50.185],[34.961,50.184],[34.972,50.162],[34.964,50.156],[34.9402,50.1531],[34.941,50.153],[34.9405,50.1511],[34.939,50.145],[34.934,50.135],[34.938,50.097],[34.966,50.074],[34.903,50.031],[34.858,49.987],[34.867,49.959],[34.893,49.933],[34.913,49.936],[34.94,49.904],[35.014,49.877],[35.033,49.888],[35.074,49.859],[35.14,49.861],[35.22,49.831],[35.223,49.808],[35.203,49.795],[35.206,49.757],[35.223,49.738],[35.26,49.734],[35.266,49.686],[35.331,49.683],[35.345,49.666],[35.385,49.668],[35.39,49.671],[35.421,49.672],[35.426,49.674],[35.432,49.674],[35.434,49.674],[35.4342,49.6722]]]},"properties":{"oblast":"UA63"}},
{"type":"Feature","geometry":{"type":"MultiPolygon","coordinates":[[[[33.0932,47.5778],[33.09,47.555],[33.095,47.529],[33.143,47.544],[33.148,47.514],[33.124,47.508],[33.139,47.419],[33.071,47.411],[33.055,47.443],[33.03,47.421],[33.04,47.381],[33.115,47.39],[33.124,47.385],[33.138,47.333],[33.133,47.329],[33.122,47.325],[33.104,47.322],[33.106,47.281],[33.138,47.268],[33.185,47.238],[33.165,47.231],[33.145,47.231],[33.129,47.231],[33.128,47.223],[33.135,47.213],[33.132,47.202],[33.112,47.205],[33.099,47.223],[33.065,47.215],[33.068,47.201],[33.038,47.188],[32.962,47.189],[32.949,47.163],[32.919,47.144],[32.911,47.094],[32.933,47.08],[33.027,47.041],[33.051,47.071],[33.073,47.064],[33.101,47.099],[33.081,47.108],[33.105,47.138],[33.157,47.117],[33.094,47.038],[33.068,47.021],[33.0245,46.9736],[33.0231,46.9721],[33.023,46.972],[32.95,47.002],[32.935,46.986],[32.951,46.947],[32.981,46.933],[32.923,46.926],[32.927,46.913],[32.925,46.909],[32.842,46.899],[32.857,46.878],[32.916,46.884],[32.921,46.867],[32.947,46.87],[32.95,46.857],[32.815,46.839],[32.816,46.834],[32.697,46.822],[32.687,46.861],[32.618,46.853],[32.585,46.855],[32.57,46.872],[32.546,46.868],[32.5442,46.8817],[32.535,46.881],[32.542,46.849],[32.532,46.822],[32.468,46.816],[32.463,46.839],[32.367,46.828],[32.374,46.798],[32.341,46.794],[32.253,46.819],[32.211,46.805],[32.219,46.77],[32.172,46.751],[32.112,46.744],[32.077,46.73],[32.088,46.683],[32.022,46.677],[31.989,46.654],[31.931,46.652],[31.9281,46.5827],[31.928,46.5815],[31.928,46.581],[31.863,46.523],[31.846,46.497],[31.806,46.479],[31.811,46.361],[31.8039,46.3539],[31.803,46.333],[31.773,46.326],[31.687,46.259],[31.606,46.243],[31.656,46.229],[31.858,46.194],[32.077,46.165],[32.379,46.096],[32.533,46.066],[32.642,46.053],[32.737,46.032],[32.873,46.014],[33.036,46.006],[33.033,46.029],[32.978,46.03],[32.944,46.047],[32.908,46.038],[32.865,46.062],[32.798,46.033],[32.717,46.039],[32.663,46.055],[32.54,46.069],[32.549,46.082],[32.645,46.106],[32.677,46.099],[32.736,46.107],[32.767,46.12],[32.822,46.11],[32.875,46.115],[32.941,46.105],[33.016,46.108],[33.017,46.118],[33.043,46.156],[33.081,46.135],[33.135,46.123],[33.187,46.154],[33.226,46.153],[33.33,46.114],[33.363,46.076],[33.401,46.047],[33.427,46.039],[33.467,46.047],[33.518,46.081],[33.51,46.117],[33.539,46.117],[33.583,46.158],[33.607,46.148],[33.614,46.134],[33.64,46.14],[33.642,46.142],[33.636,46.147],[33.62,46.214],[33.616,46.225],[33.633,46.227],[33.6331,46.2271],[33.647,46.229],[33.67,46.211],[33.735,46.185],[33.751,46.187],[33.773,46.197],[33.811,46.203],[33.848,46.199],[33.861,46.194],[33.894,46.171],[33.94,46.154],[33.971,46.1404],[33.971,46.14],[33.998,46.125],[34.052,46.108],[34.057,46.109],[34.0677,46.1148],[34.07,46.116],[34.119,46.106],[34.18,46.067],[34.248,46.052],[34.32,46.067],[34.347,46.054],[34.404,46.009],[34.415,45.985],[34.464,45.947],[34.502,45.942],[34.553,45.988],[34.607,45.992],[34.666,45.969],[34.753,45.908],[34.801,45.9],[34.799,45.809],[34.862,45.794],[34.941,45.765],[34.9571,45.757],[34.959,45.756],[34.9608,45.7565],[34.9668,45.7583],[34.9687,45.7588],[34.976,45.761],[34.976,45.763],[34.933,45.829],[34.872,45.946],[34.847,46.022],[34.829,46.128],[34.811,46.159],[34.836,46.205],[34.897,46.24],[35.004,46.254],[35.076,46.277],[35.102,46.299],[35.102,46.3001],[35.102,46.303],[35.073,46.301],[35.058,46.374],[35.071,46.379],[35.056,46.482],[35.022,46.48],[34.957,46.503],[34.947,46.514],[34.891,46.508],[34.892,46.564],[34.758,46.55],[34.748,46.585],[34.724,46.583],[34.714,46.619],[34.757,46.626],[34.747,46.684],[34.684,46.678],[34.682,46.693],[34.633,46.689],[34.626,46.723],[34.66,46.739],[34.735,46.746],[34.769,46.781],[34.759,46.822],[34.817,46.827],[34.805,46.884],[34.753,46.881],[34.737,46.962],[34.686,46.957],[34.682,46.98],[34.625,46.974],[34.6,46.993],[34.592,47.028],[34.568,47.026],[34.554,47.107],[34.5198,47.1059],[34.5186,47.1058],[34.5162,47.118],[34.516,47.119],[34.5181,47.1192],[34.518,47.12],[34.505,47.177],[34.492,47.246],[34.531,47.25],[34.528,47.268],[34.524,47.268],[34.518,47.285],[34.488,47.281],[34.481,47.314],[34.513,47.336],[34.413,47.324],[34.4,47.288],[34.358,47.295],[34.328,47.291],[34.294,47.275],[34.273,47.362],[34.244,47.434],[34.225,47.451],[34.187,47.465],[34.1458,47.4769],[34.142,47.478],[34.1387,47.4777],[34.1159,47.4757],[34.1139,47.4755],[34.074,47.472],[34.016,47.461],[34.016,47.4605],[34.016,47.4586],[34.006,47.456],[33.95,47.461],[33.939,47.515],[33.643,47.484],[33.635,47.513],[33.587,47.502],[33.58,47.531],[33.591,47.573],[33.58,47.599],[33.476,47.587],[33.487,47.543],[33.327,47.522],[33.35,47.493],[33.314,47.482],[33.309,47.501],[33.242,47.529],[33.216,47.531],[33.217,47.549],[33.237,47.571],[33.177,47.567],[33.165,47.568],[33.0932,47.5778]]],[[[35.2724,46.265],[35.272,46.265],[35.271,46.262],[35.267,46.261],[35.266,46.255],[35.25,46.241],[35.222,46.222],[35.213,46.188],[35.139,46.163],[35.034,46.147],[35.031,46.128],[34.991,46.107],[35.003,46.079],[35.113,46.11],[35.164,46.134],[35.211,46.177],[35.239,46.219],[35.27,46.252],[35.278,46.2635],[35.279,46.265],[35.2755,46.2652],[35.2753,46.265],[35.2724,46.265]]]]},"properties":{"oblast":"UA65"}},
{"type":"Feature","geometry":{"type":"Polygon","coordinates":[[[27.3946,48.929],[27.394,48.932],[27.397,48.935],[27.394,48.939],[27.418,48.955],[27.412,48.961],[27.419,48.972],[27.41,48.974],[27.396,48.991],[27.399,48.999],[27.386,49.004],[27.383,49.007],[27.407,49.029],[27.417,49.054],[27.446,49.071],[27.487,49.068],[27.481,49.088],[27.506,49.111],[27.494,49.121],[27.512,49.13],[27.533,49.124],[27.547,49.13],[27.573,49.12],[27.599,49.134],[27.602,49.161],[27.632,49.161],[27.639,49.167],[27.698,49.138],[27.749,49.145],[27.759,49.153],[27.755,49.16],[27.764,49.159],[27.768,49.164],[27.774,49.163],[27.775,49.169],[27.784,49.174],[27.777,49.186],[27.792,49.184],[27.798,49.175],[27.804,49.185],[27.818,49.187],[27.822,49.178],[27.851,49.17],[27.899,49.185],[27.895,49.21],[27.8888,49.2131],[27.8864,49.2143],[27.883,49.216],[27.869,49.215],[27.859,49.236],[27.873,49.25],[27.851,49.265],[27.863,49.278],[27.864,49.294],[27.859,49.329],[27.816,49.356],[27.813,49.387],[27.835,49.391],[27.837,49.409],[27.8506,49.4197],[27.851,49.42],[27.8512,49.4216],[27.852,49.428],[27.846,49.432],[27.828,49.423],[27.806,49.44],[27.751,49.441],[27.765,49.477],[27.79,49.493],[27.737,49.495],[27.745,49.529],[27.774,49.519],[27.795,49.53],[27.788,49.561],[27.762,49.583],[27.785,49.596],[27.813,49.645],[27.767,49.667],[27.764,49.696],[27.808,49.709],[27.837,49.728],[27.838,49.731],[27.8188,49.7345],[27.8168,49.7349],[27.816,49.735],[27.793,49.728],[27.774,49.735],[27.758,49.752],[27.705,49.77],[27.725,49.79],[27.728,49.801],[27.718,49.807],[27.696,49.81],[27.667,49.809],[27.656,49.803],[27.63,49.833],[27.612,49.876],[27.626,49.891],[27.577,49.905],[27.57,49.911],[27.562,49.91],[27.561,49.903],[27.55,49.909],[27.5499,49.909],[27.5479,49.9093],[27.547,49.936],[27.565,49.959],[27.546,50.013],[27.567,50.019],[27.581,50.019],[27.611,50.007],[27.641,50.038],[27.67,50.026],[27.681,50.048],[27.668,50.077],[27.614,50.086],[27.63,50.147],[27.661,50.17],[27.661,50.191],[27.662,50.193],[27.658,50.1922],[27.657,50.192],[27.6556,50.1934],[27.636,50.189],[27.641,50.173],[27.624,50.175],[27.623,50.196],[27.624,50.2],[27.621,50.199],[27.617,50.199],[27.612,50.196],[27.609,50.215],[27.594,50.217],[27.598,50.26],[27.542,50.247],[27.527,50.226],[27.49,50.24],[27.482,50.258],[27.414,50.277],[27.418,50.308],[27.371,50.329],[27.316,50.333],[27.322,50.369],[27.25,50.393],[27.26,50.424],[27.291,50.455],[27.302,50.494],[27.263,50.496],[27.264,50.51],[27.26,50.514],[27.208,50.533],[27.197,50.553],[27.198,50.561],[27.1979,50.5611],[27.1952,50.5607],[27.19,50.56],[27.144,50.562],[27.136,50.559],[27.13,50.56],[27.129,50.565],[27.127,50.576],[27.129,50.588],[27.072,50.574],[27.049,50.551],[26.967,50.528],[26.945,50.53],[26.916,50.536],[26.9,50.545],[26.881,50.534],[26.857,50.508],[26.786,50.502],[26.767,50.46],[26.736,50.461],[26.738,50.444],[26.716,50.439],[26.693,50.419],[26.683,50.388],[26.649,50.364],[26.602,50.367],[26.588,50.339],[26.516,50.295],[26.497,50.268],[26.472,50.259],[26.399,50.264],[26.333,50.234],[26.295,50.187],[26.275,50.178],[26.229,50.171],[26.225,50.173],[26.224,50.176],[26.2202,50.1779],[26.22,50.178],[26.2187,50.18],[26.212,50.177],[26.21,50.174],[26.219,50.165],[26.208,50.153],[26.273,50.104],[26.198,50.099],[26.2,50.066],[26.221,50.059],[26.179,50.023],[26.172,49.995],[26.144,49.959],[26.164,49.923],[26.132,49.898],[26.162,49.887],[26.176,49.874],[26.193,49.871],[26.1988,49.866],[26.181,49.851],[26.178,49.846],[26.184,49.845],[26.184,49.836],[26.194,49.82],[26.228,49.786],[26.242,49.746],[26.213,49.736],[26.205,49.727],[26.1915,49.7153],[26.1902,49.7142],[26.19,49.714],[26.193,49.709],[26.209,49.707],[26.227,49.697],[26.241,49.693],[26.268,49.668],[26.252,49.634],[26.231,49.638],[26.225,49.624],[26.215,49.62],[26.208,49.611],[26.198,49.609],[26.205,49.596],[26.214,49.59],[26.206,49.576],[26.218,49.552],[26.19,49.558],[26.176,49.551],[26.158,49.533],[26.156,49.521],[26.145,49.515],[26.142,49.508],[26.165,49.493],[26.187,49.481],[26.192,49.43],[26.2,49.422],[26.214,49.418],[26.227,49.408],[26.224,49.402],[26.23,49.397],[26.229,49.383],[26.219,49.38],[26.218,49.378],[26.2205,49.376],[26.2221,49.3747],[26.223,49.374],[26.243,49.369],[26.235,49.354],[26.227,49.348],[26.224,49.34],[26.225,49.326],[26.246,49.315],[26.251,49.305],[26.245,49.301],[26.246,49.298],[26.258,49.291],[26.24,49.277],[26.243,49.271],[26.257,49.265],[26.231,49.247],[26.201,49.245],[26.182,49.194],[26.19,49.17],[26.2072,49.1666],[26.21,49.166],[26.211,49.168],[26.211,49.16],[26.201,49.157],[26.196,49.137],[26.206,49.1],[26.198,49.088],[26.195,49.074],[26.215,49.075],[26.216,49.07],[26.196,49.064],[26.184,49.057],[26.189,49.047],[26.208,49.038],[26.215,49.014],[26.213,48.982],[26.195,48.933],[26.215,48.883],[26.207,48.875],[26.213,48.864],[26.207,48.854],[26.218,48.853],[26.223,48.848],[26.22,48.834],[26.233,48.828],[26.24,48.819],[26.251,48.824],[26.26,48.816],[26.255,48.808],[26.231,48.805],[26.247,48.757],[26.245,48.734],[26.234,48.702],[26.237,48.693],[26.222,48.692],[26.222,48.686],[26.23,48.683],[26.246,48.685],[26.243,48.679],[26.248,48.669],[26.267,48.673],[26.281,48.669],[26.277,48.65],[26.309,48.648],[26.325,48.632],[26.317,48.623],[26.327,48.612],[26.325,48.6],[26.361,48.589],[26.353,48.561],[26.388,48.564],[26.408,48.543],[26.434,48.549],[26.444,48.543],[26.4448,48.5392],[26.445,48.538],[26.4435,48.5375],[26.444,48.537],[26.447,48.539],[26.474,48.546],[26.493,48.54],[26.506,48.515],[26.555,48.456],[26.609,48.451],[26.626,48.471],[26.611,48.492],[26.608,48.503],[26.63,48.507],[26.665,48.485],[26.7,48.485],[26.714,48.493],[26.713,48.503],[26.706,48.51],[26.665,48.543],[26.624,48.538],[26.62,48.551],[26.634,48.56],[26.661,48.559],[26.716,48.53],[26.786,48.549],[26.795,48.561],[26.796,48.568],[26.792,48.576],[26.779,48.593],[26.793,48.606],[26.82,48.608],[26.819,48.581],[26.84,48.557],[26.852,48.549],[26.879,48.541],[26.904,48.549],[26.93,48.577],[26.997,48.572],[27.088,48.556],[27.117,48.559],[27.144,48.577],[27.171,48.582],[27.187,48.58],[27.229,48.566],[27.258,48.572],[27.245,48.612],[27.285,48.619],[27.31,48.601],[27.339,48.606],[27.373,48.628],[27.3733,48.6285],[27.3739,48.6298],[27.38,48.642],[27.381,48.651],[27.39,48.661],[27.39,48.678],[27.415,48.704],[27.4,48.728],[27.41,48.737],[27.417,48.738],[27.413,48.745],[27.408,48.765],[27.429,48.797],[27.419,48.818],[27.416,48.883],[27.4079,48.888],[27.4049,48.8898],[27.403,48.891],[27.394,48.901],[27.398,48.921],[27.395,48.929],[27.3946,48.929]]]},"properties":{"oblast":"UA68"}},
{"type":"Feature","geometry":{"type":"Polygon","coordinates":[[[30.4207,49.302],[30.399,49.302],[30.385,49.256],[30.263,49.27],[30.189,49.274],[30.199,49.327],[30.148,49.326],[30.133,49.313],[30.127,49.309],[30.113,49.308],[30.122,49.296],[30.124,49.28],[30.112,49.269],[30.088,49.284],[30.078,49.322],[30.027,49.333],[30.008,49.314],[29.945,49.302],[29.957,49.29],[29.954,49.249],[29.933,49.247],[29.933,49.243],[29.921,49.229],[29.906,49.221],[29.91,49.216],[29.857,49.187],[29.759,49.179],[29.727,49.207],[29.741,49.212],[29.748,49.224],[29.736,49.227],[29.734,49.225],[29.726,49.22],[29.705,49.224],[29.711,49.208],[29.727,49.204],[29.727,49.18],[29.718,49.177],[29.719,49.156],[29.711,49.154],[29.72,49.133],[29.732,49.133],[29.726,49.119],[29.679,49.111],[29.651,49.095],[29.628,49.046],[29.613,49.056],[29.608,49.056],[29.613,49.051],[29.624,49.036],[29.629,49.024],[29.64,49.013],[29.669,49.025],[29.697,49],[29.653,48.96],[29.662,48.949],[29.654,48.937],[29.665,48.932],[29.669,48.932],[29.668,48.927],[29.681,48.922],[29.687,48.915],[29.737,48.909],[29.733,48.855],[29.763,48.847],[29.768,48.786],[29.868,48.764],[29.858,48.715],[29.918,48.673],[29.948,48.671],[29.978,48.636],[29.991,48.613],[29.949,48.594],[30.007,48.574],[30.004,48.561],[30.01,48.543],[30.021,48.54],[30.019,48.522],[30.001,48.491],[29.967,48.49],[29.963,48.474],[29.968,48.473],[29.9686,48.4718],[30.003,48.471],[30.001,48.477],[30.05,48.482],[30.086,48.457],[30.109,48.451],[30.122,48.453],[30.122,48.462],[30.131,48.462],[30.131,48.469],[30.146,48.472],[30.163,48.502],[30.221,48.479],[30.257,48.488],[30.256,48.505],[30.326,48.521],[30.387,48.526],[30.403,48.573],[30.453,48.582],[30.473,48.567],[30.566,48.566],[30.572,48.606],[30.531,48.628],[30.552,48.653],[30.599,48.662],[30.612,48.699],[30.602,48.7],[30.586,48.715],[30.5781,48.7205],[30.588,48.722],[30.591,48.719],[30.602,48.72],[30.61,48.718],[30.638,48.751],[30.698,48.766],[30.754,48.769],[30.829,48.75],[30.898,48.745],[30.902,48.761],[30.946,48.758],[30.993,48.763],[31.001,48.756],[31.02,48.761],[31.056,48.755],[31.068,48.736],[31.119,48.728],[31.158,48.742],[31.175,48.761],[31.216,48.757],[31.249,48.766],[31.255,48.751],[31.261,48.747],[31.2616,48.7471],[31.265,48.748],[31.266,48.7488],[31.27,48.752],[31.278,48.752],[31.285,48.757],[31.309,48.758],[31.318,48.73],[31.335,48.725],[31.385,48.727],[31.414,48.745],[31.425,48.742],[31.437,48.753],[31.425,48.764],[31.468,48.788],[31.529,48.803],[31.583,48.876],[31.621,48.905],[31.64,48.899],[31.681,48.9],[31.69,48.895],[31.7,48.917],[31.699,48.93],[31.725,48.933],[31.752,48.925],[31.758,48.93],[31.769,48.933],[31.77,48.934],[31.796,48.938],[31.807,48.944],[31.823,48.935],[31.839,48.935],[31.874,48.918],[31.917,48.906],[31.917,48.896],[31.911,48.888],[31.911,48.8864],[31.912,48.888],[31.9131,48.8871],[31.921,48.881],[31.945,48.907],[32.006,48.914],[32.026,48.932],[32.049,48.918],[32.08,48.922],[32.11,48.913],[32.151,48.917],[32.151,48.946],[32.147,48.949],[32.13,48.951],[32.134,48.955],[32.134,48.967],[32.217,48.988],[32.235,49.052],[32.233,49.06],[32.243,49.063],[32.252,49.059],[32.258,49.078],[32.266,49.083],[32.35,49.08],[32.366,49.073],[32.372,49.038],[32.399,49.027],[32.445,49.048],[32.477,49.007],[32.499,49.013],[32.501,48.997],[32.505,48.994],[32.503,48.988],[32.512,48.985],[32.516,48.979],[32.511,48.96],[32.539,48.952],[32.538,48.968],[32.555,48.964],[32.579,48.952],[32.603,48.963],[32.653,48.954],[32.666,48.96],[32.676,48.961],[32.673,48.965],[32.673,48.97],[32.669,48.982],[32.699,48.975],[32.723,48.978],[32.732,48.975],[32.7343,48.9661],[32.7348,48.964],[32.738,48.964],[32.798,48.97],[32.846,48.98],[32.858,48.999],[32.839,49.015],[32.844,49.029],[32.837,49.032],[32.83,49.076],[32.843,49.087],[32.897,49.094],[32.891,49.128],[32.782,49.142],[32.763,49.151],[32.776,49.186],[32.807,49.211],[32.841,49.226],[32.86,49.244],[32.86,49.2457],[32.86,49.246],[32.85,49.25],[32.815,49.25],[32.798,49.24],[32.747,49.245],[32.712,49.259],[32.658,49.248],[32.599,49.276],[32.506,49.308],[32.493,49.314],[32.4697,49.3286],[32.469,49.329],[32.4672,49.3284],[32.471,49.336],[32.471,49.34],[32.462,49.35],[32.491,49.384],[32.491,49.393],[32.51,49.409],[32.525,49.402],[32.53,49.39],[32.547,49.382],[32.556,49.385],[32.573,49.38],[32.595,49.379],[32.652,49.357],[32.689,49.353],[32.737,49.354],[32.713,49.384],[32.691,49.383],[32.677,49.399],[32.679,49.424],[32.651,49.44],[32.665,49.46],[32.669,49.489],[32.677,49.5],[32.711,49.501],[32.749,49.525],[32.752,49.566],[32.746,49.575],[32.75,49.582],[32.739,49.585],[32.733,49.595],[32.714,49.599],[32.706,49.615],[32.711,49.63],[32.691,49.657],[32.6899,49.6592],[32.689,49.659],[32.684,49.661],[32.662,49.68],[32.573,49.702],[32.555,49.773],[32.514,49.773],[32.503,49.803],[32.449,49.795],[32.437,49.821],[32.373,49.874],[32.433,49.888],[32.413,49.903],[32.427,49.96],[32.378,49.98],[32.364,50.033],[32.334,50.057],[32.313,50.038],[32.261,50.082],[32.303,50.121],[32.298,50.141],[32.176,50.164],[32.155,50.187],[32.111,50.212],[32.124,50.225],[32.1182,50.2275],[32.1132,50.2297],[32.11,50.23],[32.107,50.221],[32.086,50.223],[32.056,50.189],[32.018,50.207],[31.988,50.185],[31.946,50.136],[31.973,50.126],[31.91,50.101],[31.907,50.061],[31.917,50.053],[31.925,50.059],[31.985,50.052],[31.914,50.029],[31.899,50.02],[31.908,50.012],[31.917,49.962],[31.812,49.967],[31.795,49.935],[31.77,49.921],[31.752,49.894],[31.715,49.854],[31.7159,49.8534],[31.711,49.852],[31.669,49.859],[31.616,49.858],[31.614,49.907],[31.58,49.908],[31.557,49.876],[31.515,49.871],[31.491,49.862],[31.446,49.878],[31.425,49.917],[31.432,49.955],[31.446,49.976],[31.434,49.987],[31.417,49.991],[31.412,49.988],[31.381,49.994],[31.329,49.99],[31.299,49.983],[31.304,49.972],[31.287,49.957],[31.2867,49.9557],[31.286,49.953],[31.2863,49.9527],[31.288,49.951],[31.301,49.96],[31.311,49.962],[31.334,49.955],[31.333,49.935],[31.36,49.925],[31.379,49.907],[31.374,49.899],[31.31,49.893],[31.207,49.853],[31.22,49.832],[31.189,49.789],[31.215,49.776],[31.211,49.731],[31.195,49.701],[31.201,49.675],[31.154,49.63],[31.108,49.558],[31.096,49.543],[31.103,49.532],[31.09,49.511],[31.086,49.492],[31.069,49.486],[31.067,49.484],[31.064,49.484],[31.0632,49.4832],[31.062,49.483],[31.06,49.479],[31.047,49.479],[31.029,49.473],[31.004,49.452],[30.993,49.423],[30.954,49.425],[30.9301,49.4192],[30.931,49.418],[30.9288,49.4172],[30.923,49.415],[30.938,49.408],[30.932,49.38],[30.919,49.377],[30.91,49.358],[30.897,49.362],[30.867,49.35],[30.8,49.353],[30.75,49.344],[30.729,49.331],[30.705,49.337],[30.677,49.354],[30.659,49.359],[30.639,49.355],[30.607,49.369],[30.568,49.352],[30.548,49.326],[30.515,49.327],[30.473,49.364],[30.439,49.351],[30.415,49.33],[30.4216,49.3034],[30.422,49.302],[30.4207,49.302]]]},"properties":{"oblast":"UA71"}},
{"type":"Feature","geometry":{"type":"Polygon","coordinates":[[[24.9232,47.7262],[24.944,47.728],[24.988,47.728],[25.007,47.733],[25.04,47.724],[25.117,47.754],[25.117,47.768],[25.172,47.795],[25.181,47.825],[25.223,47.858],[25.239,47.895],[25.27,47.891],[25.311,47.913],[25.347,47.915],[25.4415,47.9257],[25.442,47.925],[25.593,47.937],[25.626,47.948],[25.775,47.938],[25.861,47.969],[25.892,47.96],[25.916,47.977],[25.952,47.97],[26.061,47.987],[26.101,47.977],[26.185,47.994],[26.2,48.007],[26.213,48.05],[26.268,48.076],[26.299,48.133],[26.329,48.152],[26.336,48.182],[26.405,48.188],[26.474,48.217],[26.517,48.209],[26.521,48.209],[26.522,48.213],[26.5229,48.2133],[26.523,48.213],[26.528,48.209],[26.533,48.209],[26.539,48.214],[26.561,48.22],[26.595,48.238],[26.623,48.24],[26.618,48.274],[26.65,48.305],[26.697,48.326],[26.758,48.322],[26.766,48.301],[26.818,48.294],[26.825,48.345],[26.765,48.355],[26.711,48.405],[26.754,48.398],[26.777,48.418],[26.852,48.412],[26.873,48.419],[26.9,48.397],[26.894,48.383],[26.996,48.358],[27.004,48.379],[27.051,48.387],[27.037,48.422],[27.084,48.434],[27.086,48.413],[27.122,48.379],[27.167,48.379],[27.192,48.394],[27.235,48.372],[27.288,48.371],[27.298,48.409],[27.32,48.442],[27.373,48.441],[27.382,48.41],[27.448,48.408],[27.467,48.448],[27.505,48.454],[27.527,48.465],[27.534,48.467],[27.5347,48.469],[27.519,48.47],[27.497,48.483],[27.4786,48.5089],[27.479,48.544],[27.461,48.583],[27.435,48.608],[27.415,48.617],[27.386,48.626],[27.3733,48.6285],[27.373,48.628],[27.339,48.606],[27.31,48.601],[27.285,48.619],[27.245,48.612],[27.258,48.572],[27.229,48.566],[27.187,48.58],[27.171,48.582],[27.144,48.577],[27.117,48.559],[27.088,48.556],[26.997,48.572],[26.93,48.577],[26.904,48.549],[26.879,48.541],[26.852,48.549],[26.84,48.557],[26.819,48.581],[26.82,48.608],[26.793,48.606],[26.779,48.593],[26.792,48.576],[26.796,48.568],[26.795,48.561],[26.786,48.549],[26.716,48.53],[26.661,48.559],[26.634,48.56],[26.62,48.551],[26.624,48.538],[26.665,48.543],[26.706,48.51],[26.713,48.503],[26.714,48.493],[26.7,48.485],[26.665,48.485],[26.63,48.507],[26.608,48.503],[26.611,48.492],[26.626,48.471],[26.609,48.451],[26.555,48.456],[26.506,48.515],[26.493,48.54],[26.474,48.546],[26.447,48.539],[26.444,48.537],[26.4435,48.5375],[26.433,48.534],[26.389,48.533],[26.355,48.506],[26.293,48.513],[26.262,48.539],[26.2,48.525],[26.168,48.527],[26.146,48.545],[26.144,48.598],[26.124,48.617],[26.099,48.611],[26.097,48.598],[26.106,48.582],[26.125,48.569],[26.129,48.556],[26.123,48.546],[26.1182,48.5437],[26.1176,48.5434],[26.106,48.538],[26.089,48.539],[26.043,48.585],[26.065,48.607],[26.056,48.645],[26.039,48.648],[26.03,48.638],[26.03,48.618],[26.01,48.609],[25.975,48.62],[25.934,48.59],[25.904,48.586],[25.846,48.603],[25.854,48.62],[25.806,48.666],[25.78,48.675],[25.761,48.666],[25.748,48.648],[25.748,48.638],[25.741,48.632],[25.724,48.639],[25.706,48.664],[25.682,48.663],[25.652,48.666],[25.644,48.669],[25.6405,48.6695],[25.6376,48.6699],[25.637,48.668],[25.633,48.668],[25.607,48.655],[25.584,48.635],[25.586,48.59],[25.601,48.571],[25.599,48.542],[25.608,48.524],[25.598,48.501],[25.605,48.465],[25.604,48.418],[25.598,48.412],[25.608,48.409],[25.62,48.413],[25.614,48.39],[25.62,48.386],[25.6206,48.381],[25.6209,48.3785],[25.614,48.38],[25.602,48.377],[25.571,48.377],[25.546,48.384],[25.539,48.384],[25.535,48.387],[25.535,48.39],[25.528,48.391],[25.519,48.397],[25.438,48.401],[25.379,48.391],[25.31,48.359],[25.308,48.3583],[25.307,48.358],[25.3066,48.3586],[25.305,48.357],[25.301,48.356],[25.294,48.347],[25.286,48.346],[25.279,48.339],[25.274,48.328],[25.265,48.327],[25.265,48.322],[25.255,48.315],[25.243,48.316],[25.181,48.248],[25.142,48.247],[25.105,48.225],[25.137,48.192],[25.097,48.187],[25.084,48.18],[25.081,48.172],[25.09,48.161],[25.0848,48.1615],[25.0819,48.1617],[25.079,48.162],[25.067,48.159],[25.064,48.153],[25.066,48.132],[25.043,48.131],[25.039,48.117],[25.026,48.111],[25.004,48.121],[24.992,48.121],[24.978,48.11],[24.986,48.079],[24.969,48.073],[24.94,48.045],[24.91,48.027],[24.908,47.999],[24.92,47.954],[24.926,47.936],[24.959,47.911],[24.944,47.896],[24.955,47.879],[24.985,47.865],[24.988,47.84],[24.95,47.8],[24.937,47.773],[24.938,47.764],[24.922,47.742],[24.921,47.726],[24.9232,47.7262]]]},"properties":{"oblast":"UA73"}},
{"type":"Feature","geometry":{"type":"MultiPolygon","coordinates":[[[[31.8159,52.0994],[31.798,52.103],[31.789,52.113],[31.721,52.097],[31.666,52.116],[31.606,52.113],[31.516,52.126],[31.465,52.122],[31.452,52.142],[31.403,52.144],[31.387,52.122],[31.324,52.107],[31.32,52.082],[31.297,52.053],[31.253,52.043],[31.22,52.052],[31.217,52.072],[31.158,52.081],[31.141,52.104],[30.993,52.079],[30.936,52.077],[30.944,52.027],[30.895,52.004],[30.883,51.98],[30.836,51.954],[30.804,51.948],[30.824,51.921],[30.794,51.898],[30.749,51.905],[30.739,51.884],[30.705,51.868],[30.694,51.838],[30.652,51.821],[30.671,51.797],[30.632,51.777],[30.647,51.751],[30.615,51.709],[30.559,51.705],[30.574,51.684],[30.563,51.663],[30.509,51.636],[30.526,51.565],[30.553,51.539],[30.596,51.473],[30.578,51.446],[30.594,51.422],[30.622,51.428],[30.653,51.38],[30.622,51.334],[30.593,51.313],[30.617,51.302],[30.618,51.289],[30.57,51.268],[30.5388,51.2641],[30.538,51.264],[30.56,51.239],[30.548,51.231],[30.533,51.237],[30.513,51.234],[30.505,51.229],[30.505,51.224],[30.53,51.202],[30.49,51.167],[30.497,51.128],[30.516,51.113],[30.486,51.095],[30.481,51.092],[30.508,51.077],[30.493,51.051],[30.499,51.018],[30.6,51.026],[30.602,51.009],[30.641,51.002],[30.644,50.963],[30.683,50.901],[30.714,50.898],[30.774,50.864],[30.776,50.832],[30.769,50.817],[30.743,50.805],[30.744,50.788],[30.734,50.784],[30.739,50.77],[30.746,50.7721],[30.7518,50.7738],[30.756,50.775],[30.774,50.775],[30.845,50.743],[30.876,50.746],[30.892,50.765],[31.031,50.76],[31.07,50.764],[31.076,50.78],[31.125,50.774],[31.121,50.749],[31.14,50.746],[31.148,50.737],[31.156,50.737],[31.1651,50.7321],[31.164,50.731],[31.164,50.724],[31.19,50.724],[31.19,50.702],[31.22,50.684],[31.201,50.655],[31.198,50.644],[31.205,50.636],[31.225,50.627],[31.222,50.608],[31.165,50.608],[31.187,50.574],[31.245,50.566],[31.254,50.542],[31.319,50.527],[31.399,50.522],[31.419,50.503],[31.494,50.522],[31.571,50.527],[31.631,50.52],[31.648,50.552],[31.684,50.562],[31.782,50.558],[31.784,50.605],[31.812,50.623],[31.847,50.628],[31.858,50.6311],[31.858,50.631],[31.868,50.617],[31.883,50.606],[31.912,50.596],[31.9246,50.5757],[31.951,50.543],[31.974,50.539],[32.062,50.54],[32.047,50.497],[31.962,50.485],[31.972,50.466],[32.022,50.458],[32.043,50.405],[32.046,50.401],[32.057,50.396],[32.076,50.393],[32.083,50.381],[32.074,50.376],[32.074,50.3756],[32.074,50.374],[32.0747,50.3739],[32.096,50.371],[32.154,50.375],[32.14,50.355],[32.1422,50.3491],[32.1438,50.3494],[32.159,50.353],[32.219,50.359],[32.251,50.375],[32.29,50.38],[32.295,50.399],[32.339,50.429],[32.446,50.399],[32.493,50.397],[32.487,50.369],[32.525,50.347],[32.585,50.356],[32.75,50.361],[32.793,50.348],[32.787,50.369],[32.811,50.377],[32.838,50.376],[32.9,50.408],[32.919,50.43],[32.9354,50.4313],[32.932,50.434],[32.932,50.438],[32.949,50.447],[32.959,50.443],[32.969,50.45],[32.965,50.454],[32.967,50.459],[32.978,50.463],[32.969,50.474],[32.974,50.477],[32.988,50.475],[32.99,50.479],[33.014,50.472],[33.012,50.481],[33.026,50.493],[33.022,50.503],[33.042,50.503],[33.058,50.518],[33.0618,50.5199],[33.064,50.521],[33.066,50.5203],[33.066,50.521],[33.062,50.522],[33.064,50.524],[33.051,50.541],[33.075,50.556],[33.098,50.579],[33.102,50.591],[33.123,50.639],[33.148,50.654],[33.152,50.695],[33.138,50.71],[33.241,50.731],[33.19,50.751],[33.16,50.786],[33.17,50.8],[33.167,50.815],[33.155,50.824],[33.186,50.85],[33.174,50.855],[33.18,50.87],[33.17,50.886],[33.177,50.892],[33.2,50.89],[33.212,50.901],[33.198,50.921],[33.201,50.934],[33.201,50.961],[33.201,50.963],[33.1997,50.963],[33.186,50.963],[33.18,50.96],[33.141,50.968],[33.118,51.008],[33.077,50.993],[33.078,50.983],[33.05,50.989],[33.042,50.993],[33.042,50.996],[33.051,51.011],[33.062,51.017],[33.085,51.041],[33.07,51.07],[33.042,51.083],[32.944,51.09],[32.994,51.143],[32.962,51.163],[32.989,51.196],[33.043,51.205],[33.031,51.227],[33.07,51.254],[33.078,51.312],[33.074,51.316],[33.08,51.323],[33.076,51.324],[33.07,51.329],[33.0695,51.3315],[33.0692,51.333],[33.07,51.333],[33.073,51.338],[33.064,51.346],[33.043,51.341],[33.035,51.35],[33.034,51.358],[33.039,51.368],[33.022,51.384],[33.016,51.397],[33.044,51.405],[33.058,51.405],[33.044,51.387],[33.06,51.385],[33.061,51.372],[33.107,51.367],[33.133,51.416],[33.112,51.429],[33.135,51.495],[33.16,51.496],[33.193,51.522],[33.185,51.537],[33.156,51.555],[33.158,51.57],[33.192,51.574],[33.153,51.609],[33.154,51.641],[33.124,51.651],[33.142,51.68],[33.1643,51.68],[33.165,51.681],[33.145,51.684],[33.166,51.693],[33.155,51.702],[33.137,51.726],[33.106,51.742],[33.093,51.759],[33.092,51.766],[33.078,51.773],[33.084,51.782],[33.099,51.7843],[33.1,51.79],[33.108,51.793],[33.121,51.811],[33.122,51.864],[33.144,51.879],[33.18,51.888],[33.174,51.906],[33.183,51.904],[33.189,51.914],[33.197,51.911],[33.255,51.927],[33.289,51.924],[33.296,51.936],[33.302,51.934],[33.318,51.938],[33.355,51.932],[33.384,51.971],[33.349,51.983],[33.348,51.998],[33.336,52.005],[33.304,52.012],[33.317,52.018],[33.312,52.025],[33.316,52.033],[33.345,52.03],[33.384,52.049],[33.404,52.051],[33.427,52.027],[33.464,52.04],[33.499,52.039],[33.499,52.088],[33.493,52.082],[33.438,52.087],[33.444,52.097],[33.415,52.123],[33.339,52.146],[33.321,52.17],[33.318,52.181],[33.309,52.184],[33.312,52.193],[33.324,52.195],[33.328,52.216],[33.352,52.221],[33.39,52.292],[33.405,52.323],[33.422,52.332],[33.428,52.347],[33.4291,52.3468],[33.429,52.347],[33.417,52.351],[33.408,52.368],[33.38,52.373],[33.351,52.354],[33.309,52.355],[33.189,52.381],[33.169,52.374],[33.169,52.342],[33.137,52.347],[33.081,52.31],[33.042,52.315],[32.995,52.273],[32.961,52.275],[32.888,52.246],[32.885,52.275],[32.833,52.28],[32.763,52.258],[32.691,52.257],[32.686,52.267],[32.608,52.306],[32.578,52.301],[32.551,52.328],[32.432,52.323],[32.376,52.339],[32.351,52.316],[32.389,52.253],[32.346,52.246],[32.323,52.224],[32.346,52.184],[32.32,52.138],[32.29,52.104],[32.26,52.092],[32.226,52.089],[32.221,52.086],[32.222,52.084],[32.2218,52.083],[32.217,52.083],[32.155,52.073],[32.132,52.046],[32.095,52.035],[32.024,52.05],[31.96,52.054],[31.955,52.083],[31.903,52.104],[31.846,52.111],[31.816,52.1],[31.8159,52.0994]]],[[[32.1434,50.3471],[32.1425,50.3483],[32.143,50.347],[32.1434,50.3471]]]]},"properties":{"oblast":"UA74"}},
{"type":"Feature","geometry":{"type":"Polygon","coordinates":[[[33.5805,44.8139],[33.5543,44.8402],[33.2952,44.9405],[33.2704,44.9014],[33.2511,44.8492],[33.2422,44.7933],[33.2463,44.7633],[33.1935,44.738],[33.1407,44.6958],[33.1058,44.6451],[33.0914,44.5895],[33.0987,44.5331],[33.127,44.4802],[33.1743,44.4347],[33.2087,44.4133],[33.2399,44.3754],[33.2954,44.3348],[33.3642,44.3064],[33.4203,44.2947],[33.4779,44.2582],[33.6179,44.2097],[33.6966,44.191],[33.7288,44.2891],[33.7613,44.388],[33.7618,44.3894],[33.7662,44.3922],[33.7856,44.3969],[33.8141,44.41],[33.847,44.4171],[33.8981,44.4215],[33.9094,44.4189],[33.9223,44.4203],[33.925,44.4208],[33.9251,44.4209],[33.9262,44.4213],[33.9259,44.4219],[33.9258,44.422],[33.9251,44.4225],[33.9244,44.4232],[33.8885,44.4814],[33.8685,44.498],[33.8685,44.5077],[33.8599,44.5071],[33.8532,44.5154],[33.8457,44.5191],[33.8573,44.5259],[33.8495,44.5306],[33.8401,44.5304],[33.8401,44.5372],[33.8337,44.5417],[33.8372,44.5488],[33.8311,44.5548],[33.8272,44.5713],[33.8212,44.576],[33.8039,44.5778],[33.7872,44.5857],[33.7814,44.5997],[33.7828,44.606],[33.7796,44.6131],[33.7419,44.6054],[33.7357,44.6009],[33.7163,44.6204],[33.7169,44.6332],[33.753,44.6651],[33.7546,44.6753],[33.777,44.6903],[33.7615,44.701],[33.7518,44.6988],[33.7266,44.7166],[33.7007,44.7148],[33.6731,44.7099],[33.6595,44.7141],[33.6161,44.712],[33.6137,44.7498],[33.6828,44.7703],[33.6643,44.7947],[33.5805,44.8139]]]},"properties":{"oblast":"UA85"}},
{"type":"Feature","geometry":{"type":"Polygon","coordinates":[[[30.6124,50.3376],[30.615,50.341],[30.61,50.347],[30.638,50.355],[30.635,50.362],[30.652,50.364],[30.67,50.371],[30.711,50.353],[30.742,50.373],[30.816,50.394],[30.82,50.402],[30.8249,50.4041],[30.822,50.407],[30.806,50.409],[30.795,50.418],[30.8,50.427],[30.775,50.438],[30.742,50.458],[30.75,50.463],[30.748,50.468],[30.7424,50.4687],[30.742,50.4687],[30.7418,50.4686],[30.7415,50.4688],[30.7414,50.4688],[30.74,50.469],[30.748,50.474],[30.745,50.477],[30.748,50.487],[30.739,50.49],[30.739,50.4901],[30.7393,50.4913],[30.74,50.494],[30.737,50.5],[30.74,50.5],[30.756,50.508],[30.76,50.512],[30.752,50.518],[30.821,50.538],[30.814,50.563],[30.788,50.576],[30.766,50.583],[30.722,50.585],[30.655,50.533],[30.592,50.535],[30.557,50.539],[30.569,50.522],[30.568,50.516],[30.56,50.515],[30.555,50.521],[30.54,50.522],[30.5404,50.5228],[30.5408,50.5234],[30.544,50.529],[30.543,50.532],[30.534,50.537],[30.5326,50.5391],[30.526,50.54],[30.524,50.542],[30.501,50.551],[30.493,50.566],[30.464,50.571],[30.457,50.584],[30.372,50.585],[30.372,50.573],[30.339,50.573],[30.3143,50.5699],[30.326,50.566],[30.332,50.56],[30.334,50.551],[30.327,50.545],[30.312,50.554],[30.302,50.552],[30.304,50.549],[30.3035,50.548],[30.303,50.547],[30.305,50.545],[30.304,50.533],[30.29,50.525],[30.282,50.521],[30.267,50.517],[30.262,50.511],[30.271,50.503],[30.242,50.455],[30.247,50.439],[30.269,50.427],[30.28,50.448],[30.322,50.443],[30.359,50.446],[30.372,50.42],[30.393,50.407],[30.4176,50.3988],[30.4195,50.3982],[30.423,50.397],[30.423,50.394],[30.429,50.393],[30.4411,50.3833],[30.4429,50.3819],[30.444,50.381],[30.4323,50.372],[30.439,50.367],[30.437,50.361],[30.442,50.357],[30.452,50.356],[30.469,50.361],[30.4725,50.351],[30.476,50.341],[30.478,50.341],[30.479,50.337],[30.498,50.333],[30.535,50.317],[30.534,50.295],[30.576,50.261],[30.588,50.244],[30.593,50.214],[30.642,50.227],[30.636,50.236],[30.644,50.24],[30.635,50.244],[30.632,50.251],[30.624,50.256],[30.625,50.262],[30.615,50.266],[30.61,50.274],[30.61,50.2784],[30.6096,50.2787],[30.61,50.2799],[30.61,50.282],[30.625,50.283],[30.63,50.298],[30.643,50.292],[30.644,50.289],[30.6493,50.2903],[30.648,50.291],[30.641,50.304],[30.628,50.315],[30.612,50.337],[30.6122,50.3372],[30.6124,50.3376]]]},"properties":{"oblast":"UA80"}}
]}