{"type":"FeatureCollection", "features": [
{"type":"Feature","geometry":{"type":"Polygon","coordinates":[[[34.2802,44.7633],[34.2784,44.7639],[34.278,44.764],[34.263,44.788],[34.264,44.794],[34.228,44.797],[34.229,44.78],[34.214,44.774],[34.172,44.776],[34.13,44.752],[34.114,44.729],[34.069,44.759],[34.054,44.784],[34.01,44.811],[33.995,44.828],[34.041,44.83],[34.046,44.839],[34.01,44.872],[33.939,44.879],[33.919,44.901],[33.871,44.92],[33.834,44.92],[33.833,44.897],[33.714,44.896],[33.646,44.93],[33.612,44.9251],[33.612,44.903],[33.604,44.863],[33.566,44.838],[33.5805,44.8139],[33.6643,44.7947],[33.6828,44.7703],[33.6137,44.7498],[33.6161,44.712],[33.6595,44.7141],[33.6731,44.7099],[33.7007,44.7148],[33.7266,44.7166],[33.7518,44.6988],[33.7615,44.701],[33.777,44.6903],[33.7546,44.6753],[33.753,44.6651],[33.7169,44.6332],[33.7163,44.6204],[33.7357,44.6009],[33.7419,44.6054],[33.7796,44.6131],[33.7828,44.606],[33.7814,44.5997],[33.7872,44.5857],[33.8039,44.5778],[33.8212,44.576],[33.8272,44.5713],[33.8311,44.5548],[33.8372,44.5488],[33.8337,44.5417],[33.8401,44.5372],[33.8401,44.5304],[33.8495,44.5306],[33.8573,44.5259],[33.8457,44.5191],[33.8532,44.5154],[33.8599,44.5071],[33.8685,44.5077],[33.8685,44.498],[33.8885,44.4814],[33.9244,44.4232],[33.9251,44.4225],[33.9258,44.422],[33.9259,44.4219],[33.9262,44.4213],[33.9251,44.4209],[33.926,44.42],[33.972,44.435],[34.035,44.474],[34.05,44.499],[34.079,44.502],[34.107,44.519],[34.119,44.541],[34.136,44.553],[34.164,44.559],[34.201,44.583],[34.24,44.592],[34.265,44.637],[34.239,44.643],[34.22,44.672],[34.188,44.693],[34.187,44.718],[34.234,44.721],[34.246,44.716],[34.256,44.719],[34.256,44.726],[34.271,44.73],[34.275,44.734],[34.276,44.739],[34.275,44.751],[34.2802,44.7633]]]},"properties":{"id":"UA01020000000022387","name":"Бахчисарайський район","name_en":"Bakhchysarai Raion","oblast":"UA01"}},
{"type":"Feature","geometry":{"type":"Polygon","coordinates":[[[34.473,44.8562],[34.4749,44.8567],[34.476,44.857],[34.484,44.863],[34.499,44.867],[34.537,44.865],[34.538,44.887],[34.58,44.884],[34.603,44.876],[34.587,44.864],[34.597,44.859],[34.608,44.841],[34.659,44.872],[34.694,44.872],[34.702,44.899],[34.725,44.896],[34.729,44.886],[34.7395,44.8811],[34.74,44.882],[34.7411,44.8825],[34.752,44.887],[34.753,44.893],[34.8,44.9],[34.828,44.932],[34.878,44.949],[34.882,44.999],[34.881,45.001],[34.892,45.004],[34.909,44.995],[34.959,45.016],[34.969,45.044],[34.951,45.05],[34.926,45.048],[34.912,45.066],[34.922,45.078],[34.861,45.08],[34.861,45.133],[34.887,45.135],[34.889,45.159],[34.864,45.177],[34.796,45.179],[34.764,45.16],[34.767,45.223],[34.738,45.223],[34.668,45.188],[34.672,45.224],[34.697,45.261],[34.724,45.27],[34.725,45.288],[34.765,45.288],[34.767,45.337],[34.757,45.359],[34.805,45.359],[34.816,45.383],[34.777,45.398],[34.757,45.421],[34.79,45.43],[34.854,45.43],[34.84,45.446],[34.842,45.449],[34.926,45.44],[34.92,45.494],[34.999,45.5],[35.011,45.563],[35.029,45.562],[35.044,45.569],[35.053,45.571],[35.1004,45.5887],[35.094,45.596],[35.091,45.602],[35.085,45.605],[35.074,45.623],[35.064,45.624],[35.062,45.622],[35.059,45.627],[35.055,45.63],[35.055,45.635],[35.041,45.659],[35.016,45.681],[35.005,45.679],[34.998,45.701],[34.988,45.71],[34.976,45.732],[34.97,45.752],[34.9668,45.7583],[34.9608,45.7565],[34.959,45.756],[34.9571,45.757],[34.948,45.752],[34.869,45.719],[34.85,45.71],[34.81,45.665],[34.806,45.636],[34.729,45.644],[34.716,45.61],[34.796,45.601],[34.796,45.585],[34.697,45.585],[34.697,45.566],[34.613,45.566],[34.572,45.548],[34.561,45.527],[34.561,45.523],[34.563,45.523],[34.563,45.521],[34.563,45.504],[34.551,45.497],[34.57,45.458],[34.571,45.453],[34.556,45.449],[34.531,45.435],[34.536,45.405],[34.581,45.407],[34.602,45.388],[34.609,45.329],[34.544,45.329],[34.559,45.305],[34.561,45.227],[34.545,45.207],[34.519,45.222],[34.447,45.224],[34.382,45.208],[34.33,45.208],[34.316,45.24],[34.317,45.279],[34.22,45.284],[34.207,45.254],[34.188,45.252],[34.1861,45.2261],[34.186,45.2246],[34.189,45.224],[34.189,45.185],[34.202,45.15],[34.251,45.145],[34.277,45.112],[34.273,45.085],[34.278,44.99],[34.305,44.951],[34.29,44.941],[34.303,44.912],[34.323,44.892],[34.337,44.885],[34.345,44.895],[34.372,44.892],[34.403,44.867],[34.426,44.865],[34.454,44.87],[34.456,44.862],[34.472,44.856],[34.473,44.8562]]]},"properties":{"id":"UA01040000000069938","name":"Білогірський район","name_en":"Belogorsk Raion","oblast":"UA01"}},
{"type":"Feature","geometry":{"type":"Polygon","coordinates":[[[34.9571,45.757],[34.941,45.765],[34.862,45.794],[34.799,45.809],[34.801,45.9],[34.753,45.908],[34.666,45.969],[34.607,45.992],[34.553,45.988],[34.502,45.942],[34.464,45.947],[34.415,45.985],[34.404,46.009],[34.347,46.054],[34.32,46.067],[34.248,46.052],[34.18,46.067],[34.119,46.106],[34.07,46.116],[34.0677,46.1148],[34.064,46.082],[34.042,46.057],[34.077,46.051],[34.07,46.031],[34.087,46.001],[34.06,45.989],[34.059,45.98],[34.079,45.948],[34.107,45.939],[34.096,45.907],[34.131,45.911],[34.123,45.86],[34.114,45.854],[34.099,45.857],[34.101,45.851],[34.101,45.821],[34.076,45.821],[34.075,45.819],[34.075,45.813],[34.077,45.813],[34.082,45.811],[34.085,45.807],[34.1,45.798],[34.116,45.787],[34.101,45.762],[34.11,45.693],[34.101,45.665],[34.077,45.664],[34.064,45.633],[34.102,45.632],[34.141,45.615],[34.141,45.579],[34.178,45.599],[34.186,45.628],[34.256,45.627],[34.256,45.551],[34.28,45.561],[34.331,45.551],[34.403,45.551],[34.421,45.569],[34.463,45.567],[34.463,45.548],[34.506,45.549],[34.516,45.545],[34.521,45.523],[34.561,45.523],[34.561,45.527],[34.572,45.548],[34.613,45.566],[34.697,45.566],[34.697,45.585],[34.796,45.585],[34.796,45.601],[34.716,45.61],[34.729,45.644],[34.806,45.636],[34.81,45.665],[34.85,45.71],[34.869,45.719],[34.948,45.752],[34.9571,45.757]]]},"properties":{"id":"UA01060000000028159","name":"Джанкойський район","name_en":"Dzhankoy Raion","oblast":"UA01"}},
{"type":"Feature","geometry":{"type":"Polygon","coordinates":[[[32.499,45.384],[32.514,45.366],[32.497,45.344],[32.615,45.324],[32.652,45.314],[32.753,45.364],[32.831,45.368],[32.913,45.359],[32.969,45.336],[33.07,45.271],[33.147,45.203],[33.186,45.183],[33.229,45.173],[33.26,45.146],[33.284,45.147],[33.307,45.173],[33.35,45.173],[33.376,45.192],[33.412,45.193],[33.452,45.174],[33.516,45.13],[33.576,45.061],[33.596,45.016],[33.6036,44.9922],[33.604,44.991],[33.683,44.987],[33.679,45.037],[33.78,45.04],[33.798,45.044],[33.801,45.061],[33.797,45.077],[33.897,45.104],[33.914,45.131],[33.915,45.161],[33.884,45.166],[33.884,45.189],[33.955,45.19],[33.941,45.224],[33.9345,45.243],[33.9338,45.245],[33.929,45.259],[33.913,45.291],[33.885,45.291],[33.891,45.334],[33.915,45.334],[33.915,45.373],[33.902,45.399],[33.802,45.399],[33.817,45.444],[33.737,45.44],[33.738,45.418],[33.706,45.417],[33.679,45.447],[33.6514,45.4441],[33.65,45.444],[33.6497,45.4434],[33.649,45.442],[33.64,45.44],[33.64,45.435],[33.607,45.436],[33.597,45.404],[33.575,45.404],[33.578,45.434],[33.506,45.449],[33.5,45.434],[33.431,45.433],[33.431,45.455],[33.459,45.463],[33.465,45.512],[33.447,45.505],[33.393,45.508],[33.359,45.526],[33.373,45.479],[33.335,45.479],[33.319,45.512],[33.321,45.554],[33.233,45.558],[33.23,45.608],[33.205,45.609],[33.205,45.659],[33.116,45.663],[33.126,45.698],[33.101,45.697],[33.1,45.714],[33.0998,45.7142],[33.097,45.716],[33.01,45.68],[32.955,45.662],[32.829,45.594],[32.842,45.566],[32.81,45.555],[32.789,45.563],[32.724,45.532],[32.665,45.515],[32.583,45.481],[32.539,45.456],[32.48,45.403],[32.499,45.384]]]},"properties":{"id":"UA01080000000090798","name":"Євпаторійський район","name_en":null,"oblast":"UA01"}},
{"type":"Feature","geometry":{"type":"Polygon","coordinates":[[[34.9687,45.7588],[34.9668,45.7583],[34.97,45.752],[34.976,45.732],[34.988,45.71],[34.998,45.701],[35.005,45.679],[35.016,45.681],[35.041,45.659],[35.055,45.635],[35.055,45.63],[35.059,45.627],[35.062,45.622],[35.064,45.624],[35.074,45.623],[35.085,45.605],[35.091,45.602],[35.094,45.596],[35.1004,45.5887],[35.1031,45.5896],[35.104,45.59],[35.134,45.571],[35.143,45.559],[35.145,45.551],[35.18,45.529],[35.221,45.49],[35.253,45.45],[35.277,45.428],[35.286,45.416],[35.291,45.415],[35.298,45.407],[35.307,45.389],[35.313,45.396],[35.325,45.391],[35.347,45.357],[35.361,45.357],[35.383,45.343],[35.412,45.307],[35.423,45.307],[35.436,45.303],[35.441,45.31],[35.444,45.306],[35.461,45.299],[35.468,45.288],[35.467,45.284],[35.452,45.267],[35.464,45.218],[35.425,45.214],[35.428,45.173],[35.516,45.17],[35.532,45.143],[35.53,45.132],[35.538,45.13],[35.5389,45.1262],[35.57,45.13],[35.597,45.129],[35.705,45.102],[35.772,45.071],[35.809,45.044],[35.811,45.022],[35.867,45.003],[35.906,45.018],[35.956,45.012],[35.994,45.037],[36.032,45.049],[36.085,45.047],[36.227,45.027],[36.249,45.048],[36.303,45.058],[36.375,45.058],[36.445,45.086],[36.454,45.106],[36.431,45.119],[36.409,45.169],[36.403,45.213],[36.433,45.255],[36.436,45.296],[36.48,45.304],[36.478,45.356],[36.502,45.363],[36.542,45.345],[36.605,45.347],[36.63,45.36],[36.642,45.391],[36.608,45.41],[36.597,45.439],[36.567,45.429],[36.526,45.429],[36.493,45.452],[36.446,45.46],[36.411,45.447],[36.342,45.478],[36.326,45.471],[36.283,45.481],[36.176,45.472],[36.121,45.462],[36.076,45.446],[36.071,45.405],[36.05,45.387],[36.003,45.371],[35.928,45.385],[35.873,45.417],[35.831,45.471],[35.811,45.427],[35.748,45.394],[35.761,45.374],[35.729,45.354],[35.72,45.335],[35.604,45.315],[35.529,45.284],[35.467,45.303],[35.386,45.348],[35.306,45.41],[35.227,45.488],[35.195,45.525],[35.111,45.595],[35.053,45.657],[34.976,45.763],[34.976,45.761],[34.9687,45.7588]]]},"properties":{"id":"UA01100000000047924","name":"Керченський район","name_en":null,"oblast":"UA01"}},
{"type":"Feature","geometry":{"type":"Polygon","coordinates":[[[33.9345,45.243],[33.978,45.243],[33.973,45.236],[33.972,45.19],[33.999,45.19],[34.002,45.216],[34.021,45.231],[34.087,45.226],[34.186,45.224],[34.186,45.2246],[34.1861,45.2261],[34.188,45.252],[34.207,45.254],[34.22,45.284],[34.317,45.279],[34.316,45.24],[34.33,45.208],[34.382,45.208],[34.447,45.224],[34.519,45.222],[34.545,45.207],[34.561,45.227],[34.559,45.305],[34.544,45.329],[34.609,45.329],[34.602,45.388],[34.581,45.407],[34.536,45.405],[34.531,45.435],[34.556,45.449],[34.571,45.453],[34.57,45.458],[34.551,45.497],[34.563,45.504],[34.563,45.521],[34.563,45.523],[34.561,45.523],[34.521,45.523],[34.516,45.545],[34.506,45.549],[34.463,45.548],[34.463,45.567],[34.421,45.569],[34.403,45.551],[34.331,45.551],[34.28,45.561],[34.256,45.551],[34.256,45.627],[34.186,45.628],[34.178,45.599],[34.141,45.579],[34.141,45.615],[34.102,45.632],[34.064,45.633],[34.077,45.664],[34.101,45.665],[34.11,45.693],[34.101,45.762],[34.116,45.787],[34.1,45.798],[34.085,45.807],[34.082,45.811],[34.077,45.813],[34.075,45.813],[34.075,45.812],[34.075,45.804],[34.011,45.803],[34.011,45.768],[33.974,45.769],[33.973,45.787],[33.8935,45.7834],[33.882,45.799],[33.767,45.807],[33.766,45.777],[33.731,45.773],[33.744,45.749],[33.654,45.722],[33.653,45.749],[33.603,45.748],[33.598,45.63],[33.573,45.628],[33.572,45.589],[33.542,45.575],[33.537,45.517],[33.525,45.477],[33.647,45.472],[33.647,45.457],[33.6497,45.4434],[33.65,45.444],[33.6514,45.4441],[33.679,45.447],[33.706,45.417],[33.738,45.418],[33.737,45.44],[33.817,45.444],[33.802,45.399],[33.902,45.399],[33.915,45.373],[33.915,45.334],[33.891,45.334],[33.885,45.291],[33.913,45.291],[33.929,45.259],[33.9338,45.245],[33.9345,45.243]]]},"properties":{"id":"UA01120000000061837","name":"Курманський район","name_en":null,"oblast":"UA01"}},
{"type":"Feature","geometry":{"type":"Polygon","coordinates":[[[34.075,45.813],[34.075,45.819],[34.076,45.821],[34.101,45.821],[34.101,45.851],[34.099,45.857],[34.114,45.854],[34.123,45.86],[34.131,45.911],[34.096,45.907],[34.107,45.939],[34.079,45.948],[34.059,45.98],[34.06,45.989],[34.087,46.001],[34.07,46.031],[34.077,46.051],[34.042,46.057],[34.064,46.082],[34.0677,46.1148],[34.057,46.109],[34.052,46.108],[33.998,46.125],[33.971,46.14],[33.971,46.1404],[33.94,46.154],[33.894,46.171],[33.861,46.194],[33.848,46.199],[33.811,46.203],[33.773,46.197],[33.751,46.187],[33.735,46.185],[33.67,46.211],[33.647,46.229],[33.6331,46.2271],[33.633,46.227],[33.616,46.225],[33.62,46.214],[33.636,46.147],[33.642,46.142],[33.64,46.14],[33.614,46.134],[33.614,46.129],[33.619,46.114],[33.639,46.088],[33.614,46.055],[33.629,45.958],[33.752,45.948],[33.675,45.899],[33.679,45.867],[33.611,45.891],[33.535,45.847],[33.492,45.856],[33.448,45.844],[33.359,45.788],[33.309,45.769],[33.231,45.752],[33.166,45.786],[33.156,45.736],[33.139,45.72],[33.116,45.713],[33.109,45.713],[33.104,45.715],[33.0998,45.7142],[33.1,45.714],[33.101,45.697],[33.126,45.698],[33.116,45.663],[33.205,45.659],[33.205,45.609],[33.23,45.608],[33.233,45.558],[33.321,45.554],[33.319,45.512],[33.335,45.479],[33.373,45.479],[33.359,45.526],[33.393,45.508],[33.447,45.505],[33.465,45.512],[33.459,45.463],[33.431,45.455],[33.431,45.433],[33.5,45.434],[33.506,45.449],[33.578,45.434],[33.575,45.404],[33.597,45.404],[33.607,45.436],[33.64,45.435],[33.64,45.44],[33.649,45.442],[33.6497,45.4434],[33.647,45.457],[33.647,45.472],[33.525,45.477],[33.537,45.517],[33.542,45.575],[33.572,45.589],[33.573,45.628],[33.598,45.63],[33.603,45.748],[33.653,45.749],[33.654,45.722],[33.744,45.749],[33.731,45.773],[33.766,45.777],[33.767,45.807],[33.882,45.799],[33.8935,45.7834],[33.973,45.787],[33.974,45.769],[34.011,45.768],[34.011,45.803],[34.075,45.804],[34.075,45.812],[34.075,45.813]]]},"properties":{"id":"UA01140000000010124","name":"Перекопський район","name_en":null,"oblast":"UA01"}},
{"type":"Feature","geometry":{"type":"Polygon","coordinates":[[[34.473,44.8562],[34.472,44.856],[34.456,44.862],[34.454,44.87],[34.426,44.865],[34.403,44.867],[34.372,44.892],[34.345,44.895],[34.337,44.885],[34.323,44.892],[34.303,44.912],[34.29,44.941],[34.305,44.951],[34.278,44.99],[34.273,45.085],[34.277,45.112],[34.251,45.145],[34.202,45.15],[34.189,45.185],[34.189,45.224],[34.186,45.2246],[34.186,45.224],[34.087,45.226],[34.021,45.231],[34.002,45.216],[33.999,45.19],[33.972,45.19],[33.973,45.236],[33.978,45.243],[33.9345,45.243],[33.941,45.224],[33.955,45.19],[33.884,45.189],[33.884,45.166],[33.915,45.161],[33.914,45.131],[33.897,45.104],[33.797,45.077],[33.801,45.061],[33.798,45.044],[33.78,45.04],[33.679,45.037],[33.683,44.987],[33.604,44.991],[33.6036,44.9922],[33.603,44.991],[33.604,44.981],[33.598,44.977],[33.611,44.925],[33.612,44.9251],[33.646,44.93],[33.714,44.896],[33.833,44.897],[33.834,44.92],[33.871,44.92],[33.919,44.901],[33.939,44.879],[34.01,44.872],[34.046,44.839],[34.041,44.83],[33.995,44.828],[34.01,44.811],[34.054,44.784],[34.069,44.759],[34.114,44.729],[34.13,44.752],[34.172,44.776],[34.214,44.774],[34.229,44.78],[34.228,44.797],[34.264,44.794],[34.263,44.788],[34.278,44.764],[34.2784,44.7639],[34.2802,44.7633],[34.281,44.763],[34.29,44.765],[34.301,44.761],[34.305,44.768],[34.322,44.746],[34.366,44.765],[34.427,44.812],[34.447,44.818],[34.483,44.841],[34.519,44.834],[34.521,44.843],[34.499,44.857],[34.482,44.852],[34.4749,44.8567],[34.473,44.8562]]]},"properties":{"id":"UA01160000000090126","name":"Сімферопольський район","name_en":"Simferopol District","oblast":"UA01"}},
{"type":"Feature","geometry":{"type":"Polygon","coordinates":[[[35.1004,45.5887],[35.053,45.571],[35.044,45.569],[35.029,45.562],[35.011,45.563],[34.999,45.5],[34.92,45.494],[34.926,45.44],[34.842,45.449],[34.84,45.446],[34.854,45.43],[34.79,45.43],[34.757,45.421],[34.777,45.398],[34.816,45.383],[34.805,45.359],[34.757,45.359],[34.767,45.337],[34.765,45.288],[34.725,45.288],[34.724,45.27],[34.697,45.261],[34.672,45.224],[34.668,45.188],[34.738,45.223],[34.767,45.223],[34.764,45.16],[34.796,45.179],[34.864,45.177],[34.889,45.159],[34.887,45.135],[34.861,45.133],[34.861,45.08],[34.922,45.078],[34.912,45.066],[34.926,45.048],[34.951,45.05],[34.969,45.044],[34.959,45.016],[34.909,44.995],[34.892,45.004],[34.881,45.001],[34.882,44.999],[34.878,44.949],[34.828,44.932],[34.8,44.9],[34.753,44.893],[34.752,44.887],[34.7411,44.8825],[34.74,44.882],[34.7395,44.8811],[34.724,44.854],[34.721,44.841],[34.723,44.824],[34.733,44.811],[34.735,44.811],[34.742,44.811],[34.746,44.809],[34.751,44.81],[34.773,44.818],[34.864,44.821],[34.911,44.815],[34.92,44.83],[34.967,44.839],[35.035,44.827],[35.047,44.8],[35.08,44.791],[35.131,44.823],[35.148,44.881],[35.183,44.906],[35.237,44.915],[35.271,44.968],[35.352,44.963],[35.366,44.994],[35.426,45.012],[35.385,45.032],[35.386,45.047],[35.419,45.08],[35.457,45.102],[35.539,45.126],[35.5389,45.1262],[35.538,45.13],[35.53,45.132],[35.532,45.143],[35.516,45.17],[35.428,45.173],[35.425,45.214],[35.464,45.218],[35.452,45.267],[35.467,45.284],[35.468,45.288],[35.461,45.299],[35.444,45.306],[35.441,45.31],[35.436,45.303],[35.423,45.307],[35.412,45.307],[35.383,45.343],[35.361,45.357],[35.347,45.357],[35.325,45.391],[35.313,45.396],[35.307,45.389],[35.298,45.407],[35.291,45.415],[35.286,45.416],[35.277,45.428],[35.253,45.45],[35.221,45.49],[35.18,45.529],[35.145,45.551],[35.143,45.559],[35.134,45.571],[35.104,45.59],[35.1031,45.5896],[35.1004,45.5887]]]},"properties":{"id":"UA01180000000068971","name":"Феодосійський район","name_en":null,"oblast":"UA01"}},
{"type":"Feature","geometry":{"type":"Polygon","coordinates":[[[33.9251,44.4209],[33.925,44.4208],[33.9223,44.4203],[33.9094,44.4189],[33.8981,44.4215],[33.847,44.4171],[33.8141,44.41],[33.7856,44.3969],[33.7662,44.3922],[33.7618,44.3894],[33.7613,44.388],[33.7684,44.388],[33.7689,44.388],[33.7692,44.388],[33.772,44.388],[33.776,44.385],[33.84,44.404],[33.899,44.402],[33.966,44.39],[34.04,44.407],[34.063,44.421],[34.129,44.429],[34.168,44.492],[34.25,44.505],[34.283,44.54],[34.308,44.552],[34.349,44.549],[34.355,44.587],[34.373,44.592],[34.384,44.625],[34.418,44.672],[34.459,44.711],[34.562,44.755],[34.65,44.786],[34.681,44.79],[34.7,44.802],[34.71,44.803],[34.725,44.81],[34.735,44.811],[34.733,44.811],[34.723,44.824],[34.721,44.841],[34.724,44.854],[34.7395,44.8811],[34.729,44.886],[34.725,44.896],[34.702,44.899],[34.694,44.872],[34.659,44.872],[34.608,44.841],[34.597,44.859],[34.587,44.864],[34.603,44.876],[34.58,44.884],[34.538,44.887],[34.537,44.865],[34.499,44.867],[34.484,44.863],[34.476,44.857],[34.4749,44.8567],[34.482,44.852],[34.499,44.857],[34.521,44.843],[34.519,44.834],[34.483,44.841],[34.447,44.818],[34.427,44.812],[34.366,44.765],[34.322,44.746],[34.305,44.768],[34.301,44.761],[34.29,44.765],[34.281,44.763],[34.2802,44.7633],[34.275,44.751],[34.276,44.739],[34.275,44.734],[34.271,44.73],[34.256,44.726],[34.256,44.719],[34.246,44.716],[34.234,44.721],[34.187,44.718],[34.188,44.693],[34.22,44.672],[34.239,44.643],[34.265,44.637],[34.24,44.592],[34.201,44.583],[34.164,44.559],[34.136,44.553],[34.119,44.541],[34.107,44.519],[34.079,44.502],[34.05,44.499],[34.035,44.474],[33.972,44.435],[33.926,44.42],[33.9251,44.4209]]]},"properties":{"id":"UA01200000000063976","name":"Ялтинський район","name_en":null,"oblast":"UA01"}},
{"type":"Feature","geometry":{"type":"Polygon","coordinates":[[[28.3417,48.8245],[28.343,48.823],[28.3435,48.8228],[28.349,48.821],[28.354,48.825],[28.377,48.842],[28.381,48.864],[28.444,48.867],[28.488,48.841],[28.527,48.839],[28.538,48.856],[28.519,48.875],[28.551,48.894],[28.598,48.881],[28.626,48.932],[28.647,48.917],[28.631,48.894],[28.666,48.869],[28.709,48.873],[28.725,48.856],[28.772,48.892],[28.801,48.901],[28.809,48.872],[28.825,48.846],[28.874,48.848],[28.895,48.852],[28.92,48.865],[28.917,48.912],[28.949,48.91],[28.962,48.901],[28.967,48.9013],[28.9725,48.9016],[28.981,48.902],[28.985,48.905],[28.996,48.904],[29.002,48.929],[29.037,48.952],[29.062,49],[29.109,48.99],[29.166,48.968],[29.174,48.955],[29.196,48.965],[29.217,48.982],[29.253,48.976],[29.312,49.014],[29.337,49.011],[29.357,49.019],[29.355,49.039],[29.416,49.06],[29.407,49.084],[29.464,49.112],[29.52,49.114],[29.5478,49.069],[29.543,49.047],[29.593,49.048],[29.604,49.055],[29.6056,49.0555],[29.607,49.056],[29.608,49.056],[29.613,49.056],[29.628,49.046],[29.651,49.095],[29.679,49.111],[29.726,49.119],[29.732,49.133],[29.72,49.133],[29.711,49.154],[29.719,49.156],[29.718,49.177],[29.727,49.18],[29.727,49.204],[29.711,49.208],[29.705,49.224],[29.726,49.22],[29.734,49.225],[29.736,49.227],[29.7376,49.2286],[29.738,49.229],[29.702,49.262],[29.69,49.239],[29.664,49.251],[29.639,49.248],[29.609,49.3],[29.573,49.325],[29.535,49.325],[29.506,49.395],[29.564,49.414],[29.574,49.433],[29.596,49.442],[29.591,49.455],[29.561,49.465],[29.545,49.486],[29.552,49.487],[29.559,49.497],[29.581,49.493],[29.551,49.52],[29.532,49.563],[29.499,49.601],[29.536,49.638],[29.519,49.647],[29.5071,49.65],[29.5049,49.6505],[29.499,49.652],[29.484,49.655],[29.481,49.651],[29.431,49.663],[29.409,49.66],[29.395,49.648],[29.379,49.621],[29.354,49.629],[29.275,49.628],[29.275,49.591],[29.241,49.604],[29.213,49.589],[29.149,49.594],[29.027,49.591],[28.997,49.597],[28.9865,49.6031],[28.985,49.604],[28.9845,49.6017],[28.979,49.575],[28.976,49.551],[29.003,49.529],[28.968,49.505],[29.001,49.473],[28.958,49.453],[28.804,49.43],[28.768,49.434],[28.691,49.421],[28.646,49.428],[28.619,49.402],[28.679,49.36],[28.662,49.339],[28.651,49.345],[28.634,49.346],[28.612,49.351],[28.611,49.356],[28.592,49.354],[28.586,49.345],[28.535,49.373],[28.543,49.356],[28.52,49.356],[28.52,49.379],[28.475,49.402],[28.407,49.349],[28.391,49.349],[28.369,49.38],[28.332,49.398],[28.297,49.4],[28.298,49.423],[28.254,49.444],[28.222,49.435],[28.17,49.448],[28.149,49.448],[28.14,49.459],[28.14,49.464],[28.127,49.464],[28.093,49.458],[28.055,49.47],[28.049,49.454],[27.992,49.457],[27.969,49.468],[27.96,49.451],[27.993,49.437],[27.995,49.41],[27.929,49.432],[27.882,49.413],[27.862,49.416],[27.859,49.42],[27.8512,49.4216],[27.851,49.42],[27.8506,49.4197],[27.837,49.409],[27.835,49.391],[27.813,49.387],[27.816,49.356],[27.859,49.329],[27.864,49.294],[27.863,49.278],[27.851,49.265],[27.873,49.25],[27.859,49.236],[27.869,49.215],[27.883,49.216],[27.8864,49.2143],[27.8888,49.2131],[27.916,49.23],[27.938,49.235],[27.959,49.252],[27.989,49.261],[28.008,49.255],[28.033,49.256],[28.077,49.251],[28.104,49.231],[28.098,49.19],[28.155,49.162],[28.212,49.122],[28.234,49.089],[28.225,49.082],[28.203,49.083],[28.188,49.058],[28.228,48.996],[28.25,48.992],[28.279,48.999],[28.284,48.96],[28.27,48.936],[28.254,48.924],[28.271,48.908],[28.28,48.911],[28.307,48.886],[28.306,48.882],[28.289,48.879],[28.293,48.875],[28.286,48.869],[28.312,48.84],[28.337,48.83],[28.3417,48.8245]]]},"properties":{"id":"UA05020000000026686","name":"Вінницький район","name_en":"Vinnytsia Raion","oblast":"UA05"}},
{"type":"Feature","geometry":{"type":"Polygon","coordinates":[[[28.967,48.9013],[28.967,48.896],[28.964,48.891],[28.964,48.879],[28.952,48.869],[28.96,48.854],[28.981,48.848],[29.001,48.852],[29.002,48.835],[29.01,48.827],[29.0573,48.8326],[29.103,48.816],[29.112,48.796],[29.116,48.776],[29.106,48.775],[29.087,48.768],[29.075,48.754],[29.081,48.743],[29.098,48.731],[29.143,48.722],[29.123,48.71],[29.079,48.728],[29.061,48.722],[29.077,48.709],[29.076,48.696],[29.087,48.685],[29.107,48.682],[29.12,48.691],[29.133,48.675],[29.145,48.671],[29.156,48.673],[29.168,48.668],[29.174,48.66],[29.157,48.631],[29.157,48.623],[29.164,48.615],[29.141,48.609],[29.145,48.601],[29.136,48.584],[29.124,48.58],[29.073,48.591],[28.994,48.555],[28.957,48.563],[28.892,48.553],[28.877,48.52],[28.963,48.519],[28.993,48.484],[28.986,48.459],[28.992,48.454],[29.016,48.457],[29.061,48.455],[29.094,48.448],[29.077,48.414],[29.039,48.416],[29.044,48.379],[29.031,48.355],[29.048,48.34],[29.088,48.326],[29.077,48.314],[29.08,48.299],[29.107,48.274],[29.092,48.246],[29.073,48.238],[29.072,48.223],[29.06,48.21],[29.06,48.196],[29.0632,48.1948],[29.064,48.196],[29.0649,48.1957],[29.071,48.194],[29.078,48.195],[29.134,48.154],[29.208,48.135],[29.268,48.107],[29.267,48.095],[29.306,48.091],[29.331,48.095],[29.352,48.09],[29.394,48.115],[29.473,48.123],[29.479,48.109],[29.527,48.099],[29.558,48.101],[29.584,48.109],[29.58,48.112],[29.585,48.114],[29.587,48.118],[29.593,48.117],[29.602,48.134],[29.668,48.122],[29.682,48.189],[29.714,48.202],[29.763,48.201],[29.768,48.204],[29.775,48.204],[29.779,48.206],[29.7797,48.2088],[29.78,48.21],[29.7817,48.2097],[29.78,48.214],[29.773,48.224],[29.783,48.241],[29.772,48.268],[29.773,48.273],[29.761,48.278],[29.76,48.282],[29.755,48.284],[29.756,48.29],[29.75,48.29],[29.751,48.298],[29.765,48.299],[29.783,48.314],[29.785,48.329],[29.805,48.331],[29.812,48.348],[29.801,48.365],[29.788,48.369],[29.924,48.442],[29.958,48.45],[29.969,48.471],[29.9686,48.4718],[29.968,48.473],[29.963,48.474],[29.967,48.49],[30.001,48.491],[30.019,48.522],[30.021,48.54],[30.01,48.543],[30.004,48.561],[30.007,48.574],[29.949,48.594],[29.991,48.613],[29.978,48.636],[29.948,48.671],[29.918,48.673],[29.858,48.715],[29.868,48.764],[29.768,48.786],[29.763,48.847],[29.733,48.855],[29.737,48.909],[29.687,48.915],[29.681,48.922],[29.668,48.927],[29.669,48.932],[29.665,48.932],[29.654,48.937],[29.662,48.949],[29.653,48.96],[29.697,49],[29.669,49.025],[29.64,49.013],[29.629,49.024],[29.624,49.036],[29.613,49.051],[29.608,49.056],[29.607,49.056],[29.6056,49.0555],[29.604,49.055],[29.593,49.048],[29.543,49.047],[29.5478,49.069],[29.52,49.114],[29.464,49.112],[29.407,49.084],[29.416,49.06],[29.355,49.039],[29.357,49.019],[29.337,49.011],[29.312,49.014],[29.253,48.976],[29.217,48.982],[29.196,48.965],[29.174,48.955],[29.166,48.968],[29.109,48.99],[29.062,49],[29.037,48.952],[29.002,48.929],[28.996,48.904],[28.985,48.905],[28.981,48.902],[28.9725,48.9016],[28.967,48.9013]]]},"properties":{"id":"UA05040000000050292","name":"Гайсинський район","name_en":"Haisyn Raion","oblast":"UA05"}},
{"type":"Feature","geometry":{"type":"Polygon","coordinates":[[[27.8888,49.2131],[27.895,49.21],[27.899,49.185],[27.851,49.17],[27.822,49.178],[27.818,49.187],[27.804,49.185],[27.798,49.175],[27.792,49.184],[27.777,49.186],[27.784,49.174],[27.775,49.169],[27.774,49.163],[27.768,49.164],[27.764,49.159],[27.755,49.16],[27.759,49.153],[27.749,49.145],[27.698,49.138],[27.639,49.167],[27.632,49.161],[27.602,49.161],[27.599,49.134],[27.573,49.12],[27.547,49.13],[27.533,49.124],[27.512,49.13],[27.494,49.121],[27.506,49.111],[27.481,49.088],[27.487,49.068],[27.446,49.071],[27.417,49.054],[27.407,49.029],[27.383,49.007],[27.386,49.004],[27.399,48.999],[27.396,48.991],[27.41,48.974],[27.419,48.972],[27.412,48.961],[27.418,48.955],[27.394,48.939],[27.397,48.935],[27.394,48.932],[27.3946,48.929],[27.395,48.929],[27.398,48.921],[27.394,48.901],[27.403,48.891],[27.4049,48.8898],[27.405,48.89],[27.416,48.891],[27.429,48.897],[27.454,48.9],[27.489,48.924],[27.518,48.907],[27.529,48.911],[27.543,48.907],[27.553,48.899],[27.554,48.892],[27.59,48.876],[27.615,48.841],[27.657,48.829],[27.691,48.809],[27.731,48.809],[27.751,48.802],[27.772,48.813],[27.787,48.84],[27.813,48.816],[27.827,48.81],[27.832,48.811],[27.838,48.809],[27.844,48.811],[27.846,48.808],[27.864,48.792],[27.897,48.785],[27.9,48.774],[27.882,48.772],[27.881,48.735],[27.915,48.716],[27.918,48.681],[27.934,48.683],[27.961,48.678],[27.975,48.643],[28.035,48.641],[28.058,48.653],[28.083,48.643],[28.114,48.619],[28.145,48.616],[28.174,48.62],[28.175,48.608],[28.198,48.614],[28.226,48.602],[28.245,48.605],[28.27,48.588],[28.3006,48.5742],[28.309,48.577],[28.317,48.587],[28.342,48.603],[28.385,48.627],[28.403,48.652],[28.468,48.68],[28.45,48.698],[28.458,48.729],[28.416,48.758],[28.377,48.763],[28.373,48.776],[28.388,48.78],[28.372,48.8],[28.345,48.809],[28.334,48.823],[28.3417,48.8245],[28.337,48.83],[28.312,48.84],[28.286,48.869],[28.293,48.875],[28.289,48.879],[28.306,48.882],[28.307,48.886],[28.28,48.911],[28.271,48.908],[28.254,48.924],[28.27,48.936],[28.284,48.96],[28.279,48.999],[28.25,48.992],[28.228,48.996],[28.188,49.058],[28.203,49.083],[28.225,49.082],[28.234,49.089],[28.212,49.122],[28.155,49.162],[28.098,49.19],[28.104,49.231],[28.077,49.251],[28.033,49.256],[28.008,49.255],[27.989,49.261],[27.959,49.252],[27.938,49.235],[27.916,49.23],[27.8888,49.2131]]]},"properties":{"id":"UA05060000000061926","name":"Жмеринський район","name_en":"Zhmerynka Raion","oblast":"UA05"}},
{"type":"Feature","geometry":{"type":"Polygon","coordinates":[[[27.4786,48.5089],[27.497,48.483],[27.519,48.47],[27.5347,48.469],[27.535,48.469],[27.58,48.49],[27.592,48.459],[27.638,48.442],[27.679,48.439],[27.742,48.457],[27.809,48.432],[27.82,48.418],[27.871,48.405],[27.887,48.366],[27.971,48.323],[28.042,48.325],[28.074,48.316],[28.092,48.294],[28.078,48.246],[28.108,48.23],[28.145,48.262],[28.186,48.251],[28.188,48.212],[28.232,48.209],[28.297,48.238],[28.342,48.246],[28.369,48.223],[28.361,48.191],[28.309,48.164],[28.305,48.14],[28.357,48.138],[28.385,48.175],[28.435,48.163],[28.439,48.143],[28.42,48.122],[28.453,48.078],[28.49,48.065],[28.5,48.127],[28.522,48.139],[28.546,48.169],[28.558,48.17],[28.564,48.174],[28.571,48.175],[28.5751,48.1797],[28.575,48.18],[28.566,48.178],[28.562,48.182],[28.56,48.191],[28.589,48.211],[28.511,48.283],[28.505,48.325],[28.463,48.345],[28.449,48.375],[28.45,48.396],[28.458,48.4],[28.462,48.425],[28.45,48.425],[28.412,48.417],[28.392,48.409],[28.377,48.443],[28.346,48.485],[28.319,48.508],[28.35,48.515],[28.295,48.556],[28.2995,48.5722],[28.3,48.574],[28.3006,48.5742],[28.27,48.588],[28.245,48.605],[28.226,48.602],[28.198,48.614],[28.175,48.608],[28.174,48.62],[28.145,48.616],[28.114,48.619],[28.083,48.643],[28.058,48.653],[28.035,48.641],[27.975,48.643],[27.961,48.678],[27.934,48.683],[27.918,48.681],[27.915,48.716],[27.881,48.735],[27.882,48.772],[27.9,48.774],[27.897,48.785],[27.864,48.792],[27.846,48.808],[27.844,48.811],[27.838,48.809],[27.832,48.811],[27.827,48.81],[27.813,48.816],[27.787,48.84],[27.772,48.813],[27.751,48.802],[27.731,48.809],[27.691,48.809],[27.657,48.829],[27.615,48.841],[27.59,48.876],[27.554,48.892],[27.553,48.899],[27.543,48.907],[27.529,48.911],[27.518,48.907],[27.489,48.924],[27.454,48.9],[27.429,48.897],[27.416,48.891],[27.405,48.89],[27.4049,48.8898],[27.4079,48.888],[27.416,48.883],[27.419,48.818],[27.429,48.797],[27.408,48.765],[27.413,48.745],[27.417,48.738],[27.41,48.737],[27.4,48.728],[27.415,48.704],[27.39,48.678],[27.39,48.661],[27.381,48.651],[27.38,48.642],[27.3739,48.6298],[27.3733,48.6285],[27.386,48.626],[27.415,48.617],[27.435,48.608],[27.461,48.583],[27.479,48.544],[27.4786,48.5089]]]},"properties":{"id":"UA05080000000040234","name":"Могилів-Подільський район","name_en":"Mohyliv-Podilskyi Raion","oblast":"UA05"}},
{"type":"Feature","geometry":{"type":"Polygon","coordinates":[[[28.3417,48.8245],[28.334,48.823],[28.345,48.809],[28.372,48.8],[28.388,48.78],[28.373,48.776],[28.377,48.763],[28.416,48.758],[28.458,48.729],[28.45,48.698],[28.468,48.68],[28.403,48.652],[28.385,48.627],[28.342,48.603],[28.317,48.587],[28.309,48.577],[28.3006,48.5742],[28.3,48.574],[28.2995,48.5722],[28.295,48.556],[28.35,48.515],[28.319,48.508],[28.346,48.485],[28.377,48.443],[28.392,48.409],[28.412,48.417],[28.45,48.425],[28.462,48.425],[28.458,48.4],[28.45,48.396],[28.449,48.375],[28.463,48.345],[28.505,48.325],[28.511,48.283],[28.589,48.211],[28.56,48.191],[28.562,48.182],[28.566,48.178],[28.575,48.18],[28.5751,48.1797],[28.576,48.178],[28.57,48.173],[28.579,48.166],[28.679,48.145],[28.687,48.124],[28.755,48.135],[28.771,48.124],[28.841,48.124],[28.857,48.103],[28.8478,48.08],[28.854,48.08],[28.928,48.095],[28.945,48.158],[29.049,48.15],[29.042,48.157],[29.045,48.175],[29.059,48.187],[29.058,48.194],[29.062,48.193],[29.0632,48.1948],[29.06,48.196],[29.06,48.21],[29.072,48.223],[29.073,48.238],[29.092,48.246],[29.107,48.274],[29.08,48.299],[29.077,48.314],[29.088,48.326],[29.048,48.34],[29.031,48.355],[29.044,48.379],[29.039,48.416],[29.077,48.414],[29.094,48.448],[29.061,48.455],[29.016,48.457],[28.992,48.454],[28.986,48.459],[28.993,48.484],[28.963,48.519],[28.877,48.52],[28.892,48.553],[28.957,48.563],[28.994,48.555],[29.073,48.591],[29.124,48.58],[29.136,48.584],[29.145,48.601],[29.141,48.609],[29.164,48.615],[29.157,48.623],[29.157,48.631],[29.174,48.66],[29.168,48.668],[29.156,48.673],[29.145,48.671],[29.133,48.675],[29.12,48.691],[29.107,48.682],[29.087,48.685],[29.076,48.696],[29.077,48.709],[29.061,48.722],[29.079,48.728],[29.123,48.71],[29.143,48.722],[29.098,48.731],[29.081,48.743],[29.075,48.754],[29.087,48.768],[29.106,48.775],[29.116,48.776],[29.112,48.796],[29.103,48.816],[29.0573,48.8326],[29.01,48.827],[29.002,48.835],[29.001,48.852],[28.981,48.848],[28.96,48.854],[28.952,48.869],[28.964,48.879],[28.964,48.891],[28.967,48.896],[28.967,48.9013],[28.962,48.901],[28.949,48.91],[28.917,48.912],[28.92,48.865],[28.895,48.852],[28.874,48.848],[28.825,48.846],[28.809,48.872],[28.801,48.901],[28.772,48.892],[28.725,48.856],[28.709,48.873],[28.666,48.869],[28.631,48.894],[28.647,48.917],[28.626,48.932],[28.598,48.881],[28.551,48.894],[28.519,48.875],[28.538,48.856],[28.527,48.839],[28.488,48.841],[28.444,48.867],[28.381,48.864],[28.377,48.842],[28.354,48.825],[28.349,48.821],[28.3435,48.8228],[28.343,48.823],[28.3417,48.8245]]]},"properties":{"id":"UA05100000000022396","name":"Тульчинський район","name_en":"Tulchyn Raion","oblast":"UA05"}},
{"type":"Feature","geometry":{"type":"Polygon","coordinates":[[[28.9865,49.6031],[28.987,49.606],[29.011,49.633],[28.959,49.684],[29.006,49.726],[29.001,49.742],[28.965,49.756],[28.971,49.803],[28.955,49.84],[28.907,49.862],[28.899,49.883],[28.857,49.89],[28.843,49.861],[28.784,49.844],[28.75,49.845],[28.734,49.803],[28.706,49.811],[28.687,49.806],[28.635,49.818],[28.601,49.811],[28.601,49.783],[28.57,49.775],[28.53,49.821],[28.482,49.808],[28.47,49.824],[28.431,49.822],[28.406,49.793],[28.379,49.781],[28.298,49.802],[28.156,49.787],[28.098,49.773],[28.018,49.772],[27.985,49.781],[27.96,49.78],[27.933,49.769],[27.9227,49.7687],[27.9201,49.7661],[27.92,49.766],[27.895,49.757],[27.852,49.752],[27.818,49.742],[27.8188,49.7345],[27.838,49.731],[27.837,49.728],[27.808,49.709],[27.764,49.696],[27.767,49.667],[27.813,49.645],[27.785,49.596],[27.762,49.583],[27.788,49.561],[27.795,49.53],[27.774,49.519],[27.745,49.529],[27.737,49.495],[27.79,49.493],[27.765,49.477],[27.751,49.441],[27.806,49.44],[27.828,49.423],[27.846,49.432],[27.852,49.428],[27.8512,49.4216],[27.859,49.42],[27.862,49.416],[27.882,49.413],[27.929,49.432],[27.995,49.41],[27.993,49.437],[27.96,49.451],[27.969,49.468],[27.992,49.457],[28.049,49.454],[28.055,49.47],[28.093,49.458],[28.127,49.464],[28.14,49.464],[28.14,49.459],[28.149,49.448],[28.17,49.448],[28.222,49.435],[28.254,49.444],[28.298,49.423],[28.297,49.4],[28.332,49.398],[28.369,49.38],[28.391,49.349],[28.407,49.349],[28.475,49.402],[28.52,49.379],[28.52,49.356],[28.543,49.356],[28.535,49.373],[28.586,49.345],[28.592,49.354],[28.611,49.356],[28.612,49.351],[28.634,49.346],[28.651,49.345],[28.662,49.339],[28.679,49.36],[28.619,49.402],[28.646,49.428],[28.691,49.421],[28.768,49.434],[28.804,49.43],[28.958,49.453],[29.001,49.473],[28.968,49.505],[29.003,49.529],[28.976,49.551],[28.979,49.575],[28.9845,49.6017],[28.985,49.604],[28.9865,49.6031]]]},"properties":{"id":"UA05120000000017020","name":"Хмільницький район","name_en":"Khmilnyk Raion","oblast":"UA05"}},
{"type":"Feature","geometry":{"type":"Polygon","coordinates":[[[24.0955,50.6345],[24.097,50.638],[24.117,50.649],[24.152,50.646],[24.173,50.635],[24.179,50.619],[24.205,50.612],[24.231,50.584],[24.318,50.575],[24.323,50.601],[24.402,50.591],[24.407,50.561],[24.451,50.54],[24.488,50.557],[24.517,50.557],[24.531,50.553],[24.5411,50.5423],[24.544,50.543],[24.548,50.537],[24.552,50.535],[24.563,50.535],[24.574,50.554],[24.551,50.556],[24.554,50.565],[24.582,50.559],[24.613,50.561],[24.644,50.593],[24.674,50.587],[24.736,50.592],[24.738,50.573],[24.83,50.578],[24.825,50.6],[24.859,50.622],[24.861,50.656],[24.88,50.675],[24.864,50.683],[24.876,50.716],[24.935,50.705],[24.938,50.753],[24.903,50.834],[24.867,50.853],[24.827,50.858],[24.831,50.866],[24.827,50.885],[24.8197,50.8857],[24.819,50.885],[24.799,50.881],[24.742,50.899],[24.714,50.869],[24.67,50.861],[24.636,50.878],[24.613,50.885],[24.601,50.887],[24.604,50.892],[24.586,50.895],[24.565,50.9],[24.495,50.928],[24.439,50.936],[24.418,50.946],[24.427,50.956],[24.397,50.961],[24.393,50.968],[24.368,50.97],[24.351,50.975],[24.376,50.987],[24.363,51.025],[24.368,51.045],[24.331,51.037],[24.314,51.05],[24.284,51.052],[24.292,51.088],[24.24,51.095],[24.166,51.075],[24.157,51.052],[24.126,51.051],[24.101,51.009],[23.981,51.02],[23.955,51.042],[23.924,51.036],[23.923,51.036],[23.915,51.005],[23.964,50.979],[23.969,50.95],[24.025,50.915],[24.052,50.89],[24.087,50.888],[24.131,50.849],[24.079,50.836],[24.003,50.842],[23.976,50.828],[23.962,50.798],[23.968,50.774],[24.017,50.764],[24.018,50.729],[24.07,50.717],[24.061,50.677],[24.085,50.67],[24.088,50.634],[24.095,50.634],[24.0955,50.6345]]]},"properties":{"id":"UA07020000000048211","name":"Володимирський район","name_en":"Volodymyr Raion","oblast":"UA07"}},
{"type":"Feature","geometry":{"type":"Polygon","coordinates":[[[24.9342,51.893],[24.935,51.892],[24.938,51.87],[24.939,51.857],[24.928,51.836],[24.906,51.816],[24.894,51.813],[24.893,51.81],[24.885,51.81],[24.847,51.822],[24.817,51.787],[24.761,51.771],[24.733,51.749],[24.723,51.715],[24.7,51.726],[24.682,51.729],[24.679,51.725],[24.673,51.723],[24.7,51.709],[24.688,51.701],[24.694,51.699],[24.691,51.694],[24.695,51.683],[24.701,51.675],[24.701,51.666],[24.678,51.615],[24.764,51.611],[24.776,51.598],[24.776,51.547],[24.786,51.532],[24.757,51.493],[24.757,51.474],[24.766,51.46],[24.76,51.458],[24.756,51.452],[24.767,51.445],[24.818,51.433],[24.879,51.404],[24.899,51.38],[24.958,51.375],[24.968,51.352],[25.11,51.382],[25.195,51.381],[25.174,51.327],[25.206,51.284],[25.257,51.286],[25.276,51.252],[25.328,51.251],[25.338,51.216],[25.286,51.217],[25.292,51.199],[25.337,51.18],[25.349,51.163],[25.385,51.141],[25.404,51.137],[25.413,51.133],[25.4125,51.1304],[25.429,51.133],[25.457,51.159],[25.505,51.148],[25.54,51.159],[25.658,51.16],[25.777,51.143],[25.778,51.17],[25.769,51.177],[25.772,51.185],[25.785,51.192],[25.836,51.198],[25.889,51.219],[25.927,51.22],[25.946,51.228],[25.948,51.23],[25.9477,51.2309],[25.947,51.233],[25.948,51.252],[25.942,51.253],[25.936,51.271],[25.922,51.287],[25.878,51.307],[25.877,51.316],[25.848,51.321],[25.831,51.334],[25.832,51.388],[25.807,51.376],[25.756,51.382],[25.761,51.401],[25.724,51.401],[25.7,51.396],[25.672,51.418],[25.647,51.418],[25.642,51.48],[25.611,51.508],[25.556,51.502],[25.551,51.519],[25.596,51.524],[25.566,51.54],[25.597,51.561],[25.6,51.581],[25.585,51.596],[25.58,51.61],[25.565,51.604],[25.556,51.625],[25.589,51.643],[25.609,51.64],[25.65,51.693],[25.65,51.708],[25.684,51.757],[25.645,51.799],[25.651,51.818],[25.641,51.848],[25.646,51.852],[25.65,51.851],[25.65,51.855],[25.656,51.859],[25.668,51.873],[25.689,51.88],[25.709,51.896],[25.677,51.903],[25.629,51.904],[25.593,51.926],[25.528,51.941],[25.509,51.923],[25.41,51.923],[25.345,51.933],[25.264,51.97],[25.234,51.962],[25.191,51.97],[25.141,51.954],[25.1,51.954],[25.021,51.92],[24.994,51.916],[24.965,51.899],[24.9342,51.893]]]},"properties":{"id":"UA07040000000026412","name":"Камінь-Каширський район","name_en":"Kamin-Kashyrskyi Raion","oblast":"UA07"}},
{"type":"Feature","geometry":{"type":"Polygon","coordinates":[[[23.923,51.036],[23.924,51.036],[23.955,51.042],[23.981,51.02],[24.101,51.009],[24.126,51.051],[24.157,51.052],[24.166,51.075],[24.24,51.095],[24.292,51.088],[24.284,51.052],[24.314,51.05],[24.331,51.037],[24.368,51.045],[24.363,51.025],[24.376,50.987],[24.351,50.975],[24.368,50.97],[24.393,50.968],[24.397,50.961],[24.427,50.956],[24.418,50.946],[24.439,50.936],[24.495,50.928],[24.565,50.9],[24.586,50.895],[24.604,50.892],[24.601,50.887],[24.613,50.885],[24.636,50.878],[24.67,50.861],[24.714,50.869],[24.742,50.899],[24.799,50.881],[24.819,50.885],[24.8197,50.8857],[24.8204,50.8866],[24.828,50.895],[24.828,50.94],[24.871,50.939],[24.886,50.955],[24.866,50.969],[24.846,50.971],[24.829,51],[24.905,50.999],[24.948,51.018],[25.003,51.017],[25.055,51.029],[25.139,51.031],[25.184,51.047],[25.191,51.038],[25.217,51.064],[25.25,51.079],[25.256,51.12],[25.333,51.111],[25.356,51.113],[25.412,51.128],[25.4121,51.1283],[25.4125,51.1304],[25.413,51.133],[25.404,51.137],[25.385,51.141],[25.349,51.163],[25.337,51.18],[25.292,51.199],[25.286,51.217],[25.338,51.216],[25.328,51.251],[25.276,51.252],[25.257,51.286],[25.206,51.284],[25.174,51.327],[25.195,51.381],[25.11,51.382],[24.968,51.352],[24.958,51.375],[24.899,51.38],[24.879,51.404],[24.818,51.433],[24.767,51.445],[24.756,51.452],[24.76,51.458],[24.766,51.46],[24.757,51.474],[24.757,51.493],[24.786,51.532],[24.776,51.547],[24.776,51.598],[24.764,51.611],[24.678,51.615],[24.701,51.666],[24.701,51.675],[24.695,51.683],[24.691,51.694],[24.694,51.699],[24.688,51.701],[24.7,51.709],[24.673,51.723],[24.679,51.725],[24.682,51.729],[24.7,51.726],[24.723,51.715],[24.733,51.749],[24.761,51.771],[24.817,51.787],[24.847,51.822],[24.885,51.81],[24.893,51.81],[24.894,51.813],[24.906,51.816],[24.928,51.836],[24.939,51.857],[24.938,51.87],[24.935,51.892],[24.9342,51.893],[24.915,51.918],[24.844,51.897],[24.81,51.913],[24.75,51.882],[24.712,51.898],[24.672,51.894],[24.625,51.904],[24.565,51.89],[24.478,51.883],[24.387,51.883],[24.298,51.815],[24.294,51.799],[24.318,51.751],[24.268,51.717],[24.12,51.668],[24.076,51.62],[24.029,51.604],[23.996,51.581],[23.881,51.608],[23.914,51.632],[23.861,51.644],[23.789,51.641],[23.783,51.669],[23.697,51.65],[23.678,51.654],[23.605,51.622],[23.625,51.598],[23.659,51.585],[23.635,51.548],[23.671,51.519],[23.649,51.507],[23.669,51.483],[23.648,51.446],[23.68,51.438],[23.698,51.404],[23.681,51.397],[23.661,51.36],[23.635,51.318],[23.647,51.287],[23.681,51.29],[23.723,51.26],[23.738,51.211],[23.807,51.185],[23.821,51.163],[23.861,51.157],[23.849,51.125],[23.87,51.093],[23.904,51.073],[23.912,51.041],[23.914,51.039],[23.92,51.038],[23.92,51.036],[23.923,51.036]]]},"properties":{"id":"UA07060000000092268","name":"Ковельський район","name_en":"Kovel Raion","oblast":"UA07"}},
{"type":"Feature","geometry":{"type":"Polygon","coordinates":[[[25.4125,51.1304],[25.4121,51.1283],[25.412,51.128],[25.356,51.113],[25.333,51.111],[25.256,51.12],[25.25,51.079],[25.217,51.064],[25.191,51.038],[25.184,51.047],[25.139,51.031],[25.055,51.029],[25.003,51.017],[24.948,51.018],[24.905,50.999],[24.829,51],[24.846,50.971],[24.866,50.969],[24.886,50.955],[24.871,50.939],[24.828,50.94],[24.828,50.895],[24.8204,50.8866],[24.8197,50.8857],[24.827,50.885],[24.831,50.866],[24.827,50.858],[24.867,50.853],[24.903,50.834],[24.938,50.753],[24.935,50.705],[24.876,50.716],[24.864,50.683],[24.88,50.675],[24.861,50.656],[24.859,50.622],[24.825,50.6],[24.83,50.578],[24.738,50.573],[24.736,50.592],[24.674,50.587],[24.644,50.593],[24.613,50.561],[24.582,50.559],[24.554,50.565],[24.551,50.556],[24.574,50.554],[24.563,50.535],[24.552,50.535],[24.548,50.537],[24.544,50.543],[24.5411,50.5423],[24.54,50.542],[24.54,50.54],[24.547,50.534],[24.554,50.493],[24.563,50.488],[24.583,50.49],[24.59,50.488],[24.593,50.478],[24.596,50.478],[24.597,50.467],[24.58,50.459],[24.598,50.455],[24.596,50.413],[24.673,50.398],[24.721,50.373],[24.714,50.342],[24.767,50.337],[24.79,50.345],[24.86,50.349],[24.938,50.345],[24.941,50.364],[24.931,50.378],[24.938,50.382],[24.941,50.388],[25.016,50.341],[25.056,50.341],[25.053,50.3],[25.055,50.2996],[25.057,50.2993],[25.064,50.298],[25.077,50.292],[25.084,50.292],[25.1117,50.2863],[25.113,50.286],[25.114,50.287],[25.1137,50.2881],[25.112,50.295],[25.108,50.299],[25.11,50.311],[25.167,50.33],[25.143,50.369],[25.184,50.363],[25.21,50.372],[25.174,50.402],[25.146,50.438],[25.162,50.503],[25.145,50.522],[25.123,50.529],[25.123,50.553],[25.133,50.548],[25.15,50.546],[25.271,50.532],[25.311,50.545],[25.319,50.585],[25.293,50.612],[25.399,50.606],[25.388,50.63],[25.363,50.64],[25.359,50.648],[25.37,50.653],[25.38,50.65],[25.388,50.657],[25.389,50.675],[25.415,50.665],[25.461,50.661],[25.514,50.684],[25.628,50.713],[25.693,50.724],[25.694,50.703],[25.743,50.669],[25.792,50.666],[25.815,50.637],[25.817,50.627],[25.826,50.619],[25.8269,50.619],[25.8294,50.621],[25.842,50.631],[25.822,50.647],[25.869,50.688],[25.877,50.707],[25.871,50.741],[25.886,50.765],[25.9,50.831],[26.015,50.825],[26.035,50.851],[25.991,50.865],[26,50.935],[25.966,50.956],[25.966,50.958],[25.984,50.962],[25.992,50.962],[26,50.966],[26.045,50.973],[26.083,50.974],[26.078,50.99],[26.085,51.004],[26.106,51.006],[26.091,51.049],[26.017,51.082],[25.942,51.083],[25.959,51.127],[26.005,51.126],[26.058,51.144],[26.057,51.173],[26.065,51.177],[26.058,51.183],[26.058,51.185],[26.058,51.1857],[26.052,51.191],[25.996,51.229],[25.947,51.233],[25.9477,51.2309],[25.948,51.23],[25.946,51.228],[25.927,51.22],[25.889,51.219],[25.836,51.198],[25.785,51.192],[25.772,51.185],[25.769,51.177],[25.778,51.17],[25.777,51.143],[25.658,51.16],[25.54,51.159],[25.505,51.148],[25.457,51.159],[25.429,51.133],[25.4125,51.1304]]]},"properties":{"id":"UA07080000000034745","name":"Луцький район","name_en":"Lutsk Raion","oblast":"UA07"}},
{"type":"Feature","geometry":{"type":"MultiPolygon","coordinates":[[[[35.256,48.403],[35.269,48.391],[35.301,48.371],[35.301,48.361],[35.272,48.354],[35.266,48.349],[35.261,48.348],[35.262,48.344],[35.28,48.326],[35.254,48.313],[35.241,48.271],[35.22,48.255],[35.18,48.26],[35.195,48.232],[35.188,48.179],[35.195,48.151],[35.1942,48.141],[35.194,48.139],[35.195,48.139],[35.18,48.13],[35.154,48.128],[35.101,48.131],[35.058,48.12],[35.039,48.097],[34.93,48.089],[34.914,48.09],[34.909,48.104],[34.915,48.13],[34.856,48.132],[34.877,48.054],[34.84,48.05],[34.8479,48.0147],[34.848,48.014],[34.8459,48.0134],[34.841,48.012],[34.819,48.01],[34.822,47.996],[34.743,47.984],[34.731,48.025],[34.604,48.013],[34.611,47.981],[34.591,47.96],[34.533,47.95],[34.535,47.938],[34.495,47.927],[34.451,47.923],[34.445,47.926],[34.44,47.953],[34.416,47.942],[34.342,47.918],[34.317,47.928],[34.302,47.977],[34.238,47.975],[34.241,47.962],[34.187,47.96],[34.1842,47.9694],[34.1864,47.9697],[34.202,47.972],[34.2,48.001],[34.239,48.028],[34.221,48.059],[34.2006,48.059],[34.1988,48.059],[34.195,48.069],[34.233,48.068],[34.288,48.079],[34.279,48.111],[34.292,48.118],[34.375,48.132],[34.428,48.13],[34.393,48.16],[34.382,48.207],[34.403,48.194],[34.434,48.197],[34.424,48.235],[34.461,48.243],[34.472,48.265],[34.506,48.254],[34.552,48.275],[34.566,48.253],[34.591,48.255],[34.585,48.285],[34.593,48.307],[34.57,48.318],[34.569,48.326],[34.595,48.33],[34.564,48.406],[34.56,48.424],[34.561,48.432],[34.534,48.434],[34.508,48.441],[34.51,48.458],[34.5876,48.4535],[34.5904,48.4515],[34.6275,48.4575],[34.6293,48.4512],[34.6309,48.4583],[34.6377,48.4591],[34.6439,48.4557],[34.6458,48.4564],[34.6511,48.4547],[34.6578,48.4555],[34.66,48.4566],[34.6769,48.457],[34.6747,48.4594],[34.6679,48.4615],[34.6691,48.4636],[34.6741,48.4643],[34.6986,48.4505],[34.7039,48.4544],[34.703,48.4568],[34.7037,48.4624],[34.7018,48.4707],[34.7024,48.4731],[34.7127,48.4695],[34.7132,48.47],[34.727,48.465],[34.745,48.443],[34.757,48.451],[34.77,48.473],[34.7691,48.4739],[34.7716,48.4733],[34.7668,48.465],[34.7614,48.4571],[34.7583,48.4507],[34.7602,48.4405],[34.7792,48.4405],[34.7857,48.4344],[34.7781,48.4316],[34.7812,48.43],[34.7834,48.4273],[34.7905,48.4316],[34.792,48.4335],[34.7981,48.4274],[34.794,48.4285],[34.7928,48.4276],[34.8006,48.4253],[34.8047,48.4274],[34.8042,48.4301],[34.8079,48.4305],[34.8103,48.4218],[34.8167,48.424],[34.8193,48.4241],[34.8245,48.4263],[34.8272,48.4303],[34.8252,48.4322],[34.8412,48.4332],[34.8469,48.4362],[34.8522,48.4406],[34.8555,48.4418],[34.8585,48.4456],[34.8621,48.4478],[34.8656,48.4469],[34.873,48.4387],[34.8803,48.4363],[34.8886,48.436],[34.8938,48.4367],[34.9018,48.4401],[34.9076,48.4448],[34.9136,48.4475],[34.9325,48.4433],[34.935,48.4389],[34.938,48.4376],[34.942,48.4375],[34.9481,48.4339],[34.9425,48.4284],[34.935,48.4239],[34.9329,48.4216],[34.9291,48.4216],[34.9303,48.4257],[34.9267,48.4264],[34.9244,48.4243],[34.9243,48.4203],[34.9265,48.4178],[34.9186,48.4188],[34.9025,48.4202],[34.9003,48.4159],[34.9049,48.4127],[34.9045,48.4097],[34.9015,48.408],[34.9029,48.4038],[34.9088,48.4024],[34.9097,48.3998],[34.9166,48.3971],[34.9213,48.3971],[34.9249,48.3957],[34.9384,48.4028],[34.9364,48.4069],[34.9386,48.4069],[34.9403,48.4048],[34.9474,48.4016],[34.9432,48.4003],[34.9489,48.3993],[34.9478,48.3977],[34.9512,48.3976],[34.9525,48.3959],[34.9522,48.3925],[34.946,48.3905],[34.9486,48.3887],[34.9544,48.3892],[34.957,48.3882],[34.9621,48.3887],[34.9655,48.3824],[34.9697,48.3818],[34.9753,48.383],[34.9748,48.3813],[34.9689,48.3793],[34.9669,48.3734],[34.968,48.3694],[34.9715,48.3671],[34.9748,48.3678],[34.9909,48.3678],[34.9891,48.3628],[34.9932,48.3616],[35.001,48.3565],[35.0037,48.3559],[35.0086,48.3568],[35.012,48.3613],[35.007,48.3698],[35.0086,48.3765],[35.0125,48.3799],[35.0153,48.3835],[35.0176,48.389],[35.0236,48.3891],[35.0316,48.3901],[35.0319,48.391],[35.0409,48.3884],[35.0411,48.3871],[35.0567,48.3887],[35.0554,48.3918],[35.0615,48.3937],[35.0619,48.3951],[35.0656,48.3963],[35.0684,48.396],[35.0715,48.3975],[35.0775,48.3982],[35.0858,48.3976],[35.0899,48.3936],[35.0892,48.3926],[35.0932,48.3894],[35.096,48.3884],[35.0989,48.3921],[35.1037,48.3912],[35.1047,48.3927],[35.1241,48.3927],[35.1383,48.3929],[35.1489,48.3948],[35.1555,48.3984],[35.1553,48.4022],[35.1587,48.4094],[35.1706,48.4116],[35.1685,48.4172],[35.1603,48.4174],[35.156,48.424],[35.1538,48.4244],[35.153,48.428],[35.1499,48.4276],[35.1484,48.4315],[35.1496,48.4325],[35.149,48.4379],[35.1463,48.4379],[35.1416,48.4446],[35.1393,48.4464],[35.1372,48.4512],[35.1443,48.4614],[35.1508,48.4653],[35.153,48.4691],[35.1556,48.4711],[35.1646,48.4747],[35.1677,48.4716],[35.1776,48.4631],[35.1867,48.4567],[35.1921,48.4581],[35.1949,48.4604],[35.2044,48.4541],[35.2068,48.4508],[35.2085,48.4438],[35.1933,48.4439],[35.1927,48.4376],[35.1956,48.4356],[35.1904,48.434],[35.194,48.4321],[35.1921,48.431],[35.1971,48.4263],[35.203,48.4282],[35.2062,48.4284],[35.2053,48.4305],[35.2106,48.4327],[35.2132,48.4348],[35.2143,48.4379],[35.2203,48.433],[35.2291,48.4312],[35.2365,48.4288],[35.2372,48.4294],[35.252,48.422],[35.252,48.415],[35.266,48.411],[35.256,48.403]],[[35.0744,48.362],[35.0708,48.3611],[35.0646,48.3578],[35.0812,48.3545],[35.0799,48.3509],[35.0741,48.3527],[35.0718,48.3495],[35.0791,48.3475],[35.0827,48.3524],[35.0893,48.3523],[35.0966,48.353],[35.1067,48.3555],[35.1095,48.3557],[35.1132,48.3509],[35.1194,48.3495],[35.1176,48.3536],[35.118,48.356],[35.1338,48.3568],[35.1335,48.3584],[35.1212,48.3584],[35.1212,48.3597],[35.1152,48.3598],[35.1132,48.3663],[35.1089,48.3681],[35.1028,48.3691],[35.1003,48.3707],[35.095,48.3708],[35.0909,48.3697],[35.0841,48.3699],[35.081,48.3725],[35.0781,48.3731],[35.0791,48.3709],[35.076,48.3702],[35.0729,48.3748],[35.0672,48.3737],[35.0684,48.3683],[35.073,48.3727],[35.0771,48.3688],[35.0746,48.3675],[35.0744,48.362]],[[34.65,48.4465],[34.65,48.4491],[34.6459,48.4498],[34.6458,48.4476],[34.6492,48.4478],[34.6474,48.4433],[34.6564,48.4443],[34.6546,48.4462],[34.65,48.4465]]],[[[34.618,48.5437],[34.611,48.5446],[34.5976,48.5447],[34.5856,48.5435],[34.5785,48.5474],[34.5768,48.5502],[34.5781,48.5532],[34.5768,48.5558],[34.5716,48.5584],[34.5641,48.5602],[34.5638,48.5623],[34.567,48.5712],[34.569,48.5767],[34.5701,48.5765],[34.5708,48.5818],[34.5716,48.5841],[34.5728,48.5875],[34.573,48.5875],[34.5915,48.5884],[34.5926,48.589],[34.5964,48.5892],[34.602,48.588],[34.6202,48.5894],[34.6329,48.59],[34.6313,48.6014],[34.6203,48.6006],[34.6198,48.6011],[34.6195,48.6032],[34.6147,48.6093],[34.6105,48.6099],[34.6101,48.6181],[34.6039,48.6237],[34.6041,48.6265],[34.5966,48.6232],[34.5951,48.6247],[34.5902,48.6236],[34.5877,48.6193],[34.5995,48.6088],[34.5992,48.6078],[34.5832,48.5991],[34.5457,48.6284],[34.5352,48.6228],[34.5501,48.6114],[34.532,48.6],[34.516,48.577],[34.473,48.59],[34.445,48.61],[34.439,48.634],[34.407,48.666],[34.333,48.709],[34.291,48.718],[34.292,48.725],[34.292,48.723],[34.2933,48.7223],[34.294,48.722],[34.308,48.729],[34.304,48.734],[34.315,48.738],[34.299,48.786],[34.298,48.82],[34.33,48.821],[34.338,48.872],[34.301,48.896],[34.313,48.941],[34.354,48.983],[34.333,49.008],[34.417,49.054],[34.406,49.075],[34.411,49.09],[34.465,49.063],[34.543,49.053],[34.575,49.062],[34.567,49.082],[34.59,49.104],[34.601,49.108],[34.608,49.115],[34.622,49.12],[34.6238,49.1212],[34.625,49.122],[34.625,49.124],[34.647,49.099],[34.672,49.092],[34.688,49.074],[34.658,49.052],[34.693,49.049],[34.74,48.994],[34.76,48.935],[34.787,48.914],[34.785,48.898],[34.736,48.872],[34.767,48.846],[34.78,48.821],[34.774,48.792],[34.817,48.76],[34.837,48.777],[34.825,48.783],[34.827,48.792],[34.842,48.824],[34.862,48.83],[34.876,48.824],[34.892,48.835],[34.909,48.822],[34.899,48.809],[34.93,48.784],[34.957,48.789],[34.953,48.765],[34.932,48.753],[34.985,48.716],[35.02,48.701],[35.07,48.756],[35.163,48.733],[35.141,48.7],[35.164,48.675],[35.169,48.658],[35.212,48.671],[35.217,48.655],[35.185,48.65],[35.16,48.585],[35.232,48.548],[35.28,48.487],[35.303,48.441],[35.3012,48.4408],[35.247,48.434],[35.242,48.435],[35.2409,48.4341],[35.2286,48.4386],[35.2239,48.4456],[35.2315,48.4493],[35.233,48.4493],[35.2386,48.4524],[35.2386,48.4533],[35.2242,48.4624],[35.2136,48.4714],[35.2153,48.4724],[35.2123,48.4755],[35.2104,48.475],[35.2,48.4856],[35.1987,48.4876],[35.2046,48.4976],[35.2105,48.4988],[35.2056,48.5058],[35.2065,48.5079],[35.2007,48.5089],[35.1779,48.5061],[35.1734,48.5026],[35.1674,48.5018],[35.1648,48.5005],[35.1605,48.4952],[35.1516,48.4968],[35.1495,48.4987],[35.1511,48.5012],[35.1457,48.5008],[35.1288,48.5052],[35.1247,48.5074],[35.1235,48.5091],[35.1207,48.5138],[35.1225,48.5142],[35.1207,48.5169],[35.1191,48.5293],[35.1209,48.5303],[35.121,48.5333],[35.1238,48.5372],[35.121,48.5384],[35.1225,48.5406],[35.1147,48.5434],[35.1118,48.5395],[35.1086,48.5405],[35.1086,48.5387],[35.1054,48.5344],[35.1006,48.534],[35.0933,48.5372],[35.0941,48.539],[35.0894,48.54],[35.0837,48.5269],[35.0717,48.5308],[35.0585,48.5347],[35.0614,48.5373],[35.0603,48.5381],[35.0511,48.5355],[35.0426,48.5321],[35.0325,48.5264],[35.0273,48.5299],[35.0344,48.5347],[35.0321,48.5366],[35.0281,48.5341],[35.0192,48.5399],[35.0205,48.5407],[35.0084,48.5485],[35.012,48.5507],[35.0176,48.5467],[35.0315,48.5556],[35.0179,48.5644],[34.9878,48.5455],[34.9876,48.545],[34.981,48.5482],[34.9757,48.5497],[34.9657,48.5562],[34.9641,48.5561],[34.9696,48.5497],[34.968,48.5476],[34.9669,48.5504],[34.9607,48.554],[34.951,48.5556],[34.9451,48.557],[34.9372,48.5633],[34.9409,48.5702],[34.9294,48.5764],[34.9204,48.5652],[34.9168,48.564],[34.9181,48.5611],[34.9152,48.5587],[34.9091,48.5557],[34.8968,48.5603],[34.8965,48.5595],[34.8824,48.5621],[34.8788,48.5614],[34.8781,48.5534],[34.8812,48.5532],[34.8801,48.5445],[34.874,48.5449],[34.874,48.548],[34.8702,48.5475],[34.8735,48.5429],[34.8775,48.5407],[34.8826,48.5401],[34.8836,48.5437],[34.8875,48.5432],[34.8867,48.5413],[34.8899,48.5392],[34.8885,48.5344],[34.8894,48.5293],[34.9126,48.5244],[34.9133,48.5257],[34.92,48.5228],[34.9203,48.5218],[34.9256,48.5212],[34.9324,48.5185],[34.932,48.5168],[34.9194,48.5197],[34.909,48.5178],[34.9028,48.5191],[34.8976,48.5237],[34.8932,48.523],[34.8907,48.5238],[34.8845,48.5232],[34.8777,48.5216],[34.8794,48.5147],[34.8713,48.5091],[34.8675,48.5064],[34.852,48.4973],[34.834,48.4917],[34.8179,48.4897],[34.8058,48.4851],[34.7952,48.4843],[34.7848,48.487],[34.7663,48.4924],[34.7639,48.4847],[34.7586,48.4844],[34.746,48.497],[34.7205,48.5079],[34.7171,48.5101],[34.7066,48.5141],[34.6943,48.5209],[34.6914,48.5234],[34.6884,48.5276],[34.6811,48.5333],[34.671,48.5375],[34.6634,48.5386],[34.6543,48.5381],[34.6536,48.538],[34.628,48.5395],[34.618,48.5437]]]]},"properties":{"id":"UA12020000000052809","name":"Дніпровський район","name_en":"Dnipro Raion","oblast":"UA12"}},
{"type":"Feature","geometry":{"type":"Polygon","coordinates":[[[34.9055,48.5052],[34.9107,48.5048],[34.9313,48.5057],[34.9427,48.5036],[34.9627,48.4995],[34.9737,48.4964],[34.9947,48.4915],[35.0097,48.4888],[35.0076,48.4829],[34.9977,48.4836],[34.9948,48.4825],[34.9877,48.4821],[34.9907,48.4801],[34.9907,48.4769],[34.9959,48.4753],[34.9826,48.458],[34.9733,48.457],[34.9729,48.4502],[34.9814,48.4468],[34.9739,48.4419],[34.9728,48.4396],[34.9564,48.4417],[34.9481,48.4339],[34.942,48.4375],[34.938,48.4376],[34.935,48.4389],[34.9325,48.4433],[34.9136,48.4475],[34.9076,48.4448],[34.9018,48.4401],[34.8938,48.4367],[34.8886,48.436],[34.8803,48.4363],[34.873,48.4387],[34.8656,48.4469],[34.8621,48.4478],[34.8585,48.4456],[34.8555,48.4418],[34.8522,48.4406],[34.8469,48.4362],[34.8412,48.4332],[34.8252,48.4322],[34.8272,48.4303],[34.8245,48.4263],[34.8193,48.4241],[34.8167,48.424],[34.8103,48.4218],[34.8079,48.4305],[34.8042,48.4301],[34.8047,48.4274],[34.8006,48.4253],[34.7928,48.4276],[34.794,48.4285],[34.7981,48.4274],[34.792,48.4335],[34.7905,48.4316],[34.7834,48.4273],[34.7812,48.43],[34.7781,48.4316],[34.7857,48.4344],[34.7792,48.4405],[34.7602,48.4405],[34.7583,48.4507],[34.7614,48.4571],[34.7668,48.465],[34.7716,48.4733],[34.7691,48.4739],[34.7586,48.4844],[34.7639,48.4847],[34.7663,48.4924],[34.7848,48.487],[34.7952,48.4843],[34.8058,48.4851],[34.8179,48.4897],[34.834,48.4917],[34.852,48.4973],[34.8675,48.5064],[34.8713,48.5091],[34.8958,48.5079],[34.9055,48.5052]]]},"properties":{"id":"UA12020010010350200","name":"Новокодацький район","name_en":null,"oblast":"UA12","city":"Дніпро"}},
{"type":"Feature","geometry":{"type":"Polygon","coordinates":[[[35.0041,48.536],[35.0081,48.5323],[35.0075,48.5303],[35.0148,48.5241],[35.02,48.5212],[35.0326,48.5263],[35.0365,48.5248],[35.0371,48.5208],[35.0407,48.52],[35.0432,48.5175],[35.0545,48.5153],[35.0576,48.5196],[35.0641,48.5161],[35.078,48.5137],[35.0732,48.5026],[35.0633,48.4873],[35.0703,48.4857],[35.0738,48.4895],[35.0764,48.4874],[35.0882,48.483],[35.0941,48.4783],[35.0913,48.4739],[35.0821,48.467],[35.0782,48.4699],[35.0665,48.4743],[35.0562,48.4764],[35.0629,48.4866],[35.059,48.486],[35.0523,48.4882],[35.0524,48.4869],[35.0486,48.4858],[35.0428,48.4883],[35.0347,48.4896],[35.0279,48.4893],[35.0097,48.4888],[34.9947,48.4915],[34.9737,48.4964],[34.9627,48.4995],[34.9427,48.5036],[34.9313,48.5057],[34.9107,48.5048],[34.9055,48.5052],[34.8958,48.5079],[34.8713,48.5091],[34.8794,48.5147],[34.8777,48.5216],[34.8845,48.5232],[34.8907,48.5238],[34.8932,48.523],[34.8976,48.5237],[34.9028,48.5191],[34.909,48.5178],[34.9194,48.5197],[34.932,48.5168],[34.9324,48.5185],[34.9256,48.5212],[34.9203,48.5218],[34.92,48.5228],[34.9133,48.5257],[34.9126,48.5244],[34.8894,48.5293],[34.8885,48.5344],[34.8899,48.5392],[34.8867,48.5413],[34.8875,48.5432],[34.8836,48.5437],[34.8826,48.5401],[34.8775,48.5407],[34.8735,48.5429],[34.8702,48.5475],[34.874,48.548],[34.874,48.5449],[34.8801,48.5445],[34.8812,48.5532],[34.8781,48.5534],[34.8788,48.5614],[34.8824,48.5621],[34.8965,48.5595],[34.8968,48.5603],[34.9091,48.5557],[34.9152,48.5587],[34.9181,48.5611],[34.9168,48.564],[34.9204,48.5652],[34.9294,48.5764],[34.9409,48.5702],[34.9372,48.5633],[34.9451,48.557],[34.951,48.5556],[34.9607,48.554],[34.9669,48.5504],[34.968,48.5476],[34.9696,48.5497],[34.9641,48.5561],[34.9657,48.5562],[34.9757,48.5497],[34.981,48.5482],[34.9876,48.545],[34.9951,48.5399],[35.0041,48.536]]]},"properties":{"id":"UA12020010010114149","name":"Амур-Нижньодніпровський район","name_en":null,"oblast":"UA12","city":"Дніпро"}},
{"type":"Feature","geometry":{"type":"Polygon","coordinates":[[[35.1042,48.4797],[35.1041,48.4811],[35.1084,48.4813],[35.1126,48.4854],[35.1138,48.4882],[35.1139,48.5051],[35.1134,48.5081],[35.1165,48.51],[35.1235,48.5091],[35.1247,48.5074],[35.1288,48.5052],[35.1457,48.5008],[35.1511,48.5012],[35.1495,48.4987],[35.1516,48.4968],[35.1605,48.4952],[35.1648,48.5005],[35.1674,48.5018],[35.1734,48.5026],[35.1779,48.5061],[35.2007,48.5089],[35.2065,48.5079],[35.2056,48.5058],[35.2105,48.4988],[35.2046,48.4976],[35.1987,48.4876],[35.2,48.4856],[35.2104,48.475],[35.2123,48.4755],[35.2153,48.4724],[35.2136,48.4714],[35.2242,48.4624],[35.2386,48.4533],[35.2386,48.4524],[35.233,48.4493],[35.2315,48.4493],[35.2239,48.4456],[35.2286,48.4386],[35.2409,48.4341],[35.236,48.43],[35.2372,48.4294],[35.2365,48.4288],[35.2291,48.4312],[35.2203,48.433],[35.2143,48.4379],[35.2132,48.4348],[35.2106,48.4327],[35.2053,48.4305],[35.2062,48.4284],[35.203,48.4282],[35.1971,48.4263],[35.1921,48.431],[35.194,48.4321],[35.1904,48.434],[35.1956,48.4356],[35.1927,48.4376],[35.1933,48.4439],[35.2085,48.4438],[35.2068,48.4508],[35.2044,48.4541],[35.1949,48.4604],[35.1921,48.4581],[35.1867,48.4567],[35.1776,48.4631],[35.1677,48.4716],[35.1646,48.4747],[35.1556,48.4711],[35.153,48.4691],[35.1508,48.4653],[35.1443,48.4614],[35.1372,48.4512],[35.1393,48.4464],[35.1416,48.4446],[35.1463,48.4379],[35.149,48.4379],[35.1496,48.4325],[35.1484,48.4315],[35.1499,48.4276],[35.153,48.428],[35.1538,48.4244],[35.156,48.424],[35.1603,48.4174],[35.1685,48.4172],[35.1706,48.4116],[35.1587,48.4094],[35.1553,48.4022],[35.1555,48.3984],[35.1489,48.3948],[35.1383,48.3929],[35.1241,48.3927],[35.1229,48.3959],[35.1051,48.3978],[35.0974,48.4051],[35.0934,48.4195],[35.1006,48.4371],[35.0957,48.4464],[35.0929,48.4567],[35.0884,48.4632],[35.0821,48.467],[35.0913,48.4739],[35.0941,48.4783],[35.0977,48.4798],[35.1042,48.4797]]]},"properties":{"id":"UA12020010010475293","name":"Самарський район","name_en":null,"oblast":"UA12","city":"Дніпро"}},
{"type":"Feature","geometry":{"type":"Polygon","coordinates":[[[35.0782,48.4699],[35.0821,48.467],[35.0884,48.4632],[35.0929,48.4567],[35.0957,48.4464],[35.1006,48.4371],[35.0934,48.4195],[35.0974,48.4051],[35.1051,48.3978],[35.1229,48.3959],[35.1241,48.3927],[35.1047,48.3927],[35.1037,48.3912],[35.0989,48.3921],[35.096,48.3884],[35.0932,48.3894],[35.0892,48.3926],[35.0899,48.3936],[35.0858,48.3976],[35.0775,48.3982],[35.0715,48.3975],[35.0684,48.396],[35.0656,48.3963],[35.0619,48.3951],[35.0615,48.3937],[35.0554,48.3918],[35.0567,48.3887],[35.0401,48.3969],[35.0238,48.417],[35.0227,48.42],[35.0241,48.4245],[35.0286,48.4255],[35.0392,48.4292],[35.0396,48.4299],[35.0295,48.4353],[35.0295,48.4383],[35.0323,48.4408],[35.0404,48.4436],[35.0424,48.4474],[35.0481,48.452],[35.0491,48.4538],[35.0485,48.4573],[35.0516,48.4623],[35.0531,48.4627],[35.0514,48.4688],[35.0562,48.4764],[35.0665,48.4743],[35.0782,48.4699]]]},"properties":{"id":"UA12020010010512802","name":"Соборний район","name_en":null,"oblast":"UA12","city":"Дніпро"}},
{"type":"Feature","geometry":{"type":"MultiPolygon","coordinates":[[[[35.0291,48.4478],[35.0266,48.4506],[35.0387,48.4607],[35.0326,48.4642],[35.0424,48.4725],[35.0447,48.4787],[35.0562,48.4764],[35.0514,48.4688],[35.0531,48.4627],[35.0516,48.4623],[35.0485,48.4573],[35.0491,48.4538],[35.0481,48.452],[35.0424,48.4474],[35.0404,48.4436],[35.0323,48.4408],[35.0295,48.4383],[35.0295,48.4353],[35.0396,48.4299],[35.0392,48.4292],[35.0286,48.4255],[35.0241,48.4245],[35.0227,48.42],[35.0238,48.417],[35.0401,48.3969],[35.0567,48.3887],[35.0411,48.3871],[35.0409,48.3884],[35.0319,48.391],[35.0316,48.3901],[35.0236,48.3891],[35.0176,48.389],[35.0153,48.3835],[35.0125,48.3799],[35.0086,48.3765],[35.007,48.3698],[35.012,48.3613],[35.0086,48.3568],[35.0037,48.3559],[35.001,48.3565],[34.9932,48.3616],[34.9891,48.3628],[34.9909,48.3678],[34.9748,48.3678],[34.9715,48.3671],[34.968,48.3694],[34.9669,48.3734],[34.9689,48.3793],[34.9748,48.3813],[34.9753,48.383],[34.9697,48.3818],[34.9655,48.3824],[34.9621,48.3887],[34.967,48.3903],[34.9642,48.3983],[34.9673,48.4017],[34.9654,48.4023],[34.9695,48.4068],[34.9726,48.4079],[34.9772,48.4077],[34.9866,48.4122],[34.9892,48.4104],[34.9919,48.4061],[34.9959,48.4083],[35.0013,48.4085],[35.0019,48.4119],[35.0128,48.4262],[35.0145,48.4292],[35.0193,48.4373],[35.0291,48.4478]]],[[[35.0746,48.3675],[35.0771,48.3688],[35.073,48.3727],[35.0684,48.3683],[35.0672,48.3737],[35.0729,48.3748],[35.076,48.3702],[35.0791,48.3709],[35.0781,48.3731],[35.081,48.3725],[35.0841,48.3699],[35.0909,48.3697],[35.095,48.3708],[35.1003,48.3707],[35.1028,48.3691],[35.1089,48.3681],[35.1132,48.3663],[35.1152,48.3598],[35.1212,48.3597],[35.1212,48.3584],[35.1335,48.3584],[35.1338,48.3568],[35.118,48.356],[35.1176,48.3536],[35.1194,48.3495],[35.1132,48.3509],[35.1095,48.3557],[35.1067,48.3555],[35.0966,48.353],[35.0893,48.3523],[35.0827,48.3524],[35.0791,48.3475],[35.0718,48.3495],[35.0741,48.3527],[35.0799,48.3509],[35.0812,48.3545],[35.0646,48.3578],[35.0708,48.3611],[35.0744,48.362],[35.0746,48.3675]]]]},"properties":{"id":"UA12020010010816623","name":"Шевченківський район","name_en":null,"oblast":"UA12","city":"Дніпро"}},
{"type":"Feature","geometry":{"type":"Polygon","coordinates":[[[34.9728,48.4396],[34.9739,48.4419],[34.9814,48.4468],[34.9729,48.4502],[34.9733,48.457],[34.9826,48.458],[34.9959,48.4753],[34.9907,48.4769],[34.9907,48.4801],[34.9877,48.4821],[34.9948,48.4825],[34.9977,48.4836],[35.0076,48.4829],[35.0097,48.4888],[35.0279,48.4893],[35.022,48.482],[35.0192,48.4803],[35.0071,48.4815],[35.0058,48.4776],[35.0038,48.4779],[35.0035,48.4727],[35.0069,48.4715],[35.0106,48.4739],[35.0166,48.4731],[35.0228,48.471],[35.0178,48.4613],[35.0126,48.4626],[35.0067,48.4513],[35.0047,48.4451],[35.006,48.4429],[35.0119,48.4424],[35.0118,48.4397],[35.0096,48.4349],[35.0095,48.4304],[35.0145,48.4292],[35.0128,48.4262],[35.0019,48.4119],[35.0013,48.4085],[34.9959,48.4083],[34.9919,48.4061],[34.9892,48.4104],[34.9866,48.4122],[34.9772,48.4077],[34.9726,48.4079],[34.9695,48.4068],[34.9654,48.4023],[34.9673,48.4017],[34.9642,48.3983],[34.967,48.3903],[34.9621,48.3887],[34.957,48.3882],[34.9544,48.3892],[34.9486,48.3887],[34.946,48.3905],[34.9522,48.3925],[34.9525,48.3959],[34.9512,48.3976],[34.9478,48.3977],[34.9489,48.3993],[34.9432,48.4003],[34.9474,48.4016],[34.9403,48.4048],[34.9386,48.4069],[34.9364,48.4069],[34.9384,48.4028],[34.9249,48.3957],[34.9213,48.3971],[34.9166,48.3971],[34.9097,48.3998],[34.9088,48.4024],[34.9029,48.4038],[34.9015,48.408],[34.9045,48.4097],[34.9049,48.4127],[34.9003,48.4159],[34.9025,48.4202],[34.9186,48.4188],[34.9265,48.4178],[34.9243,48.4203],[34.9244,48.4243],[34.9267,48.4264],[34.9303,48.4257],[34.9291,48.4216],[34.9329,48.4216],[34.935,48.4239],[34.9425,48.4284],[34.9481,48.4339],[34.9564,48.4417],[34.9728,48.4396]]]},"properties":{"id":"UA12020010010757287","name":"Чечелівський район","name_en":null,"oblast":"UA12","city":"Дніпро"}},
{"type":"Feature","geometry":{"type":"MultiPolygon","coordinates":[[[[35.1134,48.5081],[35.1139,48.5051],[35.1138,48.4882],[35.1126,48.4854],[35.1084,48.4813],[35.1041,48.4811],[35.1042,48.4797],[35.0977,48.4798],[35.0941,48.4783],[35.0882,48.483],[35.0764,48.4874],[35.0738,48.4895],[35.0703,48.4857],[35.0633,48.4873],[35.0732,48.5026],[35.078,48.5137],[35.0641,48.5161],[35.0576,48.5196],[35.0545,48.5153],[35.0432,48.5175],[35.0407,48.52],[35.0371,48.5208],[35.0365,48.5248],[35.0326,48.5263],[35.02,48.5212],[35.0148,48.5241],[35.0075,48.5303],[35.0081,48.5323],[35.0041,48.536],[34.9951,48.5399],[34.9876,48.545],[34.9878,48.5455],[35.0179,48.5644],[35.0315,48.5556],[35.0176,48.5467],[35.012,48.5507],[35.0084,48.5485],[35.0205,48.5407],[35.0192,48.5399],[35.0281,48.5341],[35.0321,48.5366],[35.0344,48.5347],[35.0273,48.5299],[35.0325,48.5264],[35.0426,48.5321],[35.0511,48.5355],[35.0603,48.5381],[35.0614,48.5373],[35.0585,48.5347],[35.0717,48.5308],[35.0837,48.5269],[35.0894,48.54],[35.0941,48.539],[35.0933,48.5372],[35.1006,48.534],[35.1054,48.5344],[35.1086,48.5387],[35.1086,48.5405],[35.1118,48.5395],[35.1147,48.5434],[35.1225,48.5406],[35.121,48.5384],[35.1238,48.5372],[35.121,48.5333],[35.1209,48.5303],[35.1191,48.5293],[35.1207,48.5169],[35.1225,48.5142],[35.1207,48.5138],[35.1235,48.5091],[35.1165,48.51],[35.1134,48.5081]]],[[[35.0523,48.4882],[35.059,48.486],[35.0629,48.4866],[35.0562,48.4764],[35.0447,48.4787],[35.0486,48.4858],[35.0524,48.4869],[35.0523,48.4882]]]]},"properties":{"id":"UA12020010010231764","name":"Індустріальний район","name_en":null,"oblast":"UA12","city":"Дніпро"}},
{"type":"Feature","geometry":{"type":"Polygon","coordinates":[[[35.0428,48.4883],[35.0486,48.4858],[35.0447,48.4787],[35.0424,48.4725],[35.0326,48.4642],[35.0387,48.4607],[35.0266,48.4506],[35.0291,48.4478],[35.0193,48.4373],[35.0145,48.4292],[35.0095,48.4304],[35.0096,48.4349],[35.0118,48.4397],[35.0119,48.4424],[35.006,48.4429],[35.0047,48.4451],[35.0067,48.4513],[35.0126,48.4626],[35.0178,48.4613],[35.0228,48.471],[35.0166,48.4731],[35.0106,48.4739],[35.0069,48.4715],[35.0035,48.4727],[35.0038,48.4779],[35.0058,48.4776],[35.0071,48.4815],[35.0192,48.4803],[35.022,48.482],[35.0279,48.4893],[35.0347,48.4896],[35.0428,48.4883]]]},"properties":{"id":"UA12020010010639502","name":"Центральний район","name_en":null,"oblast":"UA12","city":"Дніпро"}},
{"type":"Feature","geometry":{"type":"MultiPolygon","coordinates":[[[[34.508,48.441],[34.534,48.434],[34.561,48.432],[34.56,48.424],[34.564,48.406],[34.595,48.33],[34.569,48.326],[34.57,48.318],[34.593,48.307],[34.585,48.285],[34.591,48.255],[34.566,48.253],[34.552,48.275],[34.506,48.254],[34.472,48.265],[34.461,48.243],[34.424,48.235],[34.434,48.197],[34.403,48.194],[34.382,48.207],[34.393,48.16],[34.428,48.13],[34.375,48.132],[34.292,48.118],[34.279,48.111],[34.288,48.079],[34.233,48.068],[34.195,48.069],[34.1988,48.059],[34.196,48.059],[34.188,48.058],[34.184,48.077],[34.157,48.073],[34.111,48.103],[34.085,48.103],[34.06,48.153],[34.017,48.143],[34.006,48.186],[33.964,48.184],[33.946,48.187],[33.944,48.201],[33.93,48.202],[33.924,48.224],[33.887,48.22],[33.876,48.26],[33.817,48.257],[33.808,48.265],[33.78,48.258],[33.74,48.266],[33.606,48.258],[33.625,48.291],[33.614,48.319],[33.569,48.316],[33.577,48.253],[33.5459,48.2375],[33.541,48.253],[33.536,48.253],[33.531,48.276],[33.511,48.295],[33.519,48.329],[33.474,48.331],[33.479,48.35],[33.461,48.356],[33.469,48.371],[33.469,48.387],[33.488,48.406],[33.49,48.441],[33.471,48.533],[33.483,48.557],[33.511,48.567],[33.584,48.575],[33.624,48.566],[33.61,48.599],[33.649,48.599],[33.662,48.585],[33.701,48.605],[33.765,48.626],[33.757,48.657],[33.803,48.662],[33.806,48.689],[33.751,48.682],[33.682,48.724],[33.619,48.728],[33.609,48.752],[33.594,48.749],[33.583,48.765],[33.584,48.796],[33.617,48.787],[33.66,48.792],[33.72,48.809],[33.725,48.788],[33.794,48.793],[33.818,48.775],[33.852,48.77],[33.852,48.802],[33.862,48.835],[33.875,48.84],[33.8946,48.8998],[33.901,48.894],[33.92,48.882],[33.926,48.879],[33.93,48.879],[33.946,48.878],[33.981,48.865],[34.012,48.866],[34.034,48.843],[34.074,48.823],[34.126,48.814],[34.125,48.784],[34.171,48.777],[34.25,48.743],[34.286,48.743],[34.296,48.738],[34.292,48.727],[34.292,48.725],[34.291,48.718],[34.333,48.709],[34.407,48.666],[34.439,48.634],[34.445,48.61],[34.473,48.59],[34.516,48.577],[34.532,48.6],[34.5501,48.6114],[34.5505,48.6111],[34.5578,48.6053],[34.5558,48.6043],[34.5568,48.6014],[34.5494,48.597],[34.5455,48.5956],[34.544,48.5937],[34.5464,48.5933],[34.5464,48.5911],[34.5498,48.5912],[34.5527,48.59],[34.5565,48.5852],[34.5566,48.581],[34.5417,48.5512],[34.54,48.5469],[34.5269,48.5496],[34.5391,48.5466],[34.5328,48.5332],[34.5295,48.5295],[34.5219,48.5301],[34.5168,48.5288],[34.5073,48.5285],[34.4961,48.5325],[34.495,48.5306],[34.4864,48.5239],[34.4915,48.521],[34.4933,48.5157],[34.4905,48.5154],[34.4838,48.5106],[34.4798,48.5109],[34.4838,48.5067],[34.4929,48.5111],[34.4948,48.5138],[34.4965,48.5108],[34.4983,48.5131],[34.5029,48.51],[34.5049,48.5135],[34.5027,48.5164],[34.5083,48.5157],[34.5085,48.5112],[34.5167,48.5075],[34.5151,48.5017],[34.5187,48.5017],[34.5269,48.5068],[34.5302,48.5075],[34.538,48.507],[34.5456,48.5018],[34.5542,48.4975],[34.5593,48.4955],[34.5594,48.4941],[34.5643,48.4793],[34.5709,48.478],[34.5832,48.4719],[34.5846,48.4722],[34.5804,48.4864],[34.5748,48.487],[34.5732,48.4932],[34.5848,48.4956],[34.5969,48.4964],[34.6049,48.4898],[34.6071,48.4796],[34.6088,48.4757],[34.6053,48.464],[34.592,48.4573],[34.5911,48.4559],[34.5876,48.4556],[34.587,48.4539],[34.5876,48.4535],[34.51,48.458],[34.508,48.441]]],[[[34.77,48.473],[34.757,48.451],[34.745,48.443],[34.727,48.465],[34.7132,48.47],[34.7155,48.4725],[34.712,48.4839],[34.7065,48.4889],[34.7086,48.4886],[34.7119,48.4917],[34.7164,48.4933],[34.7193,48.4927],[34.7143,48.4975],[34.7222,48.501],[34.7275,48.5042],[34.7248,48.5052],[34.7205,48.5079],[34.746,48.497],[34.77,48.473]]]]},"properties":{"id":"UA12040000000032213","name":"Кам'янський район","name_en":"Kamianskyi raion","oblast":"UA12"}},
{"type":"Feature","geometry":{"type":"MultiPolygon","coordinates":[[[[34.6008,48.4996],[34.6065,48.509],[34.6206,48.5052],[34.6281,48.5093],[34.6295,48.5116],[34.635,48.5102],[34.6489,48.5127],[34.6503,48.5162],[34.6554,48.5184],[34.6558,48.521],[34.6477,48.5275],[34.654,48.5287],[34.6555,48.5304],[34.6559,48.5353],[34.6543,48.5381],[34.6634,48.5386],[34.671,48.5375],[34.6811,48.5333],[34.6884,48.5276],[34.6914,48.5234],[34.6943,48.5209],[34.7066,48.5141],[34.7171,48.5101],[34.7248,48.5052],[34.7275,48.5042],[34.7222,48.501],[34.7143,48.4975],[34.7193,48.4927],[34.7164,48.4933],[34.7119,48.4917],[34.7086,48.4886],[34.7065,48.4889],[34.712,48.4839],[34.7155,48.4725],[34.7127,48.4695],[34.7024,48.4731],[34.7018,48.4707],[34.7037,48.4624],[34.703,48.4568],[34.7039,48.4544],[34.6986,48.4505],[34.6741,48.4643],[34.6691,48.4636],[34.6679,48.4615],[34.6747,48.4594],[34.6769,48.457],[34.66,48.4566],[34.6578,48.4555],[34.6511,48.4547],[34.6458,48.4564],[34.6439,48.4557],[34.6377,48.4591],[34.6309,48.4583],[34.6293,48.4512],[34.6275,48.4575],[34.5904,48.4515],[34.587,48.4539],[34.5876,48.4556],[34.5911,48.4559],[34.592,48.4573],[34.6053,48.464],[34.6088,48.4757],[34.6071,48.4796],[34.6049,48.4898],[34.5969,48.4964],[34.602,48.4969],[34.6008,48.4996]]],[[[34.65,48.4465],[34.6546,48.4462],[34.6564,48.4443],[34.6474,48.4433],[34.6492,48.4478],[34.6458,48.4476],[34.6459,48.4498],[34.65,48.4491],[34.65,48.4465]]]]},"properties":{"id":"UA12040150010395824","name":"Південний район","name_en":null,"oblast":"UA12","city":"Кам'янське"}},
{"type":"Feature","geometry":{"type":"Polygon","coordinates":[[[34.618,48.5437],[34.628,48.5395],[34.6534,48.538],[34.6535,48.538],[34.6543,48.5381],[34.6559,48.5353],[34.6555,48.5304],[34.654,48.5287],[34.6477,48.5275],[34.6558,48.521],[34.6554,48.5184],[34.6503,48.5162],[34.6489,48.5127],[34.635,48.5102],[34.6295,48.5116],[34.6281,48.5093],[34.6206,48.5052],[34.6065,48.509],[34.6008,48.4996],[34.602,48.4969],[34.5969,48.4964],[34.5848,48.4956],[34.5732,48.4932],[34.5748,48.487],[34.5804,48.4864],[34.5846,48.4722],[34.5832,48.4719],[34.5709,48.478],[34.5643,48.4793],[34.5594,48.4941],[34.5593,48.4955],[34.5542,48.4975],[34.5456,48.5018],[34.538,48.507],[34.5302,48.5075],[34.5269,48.5068],[34.5262,48.5073],[34.5316,48.5143],[34.5359,48.5172],[34.5432,48.5251],[34.548,48.527],[34.5479,48.5284],[34.5588,48.5324],[34.5616,48.5326],[34.5827,48.5267],[34.5913,48.5253],[34.593,48.5323],[34.5856,48.5435],[34.5976,48.5447],[34.611,48.5446],[34.618,48.5437]]]},"properties":{"id":"UA12040150010213957","name":"Заводський район","name_en":null,"oblast":"UA12","city":"Кам'янське"}},
{"type":"Feature","geometry":{"type":"Polygon","coordinates":[[[34.5083,48.5157],[34.5027,48.5164],[34.5049,48.5135],[34.5029,48.51],[34.4983,48.5131],[34.4965,48.5108],[34.4948,48.5138],[34.4929,48.5111],[34.4838,48.5067],[34.4798,48.5109],[34.4838,48.5106],[34.4905,48.5154],[34.4933,48.5157],[34.4915,48.521],[34.4864,48.5239],[34.495,48.5306],[34.4961,48.5325],[34.5073,48.5285],[34.5168,48.5288],[34.5219,48.5301],[34.5295,48.5295],[34.5328,48.5332],[34.5391,48.5466],[34.5269,48.5496],[34.54,48.5469],[34.5417,48.5512],[34.5566,48.581],[34.5565,48.5852],[34.5527,48.59],[34.5498,48.5912],[34.5464,48.5911],[34.5464,48.5933],[34.544,48.5937],[34.5455,48.5956],[34.5494,48.597],[34.5568,48.6014],[34.5558,48.6043],[34.5578,48.6053],[34.5505,48.6111],[34.5352,48.6228],[34.5457,48.6284],[34.5832,48.5991],[34.5992,48.6078],[34.5995,48.6088],[34.5877,48.6193],[34.5902,48.6236],[34.5951,48.6247],[34.5966,48.6232],[34.6041,48.6265],[34.6039,48.6237],[34.6101,48.6181],[34.6105,48.6099],[34.6147,48.6093],[34.6195,48.6032],[34.6199,48.6006],[34.6313,48.6014],[34.6329,48.59],[34.6202,48.5894],[34.602,48.588],[34.5963,48.5892],[34.5962,48.5892],[34.5926,48.589],[34.5915,48.5884],[34.573,48.5875],[34.5728,48.5875],[34.5708,48.5818],[34.5701,48.5765],[34.569,48.5767],[34.5638,48.5624],[34.5638,48.5623],[34.5641,48.5602],[34.5716,48.5584],[34.5768,48.5558],[34.5781,48.5532],[34.5768,48.5502],[34.5785,48.5474],[34.5856,48.5435],[34.593,48.5323],[34.5913,48.5253],[34.5827,48.5267],[34.5616,48.5326],[34.5588,48.5324],[34.5479,48.5284],[34.548,48.527],[34.5432,48.5251],[34.5359,48.5172],[34.5316,48.5143],[34.5262,48.5073],[34.5269,48.5068],[34.5187,48.5017],[34.5151,48.5017],[34.5167,48.5075],[34.5085,48.5112],[34.5083,48.5157]]]},"properties":{"id":"UA12040150010118924","name":"Дніпровський район","name_en":null,"oblast":"UA12","city":"Кам'янське"}},
{"type":"Feature","geometry":{"type":"Polygon","coordinates":[[[33.212,48.171],[33.243,48.174],[33.272,48.155],[33.278,48.104],[33.293,48.103],[33.306,48.127],[33.292,48.151],[33.315,48.159],[33.431,48.171],[33.43,48.19],[33.478,48.195],[33.484,48.215],[33.545,48.235],[33.545,48.237],[33.5459,48.2375],[33.577,48.253],[33.569,48.316],[33.614,48.319],[33.625,48.291],[33.606,48.258],[33.74,48.266],[33.78,48.258],[33.808,48.265],[33.817,48.257],[33.876,48.26],[33.887,48.22],[33.924,48.224],[33.93,48.202],[33.944,48.201],[33.946,48.187],[33.964,48.184],[34.006,48.186],[34.017,48.143],[34.06,48.153],[34.085,48.103],[34.111,48.103],[34.157,48.073],[34.184,48.077],[34.188,48.058],[34.196,48.059],[34.1988,48.059],[34.2006,48.059],[34.221,48.059],[34.239,48.028],[34.2,48.001],[34.202,47.972],[34.1864,47.9697],[34.1842,47.9694],[34.168,47.967],[34.147,47.941],[34.13,47.937],[34.093,47.947],[34.056,47.932],[34.013,47.927],[34.044,47.808],[34.07,47.796],[34.033,47.771],[34.022,47.75],[34.01,47.745],[33.96,47.742],[33.957,47.721],[33.93,47.702],[33.981,47.666],[34.045,47.666],[34.027,47.647],[34.075,47.599],[34.076,47.554],[34.11,47.553],[34.1159,47.4757],[34.1139,47.4755],[34.074,47.472],[34.016,47.461],[34.016,47.4605],[34.016,47.4586],[34.006,47.456],[33.95,47.461],[33.939,47.515],[33.643,47.484],[33.635,47.513],[33.587,47.502],[33.58,47.531],[33.591,47.573],[33.58,47.599],[33.476,47.587],[33.487,47.543],[33.327,47.522],[33.35,47.493],[33.314,47.482],[33.309,47.501],[33.242,47.529],[33.216,47.531],[33.217,47.549],[33.237,47.571],[33.177,47.567],[33.165,47.568],[33.0932,47.5778],[33.0935,47.5798],[33.096,47.598],[32.987,47.592],[32.998,47.614],[32.974,47.722],[33.073,47.738],[33.067,47.783],[33.056,47.831],[33.079,47.921],[33.014,47.911],[32.996,47.984],[33.006,47.988],[33.0059,47.9882],[33.021,47.984],[33.038,48.033],[33.109,48.041],[33.108,48.06],[33.142,48.063],[33.147,48.041],[33.155,48.042],[33.151,48.065],[33.154,48.083],[33.226,48.091],[33.233,48.126],[33.215,48.162],[33.2148,48.162],[33.2136,48.1619],[33.212,48.171]],[[33.4107,47.8312],[33.4212,47.8315],[33.4291,47.8312],[33.4393,47.8298],[33.4499,47.8318],[33.4495,47.8388],[33.4456,47.8511],[33.4414,47.8493],[33.434,47.8484],[33.4255,47.8447],[33.4241,47.8487],[33.4285,47.8511],[33.4262,47.8517],[33.425,47.8548],[33.4272,47.8577],[33.4302,47.8581],[33.4333,47.8618],[33.4377,47.8603],[33.4418,47.8617],[33.4415,47.8648],[33.4463,47.8655],[33.4526,47.8688],[33.4685,47.8767],[33.4728,47.8782],[33.4839,47.8533],[33.4828,47.8519],[33.4839,47.8489],[33.4893,47.8462],[33.4916,47.8478],[33.4998,47.8484],[33.5088,47.8451],[33.5099,47.8496],[33.5104,47.8562],[33.5067,47.8602],[33.5186,47.8616],[33.5174,47.8673],[33.5283,47.8673],[33.5406,47.8717],[33.5683,47.8801],[33.5647,47.8854],[33.5466,47.9001],[33.5452,47.9052],[33.5276,47.9044],[33.5275,47.9067],[33.5207,47.9066],[33.4862,47.903],[33.4865,47.9205],[33.4853,47.9232],[33.4822,47.9255],[33.4775,47.9275],[33.477,47.929],[33.4817,47.9322],[33.4864,47.9329],[33.4843,47.9357],[33.4789,47.9351],[33.471,47.9371],[33.4745,47.9429],[33.4772,47.9422],[33.4805,47.9478],[33.4696,47.9508],[33.4695,47.9455],[33.4672,47.9457],[33.4662,47.9564],[33.4709,47.9562],[33.4719,47.9578],[33.4765,47.9577],[33.4887,47.9544],[33.4921,47.9579],[33.5012,47.9643],[33.5155,47.9745],[33.5181,47.9799],[33.522,47.978],[33.5261,47.9875],[33.5222,47.9911],[33.5233,47.9963],[33.5072,47.9979],[33.504,48.008],[33.4992,48.0095],[33.4984,48.0117],[33.501,48.0153],[33.4969,48.0184],[33.4914,48.0213],[33.491,48.0231],[33.4957,48.0278],[33.4997,48.0278],[33.5161,48.0299],[33.5204,48.0322],[33.5209,48.0355],[33.519,48.0349],[33.5143,48.0362],[33.5169,48.0374],[33.5142,48.0394],[33.5129,48.0427],[33.5162,48.0412],[33.5206,48.0409],[33.5198,48.0434],[33.522,48.0435],[33.5215,48.0409],[33.529,48.0413],[33.5303,48.0402],[33.537,48.0475],[33.5359,48.051],[33.5262,48.0515],[33.5206,48.0493],[33.5178,48.0506],[33.5198,48.0532],[33.5182,48.0554],[33.5208,48.057],[33.5159,48.0593],[33.5206,48.0626],[33.5208,48.0671],[33.525,48.0694],[33.5215,48.072],[33.5238,48.0734],[33.5241,48.0761],[33.5215,48.0768],[33.5221,48.0786],[33.5253,48.0793],[33.5306,48.0819],[33.5346,48.0877],[33.5372,48.0804],[33.5409,48.0808],[33.5419,48.0844],[33.5393,48.085],[33.5393,48.0882],[33.5429,48.09],[33.5473,48.0893],[33.5532,48.092],[33.5544,48.091],[33.5607,48.0953],[33.5628,48.0955],[33.5682,48.1001],[33.573,48.1016],[33.5692,48.1036],[33.5684,48.1064],[33.5711,48.1077],[33.5773,48.1064],[33.5803,48.1076],[33.5765,48.1118],[33.5715,48.1123],[33.5822,48.1216],[33.5861,48.1259],[33.5878,48.1303],[33.5904,48.1316],[33.5987,48.1334],[33.5946,48.1395],[33.6001,48.14],[33.5983,48.1444],[33.596,48.1444],[33.5918,48.1539],[33.592,48.1554],[33.5667,48.1519],[33.5581,48.1565],[33.5591,48.1585],[33.5626,48.1596],[33.5641,48.1586],[33.5757,48.1589],[33.5758,48.1612],[33.5818,48.1622],[33.5813,48.1643],[33.57,48.1705],[33.5646,48.1707],[33.5623,48.1697],[33.5588,48.1802],[33.5566,48.1827],[33.5491,48.1856],[33.5398,48.1856],[33.5341,48.1909],[33.5303,48.1911],[33.525,48.1954],[33.5212,48.1933],[33.5222,48.1896],[33.5285,48.1829],[33.5301,48.1783],[33.5331,48.1792],[33.5393,48.1736],[33.5389,48.1657],[33.5402,48.1604],[33.5369,48.1585],[33.5377,48.1556],[33.5363,48.1507],[33.5276,48.1473],[33.5223,48.1474],[33.5067,48.1435],[33.5099,48.14],[33.5092,48.1392],[33.5182,48.1288],[33.5216,48.1266],[33.5147,48.122],[33.5098,48.1208],[33.5051,48.1173],[33.5066,48.1107],[33.5103,48.1065],[33.508,48.1057],[33.4973,48.1042],[33.4886,48.1066],[33.4873,48.1125],[33.4822,48.1118],[33.4817,48.1085],[33.4739,48.1077],[33.4726,48.1041],[33.4682,48.1019],[33.472,48.1001],[33.4784,48.0873],[33.4766,48.0873],[33.4802,48.0797],[33.4622,48.0765],[33.4633,48.0732],[33.4589,48.0727],[33.4612,48.0614],[33.458,48.0582],[33.4555,48.053],[33.4485,48.0571],[33.4117,48.068],[33.3969,48.0753],[33.3983,48.0769],[33.3928,48.077],[33.4122,48.0953],[33.4011,48.1006],[33.4006,48.1023],[33.4049,48.1063],[33.4024,48.1075],[33.3998,48.1049],[33.3964,48.1044],[33.3957,48.1022],[33.3905,48.0972],[33.3888,48.0978],[33.3848,48.0946],[33.3865,48.0934],[33.3819,48.0902],[33.3788,48.0865],[33.3705,48.0811],[33.3716,48.0799],[33.3699,48.0753],[33.3756,48.0708],[33.3899,48.0638],[33.3926,48.0653],[33.4003,48.0653],[33.4008,48.0695],[33.4022,48.0708],[33.406,48.0689],[33.4478,48.0563],[33.4552,48.0519],[33.452,48.0468],[33.4397,48.0295],[33.4325,48.0261],[33.42,48.0241],[33.4191,48.0272],[33.4108,48.026],[33.4125,48.0201],[33.4097,48.0198],[33.4081,48.0221],[33.4031,48.0209],[33.4018,48.0227],[33.3987,48.0226],[33.4015,48.0194],[33.4028,48.014],[33.4066,48.0101],[33.4063,48.0057],[33.4026,48.0028],[33.4001,47.9995],[33.3977,48.0022],[33.3702,48.0022],[33.3746,47.9965],[33.3775,47.9952],[33.3711,47.9814],[33.3823,47.9691],[33.36,47.9595],[33.3614,47.9579],[33.3621,47.9458],[33.3394,47.945],[33.3335,47.9406],[33.3295,47.9403],[33.3287,47.9383],[33.3233,47.9347],[33.3219,47.9364],[33.3183,47.9356],[33.3061,47.9356],[33.3065,47.9327],[33.3048,47.9299],[33.2986,47.926],[33.2968,47.9241],[33.2902,47.9232],[33.2903,47.9279],[33.2872,47.9269],[33.2885,47.9237],[33.2872,47.9189],[33.2872,47.9146],[33.2841,47.9068],[33.2804,47.9067],[33.2787,47.9083],[33.2749,47.9034],[33.2714,47.9012],[33.2574,47.8985],[33.2482,47.8984],[33.2369,47.8891],[33.2251,47.8861],[33.2248,47.8829],[33.2339,47.8752],[33.2434,47.8692],[33.2604,47.8634],[33.2635,47.8618],[33.2657,47.8587],[33.2627,47.8472],[33.2577,47.841],[33.2551,47.8386],[33.2593,47.8362],[33.268,47.8338],[33.2692,47.832],[33.262,47.8267],[33.2567,47.8181],[33.2533,47.8108],[33.2392,47.8128],[33.2361,47.8122],[33.2391,47.8187],[33.235,47.8209],[33.2307,47.8217],[33.2287,47.8237],[33.2194,47.8228],[33.2207,47.8183],[33.2246,47.8177],[33.2292,47.8143],[33.2334,47.8136],[33.2361,47.8106],[33.236,47.8039],[33.2336,47.8012],[33.2332,47.7975],[33.2373,47.7934],[33.2369,47.7901],[33.2413,47.7877],[33.2469,47.7873],[33.2487,47.7927],[33.2487,47.7958],[33.2535,47.8063],[33.2595,47.813],[33.2613,47.8116],[33.2625,47.7991],[33.2677,47.7918],[33.2727,47.7909],[33.2883,47.7924],[33.2911,47.7933],[33.2913,47.8035],[33.3012,47.8118],[33.304,47.8147],[33.3072,47.8158],[33.3163,47.8158],[33.3176,47.8176],[33.3216,47.8172],[33.3238,47.8131],[33.3238,47.8082],[33.3087,47.7745],[33.2842,47.7575],[33.2769,47.7483],[33.2778,47.7455],[33.2823,47.7405],[33.2824,47.7372],[33.2719,47.7213],[33.2698,47.7132],[33.2543,47.714],[33.2459,47.7163],[33.2274,47.7192],[33.2287,47.7216],[33.2321,47.7225],[33.2337,47.73],[33.2321,47.732],[33.2327,47.7342],[33.2383,47.7391],[33.2334,47.7396],[33.2314,47.7407],[33.2268,47.7377],[33.2239,47.7337],[33.2237,47.7302],[33.2219,47.7302],[33.2179,47.7267],[33.2134,47.7278],[33.2037,47.7252],[33.2044,47.7233],[33.2085,47.7232],[33.2057,47.7126],[33.2017,47.7112],[33.1998,47.7092],[33.1936,47.7055],[33.1889,47.7034],[33.1769,47.7042],[33.1796,47.6997],[33.1777,47.699],[33.1738,47.6913],[33.1688,47.6874],[33.1649,47.6889],[33.1595,47.6927],[33.1544,47.6984],[33.1498,47.6958],[33.14,47.6883],[33.1394,47.6858],[33.1404,47.6827],[33.1534,47.655],[33.157,47.6535],[33.1736,47.6512],[33.1742,47.6503],[33.192,47.6524],[33.2108,47.6538],[33.2268,47.6546],[33.2305,47.6556],[33.2329,47.6582],[33.2327,47.6652],[33.2402,47.6736],[33.2402,47.6754],[33.2509,47.6756],[33.2571,47.6768],[33.2595,47.6808],[33.2542,47.683],[33.2454,47.683],[33.243,47.685],[33.2435,47.6897],[33.2316,47.6908],[33.2282,47.6919],[33.2259,47.695],[33.2192,47.6951],[33.2138,47.705],[33.2156,47.7072],[33.2203,47.7102],[33.2228,47.7144],[33.2269,47.7187],[33.2455,47.716],[33.2542,47.7137],[33.2705,47.7127],[33.2727,47.7211],[33.2836,47.7381],[33.2826,47.741],[33.2783,47.7457],[33.2776,47.7485],[33.2844,47.7568],[33.287,47.759],[33.3051,47.7713],[33.3093,47.7745],[33.3172,47.7911],[33.3372,47.7891],[33.3451,47.7889],[33.3471,47.7902],[33.3564,47.7867],[33.3887,47.7908],[33.3898,47.8044],[33.3927,47.8108],[33.3876,47.8216],[33.3893,47.8244],[33.3999,47.8271],[33.4107,47.8312]],[[33.3187,48.0095],[33.3173,48.0108],[33.3123,48.0117],[33.3107,48.0068],[33.3128,48.0043],[33.3143,48.007],[33.3171,48.0072],[33.3187,48.0095]],[[33.5419,48.0573],[33.5449,48.059],[33.5393,48.058],[33.5375,48.0599],[33.5339,48.058],[33.5288,48.0534],[33.532,48.052],[33.5383,48.0518],[33.5405,48.053],[33.5419,48.0573]],[[33.5453,48.0664],[33.549,48.071],[33.5507,48.0758],[33.549,48.0764],[33.5419,48.0677],[33.5453,48.0664]],[[33.5694,48.0683],[33.5591,48.071],[33.563,48.0728],[33.5623,48.0757],[33.5548,48.0756],[33.5521,48.0746],[33.5548,48.0702],[33.5618,48.0679],[33.5678,48.0671],[33.5694,48.0683]]]},"properties":{"id":"UA12060000000022633","name":"Криворізький район","name_en":"Kryvyi Rih Raion","oblast":"UA12"}},
{"type":"Feature","geometry":{"type":"Polygon","coordinates":[[[33.2614,47.8168],[33.2681,47.8224],[33.2714,47.8238],[33.2707,47.8312],[33.2757,47.8342],[33.2766,47.838],[33.2761,47.8422],[33.2743,47.8426],[33.2685,47.8515],[33.2757,47.8571],[33.2823,47.859],[33.2835,47.8616],[33.2898,47.8682],[33.2939,47.8702],[33.3,47.8712],[33.3079,47.8697],[33.311,47.8665],[33.3124,47.863],[33.312,47.8571],[33.3239,47.8576],[33.3236,47.8643],[33.3285,47.8717],[33.3286,47.8756],[33.3329,47.8752],[33.3494,47.8684],[33.3548,47.8687],[33.3597,47.8725],[33.3571,47.8669],[33.3596,47.862],[33.359,47.858],[33.3622,47.8578],[33.3692,47.8555],[33.3711,47.8522],[33.3809,47.8583],[33.3855,47.8596],[33.3899,47.8502],[33.3889,47.8449],[33.3898,47.8438],[33.3848,47.8353],[33.3925,47.8294],[33.3978,47.8286],[33.4107,47.8312],[33.3999,47.8271],[33.3893,47.8244],[33.3876,47.8216],[33.3927,47.8108],[33.3898,47.8044],[33.3887,47.7908],[33.3564,47.7867],[33.3471,47.7902],[33.3451,47.7889],[33.3372,47.7891],[33.3172,47.7911],[33.3093,47.7745],[33.3051,47.7713],[33.287,47.759],[33.2844,47.7568],[33.2776,47.7485],[33.2783,47.7457],[33.2826,47.741],[33.2836,47.7381],[33.2727,47.7211],[33.2705,47.7127],[33.2542,47.7137],[33.2455,47.716],[33.2269,47.7187],[33.2228,47.7144],[33.2203,47.7102],[33.2156,47.7072],[33.2138,47.705],[33.2192,47.6951],[33.2259,47.695],[33.2282,47.6919],[33.2316,47.6908],[33.2435,47.6897],[33.243,47.685],[33.2454,47.683],[33.2542,47.683],[33.2595,47.6808],[33.2571,47.6768],[33.2509,47.6756],[33.2402,47.6754],[33.2402,47.6736],[33.2327,47.6652],[33.2329,47.6582],[33.2305,47.6556],[33.2268,47.6546],[33.2108,47.6538],[33.192,47.6524],[33.1742,47.6503],[33.1736,47.6512],[33.157,47.6535],[33.1534,47.655],[33.1404,47.6827],[33.1394,47.6858],[33.14,47.6883],[33.1498,47.6958],[33.1544,47.6984],[33.1595,47.6927],[33.1649,47.6889],[33.1688,47.6874],[33.1738,47.6913],[33.1777,47.699],[33.1796,47.6997],[33.1769,47.7042],[33.1889,47.7034],[33.1936,47.7055],[33.1998,47.7092],[33.2017,47.7112],[33.2057,47.7126],[33.2085,47.7232],[33.2044,47.7233],[33.2037,47.7252],[33.2134,47.7278],[33.2179,47.7267],[33.2219,47.7302],[33.2237,47.7302],[33.2239,47.7337],[33.2268,47.7377],[33.2314,47.7407],[33.2334,47.7396],[33.2383,47.7391],[33.2327,47.7342],[33.2321,47.732],[33.2337,47.73],[33.2321,47.7225],[33.2287,47.7216],[33.2274,47.7192],[33.2459,47.7163],[33.2543,47.714],[33.2698,47.7132],[33.2719,47.7213],[33.2824,47.7372],[33.2823,47.7405],[33.2778,47.7455],[33.2769,47.7483],[33.2842,47.7575],[33.3087,47.7745],[33.3238,47.8082],[33.3238,47.8131],[33.3216,47.8172],[33.3176,47.8176],[33.3163,47.8158],[33.3072,47.8158],[33.304,47.8147],[33.3012,47.8118],[33.2913,47.8035],[33.2911,47.7933],[33.2883,47.7924],[33.2727,47.7909],[33.2677,47.7918],[33.2625,47.7991],[33.2613,47.8116],[33.2595,47.813],[33.2631,47.8158],[33.2614,47.8168]]]},"properties":{"id":"UA12060170010270453","name":"Інгулецький район","name_en":null,"oblast":"UA12","city":"Кривий Ріг"}},
{"type":"Feature","geometry":{"type":"Polygon","coordinates":[[[33.4149,47.9083],[33.4136,47.9003],[33.4106,47.9006],[33.4114,47.8987],[33.4229,47.8974],[33.4296,47.9008],[33.4337,47.9017],[33.4419,47.9009],[33.4458,47.8997],[33.4581,47.8903],[33.4572,47.8879],[33.4515,47.8858],[33.4432,47.8806],[33.4416,47.8783],[33.437,47.8774],[33.4301,47.873],[33.4324,47.8711],[33.4346,47.8666],[33.4481,47.8731],[33.4526,47.8688],[33.4463,47.8655],[33.4415,47.8648],[33.4418,47.8617],[33.4377,47.8603],[33.4333,47.8618],[33.4302,47.8581],[33.4272,47.8577],[33.425,47.8548],[33.4262,47.8517],[33.4285,47.8511],[33.4241,47.8487],[33.4255,47.8447],[33.434,47.8484],[33.4414,47.8493],[33.4456,47.8511],[33.4495,47.8388],[33.4499,47.8318],[33.4393,47.8298],[33.4291,47.8312],[33.4212,47.8315],[33.4107,47.8312],[33.3978,47.8286],[33.3925,47.8294],[33.3848,47.8353],[33.3898,47.8438],[33.3889,47.8449],[33.3899,47.8502],[33.3855,47.8596],[33.3809,47.8583],[33.3711,47.8522],[33.3692,47.8555],[33.3622,47.8578],[33.359,47.858],[33.3596,47.862],[33.3571,47.8669],[33.3597,47.8725],[33.3548,47.8687],[33.3494,47.8684],[33.3518,47.8733],[33.3515,47.8745],[33.3553,47.8773],[33.3561,47.8813],[33.3585,47.8819],[33.3575,47.8881],[33.3619,47.8934],[33.366,47.894],[33.3644,47.8956],[33.3636,47.9004],[33.3663,47.9005],[33.3691,47.9044],[33.3831,47.9058],[33.391,47.9102],[33.3925,47.9103],[33.4149,47.9083]]]},"properties":{"id":"UA12060170010378670","name":"Металургійний район","name_en":null,"oblast":"UA12","city":"Кривий Ріг"}},
{"type":"Feature","geometry":{"type":"Polygon","coordinates":[[[33.434,47.9334],[33.4383,47.941],[33.4515,47.9521],[33.4664,47.9644],[33.4633,47.9614],[33.4662,47.9603],[33.4765,47.9577],[33.4719,47.9578],[33.4709,47.9562],[33.4662,47.9564],[33.4672,47.9457],[33.4695,47.9455],[33.4696,47.9508],[33.4805,47.9478],[33.4772,47.9422],[33.4745,47.9429],[33.471,47.9371],[33.4789,47.9351],[33.4843,47.9357],[33.4864,47.9329],[33.4817,47.9322],[33.477,47.929],[33.4775,47.9275],[33.4822,47.9255],[33.4853,47.9232],[33.4865,47.9205],[33.4862,47.903],[33.5207,47.9066],[33.5275,47.9067],[33.5276,47.9044],[33.5452,47.9052],[33.5466,47.9001],[33.5647,47.8854],[33.5683,47.8801],[33.5406,47.8717],[33.5283,47.8673],[33.5174,47.8673],[33.5186,47.8616],[33.5067,47.8602],[33.5104,47.8562],[33.5099,47.8496],[33.5088,47.8451],[33.4998,47.8484],[33.4916,47.8478],[33.4893,47.8462],[33.4839,47.8489],[33.4828,47.8519],[33.4839,47.8533],[33.4728,47.8782],[33.4685,47.8767],[33.4526,47.8688],[33.4481,47.8731],[33.4346,47.8666],[33.4324,47.8711],[33.4301,47.873],[33.437,47.8774],[33.4416,47.8783],[33.4432,47.8806],[33.4515,47.8858],[33.4572,47.8879],[33.4581,47.8903],[33.4458,47.8997],[33.4419,47.9009],[33.4337,47.9017],[33.4296,47.9008],[33.4229,47.8974],[33.4114,47.8987],[33.4106,47.9006],[33.4136,47.9003],[33.4149,47.9083],[33.4168,47.9162],[33.4191,47.9173],[33.4258,47.923],[33.4293,47.9287],[33.4344,47.9313],[33.434,47.9334]]]},"properties":{"id":"UA12060170010145934","name":"Довгинцівський район","name_en":null,"oblast":"UA12","city":"Кривий Ріг"}},
{"type":"Feature","geometry":{"type":"Polygon","coordinates":[[[33.4714,48.0407],[33.4761,48.0412],[33.4919,48.0362],[33.498,48.0368],[33.5002,48.0362],[33.5023,48.0329],[33.502,48.0309],[33.5052,48.0307],[33.5097,48.0318],[33.5138,48.0343],[33.5143,48.0362],[33.519,48.0349],[33.5209,48.0355],[33.5204,48.0322],[33.5161,48.0299],[33.4997,48.0278],[33.4957,48.0278],[33.491,48.0231],[33.4914,48.0213],[33.4969,48.0184],[33.501,48.0153],[33.4984,48.0117],[33.4992,48.0095],[33.504,48.008],[33.5072,47.9979],[33.5233,47.9963],[33.5222,47.9911],[33.5261,47.9875],[33.522,47.978],[33.5181,47.9799],[33.5155,47.9745],[33.5012,47.9643],[33.4899,47.9713],[33.488,47.9704],[33.4885,47.971],[33.4828,47.9749],[33.4748,47.9684],[33.4715,47.9659],[33.467,47.9668],[33.4647,47.9653],[33.4556,47.9673],[33.453,47.9664],[33.4486,47.9632],[33.4437,47.9665],[33.4434,47.9718],[33.4329,47.9719],[33.4302,47.9686],[33.4271,47.9671],[33.4226,47.9682],[33.4217,47.9667],[33.4174,47.9688],[33.4201,47.9716],[33.4157,47.9723],[33.4154,47.974],[33.4124,47.9703],[33.4023,47.9746],[33.3932,47.975],[33.3711,47.9814],[33.3775,47.9952],[33.3746,47.9965],[33.3702,48.0022],[33.3977,48.0022],[33.4001,47.9995],[33.4026,48.0028],[33.4063,48.0057],[33.4066,48.0101],[33.4028,48.014],[33.4015,48.0194],[33.3987,48.0226],[33.4018,48.0227],[33.4031,48.0209],[33.4081,48.0221],[33.4097,48.0198],[33.4125,48.0201],[33.4108,48.026],[33.4191,48.0272],[33.42,48.0241],[33.4325,48.0261],[33.4397,48.0295],[33.452,48.0468],[33.4552,48.0519],[33.4623,48.0474],[33.4666,48.0463],[33.4692,48.0419],[33.4714,48.0407]]]},"properties":{"id":"UA12060170010439451","name":"Покровський район","name_en":null,"oblast":"UA12","city":"Кривий Ріг"}},
{"type":"Feature","geometry":{"type":"Polygon","coordinates":[[[33.4124,47.9703],[33.4154,47.974],[33.4157,47.9723],[33.4201,47.9716],[33.4174,47.9688],[33.4217,47.9667],[33.4226,47.9682],[33.4271,47.9671],[33.4302,47.9686],[33.4329,47.9719],[33.4434,47.9718],[33.4437,47.9665],[33.4486,47.9632],[33.453,47.9664],[33.4556,47.9673],[33.4647,47.9653],[33.467,47.9668],[33.4715,47.9659],[33.4748,47.9684],[33.4828,47.9749],[33.4885,47.971],[33.488,47.9704],[33.4899,47.9713],[33.5012,47.9643],[33.4921,47.9579],[33.4887,47.9544],[33.4765,47.9577],[33.4662,47.9603],[33.4633,47.9614],[33.4664,47.9644],[33.4515,47.9521],[33.4383,47.941],[33.434,47.9334],[33.4344,47.9313],[33.4293,47.9287],[33.4258,47.923],[33.4191,47.9173],[33.4168,47.9162],[33.4149,47.9083],[33.3925,47.9103],[33.391,47.9102],[33.3831,47.9058],[33.3691,47.9044],[33.3704,47.91],[33.3736,47.9154],[33.3718,47.9265],[33.3748,47.9341],[33.3733,47.9408],[33.3659,47.9414],[33.3689,47.9479],[33.3686,47.9513],[33.363,47.9458],[33.3621,47.9458],[33.3614,47.9579],[33.36,47.9595],[33.3823,47.9691],[33.3711,47.9814],[33.3932,47.975],[33.4023,47.9746],[33.4124,47.9703]]]},"properties":{"id":"UA12060170010585703","name":"Саксаганський район","name_en":null,"oblast":"UA12","city":"Кривий Ріг"}},
{"type":"Feature","geometry":{"type":"MultiPolygon","coordinates":[[[[33.3905,48.0972],[33.3957,48.1022],[33.3964,48.1044],[33.3998,48.1049],[33.4024,48.1075],[33.4049,48.1063],[33.4006,48.1023],[33.4011,48.1006],[33.4122,48.0953],[33.3928,48.077],[33.3983,48.0769],[33.3969,48.0753],[33.4117,48.068],[33.4485,48.0571],[33.4555,48.053],[33.458,48.0582],[33.4612,48.0614],[33.4589,48.0727],[33.4633,48.0732],[33.4622,48.0765],[33.4802,48.0797],[33.4766,48.0873],[33.4784,48.0873],[33.472,48.1001],[33.4682,48.1019],[33.4726,48.1041],[33.4739,48.1077],[33.4817,48.1085],[33.4822,48.1118],[33.4873,48.1125],[33.4886,48.1066],[33.4973,48.1042],[33.508,48.1057],[33.5103,48.1065],[33.5066,48.1107],[33.5051,48.1173],[33.5098,48.1208],[33.5147,48.122],[33.5216,48.1266],[33.5182,48.1288],[33.5092,48.1392],[33.5099,48.14],[33.5067,48.1435],[33.5223,48.1474],[33.5276,48.1473],[33.5363,48.1507],[33.5377,48.1556],[33.5369,48.1585],[33.5402,48.1604],[33.5389,48.1657],[33.5393,48.1736],[33.5331,48.1792],[33.5301,48.1783],[33.5285,48.1829],[33.5222,48.1896],[33.5212,48.1933],[33.525,48.1954],[33.5303,48.1911],[33.5341,48.1909],[33.5398,48.1856],[33.5491,48.1856],[33.5566,48.1827],[33.5588,48.1802],[33.5623,48.1697],[33.5646,48.1707],[33.57,48.1705],[33.5813,48.1643],[33.5818,48.1622],[33.5758,48.1612],[33.5757,48.1589],[33.5641,48.1586],[33.5626,48.1596],[33.5591,48.1585],[33.5581,48.1565],[33.5667,48.1519],[33.592,48.1554],[33.5918,48.1539],[33.596,48.1444],[33.5983,48.1444],[33.6001,48.14],[33.5946,48.1395],[33.5987,48.1334],[33.5904,48.1316],[33.5878,48.1303],[33.5861,48.1259],[33.5822,48.1216],[33.5715,48.1123],[33.5765,48.1118],[33.5803,48.1076],[33.5773,48.1064],[33.5711,48.1077],[33.5684,48.1064],[33.5692,48.1036],[33.573,48.1016],[33.5682,48.1001],[33.5628,48.0955],[33.5607,48.0953],[33.5544,48.091],[33.5532,48.092],[33.5473,48.0893],[33.5429,48.09],[33.5393,48.0882],[33.5393,48.085],[33.5419,48.0844],[33.5409,48.0808],[33.5372,48.0804],[33.5346,48.0877],[33.5306,48.0819],[33.5253,48.0793],[33.5221,48.0786],[33.5215,48.0768],[33.5241,48.0761],[33.5238,48.0734],[33.5215,48.072],[33.525,48.0694],[33.5208,48.0671],[33.5206,48.0626],[33.5159,48.0593],[33.5208,48.057],[33.5182,48.0554],[33.5198,48.0532],[33.5178,48.0506],[33.5206,48.0493],[33.5262,48.0515],[33.5359,48.051],[33.537,48.0475],[33.5303,48.0402],[33.529,48.0413],[33.5215,48.0409],[33.522,48.0435],[33.5198,48.0434],[33.5206,48.0409],[33.5162,48.0412],[33.5129,48.0427],[33.5142,48.0394],[33.5169,48.0374],[33.5143,48.0362],[33.5138,48.0343],[33.5097,48.0318],[33.5052,48.0307],[33.502,48.0309],[33.5023,48.0329],[33.5002,48.0362],[33.498,48.0368],[33.4919,48.0362],[33.4761,48.0412],[33.4714,48.0407],[33.4692,48.0419],[33.4666,48.0463],[33.4623,48.0474],[33.4552,48.0519],[33.4478,48.0563],[33.406,48.0689],[33.4022,48.0708],[33.4008,48.0695],[33.4003,48.0653],[33.3926,48.0653],[33.3899,48.0638],[33.3756,48.0708],[33.3699,48.0753],[33.3716,48.0799],[33.3705,48.0811],[33.3788,48.0865],[33.3819,48.0902],[33.3865,48.0934],[33.3848,48.0946],[33.3888,48.0978],[33.3905,48.0972]]],[[[33.5449,48.059],[33.5419,48.0573],[33.5405,48.053],[33.5383,48.0518],[33.532,48.052],[33.5288,48.0534],[33.5339,48.058],[33.5375,48.0599],[33.5393,48.058],[33.5449,48.059]]],[[[33.5618,48.0679],[33.5548,48.0702],[33.5521,48.0746],[33.5548,48.0756],[33.5623,48.0757],[33.563,48.0728],[33.5591,48.071],[33.5694,48.0683],[33.5678,48.0671],[33.5618,48.0679]]],[[[33.549,48.071],[33.5453,48.0664],[33.5419,48.0677],[33.549,48.0764],[33.5507,48.0758],[33.549,48.071]]]]},"properties":{"id":"UA12060170010643671","name":"Тернівський район","name_en":null,"oblast":"UA12","city":"Кривий Ріг"}},
{"type":"Feature","geometry":{"type":"MultiPolygon","coordinates":[[[[33.3686,47.9513],[33.3689,47.9479],[33.3659,47.9414],[33.3733,47.9408],[33.3748,47.9341],[33.3718,47.9265],[33.3736,47.9154],[33.3704,47.91],[33.3691,47.9044],[33.3663,47.9005],[33.3636,47.9004],[33.3644,47.8956],[33.366,47.894],[33.3619,47.8934],[33.3575,47.8881],[33.3585,47.8819],[33.3561,47.8813],[33.3553,47.8773],[33.3515,47.8745],[33.3518,47.8733],[33.3494,47.8684],[33.3329,47.8752],[33.3286,47.8756],[33.3285,47.8717],[33.3236,47.8643],[33.3239,47.8576],[33.312,47.8571],[33.3124,47.863],[33.311,47.8665],[33.3079,47.8697],[33.3,47.8712],[33.2939,47.8702],[33.2898,47.8682],[33.2835,47.8616],[33.2823,47.859],[33.2757,47.8571],[33.2685,47.8515],[33.2743,47.8426],[33.2761,47.8422],[33.2766,47.838],[33.2757,47.8342],[33.2707,47.8312],[33.2714,47.8238],[33.2681,47.8224],[33.2614,47.8168],[33.2631,47.8158],[33.2595,47.813],[33.2535,47.8063],[33.2487,47.7958],[33.2487,47.7927],[33.2469,47.7873],[33.2413,47.7877],[33.2369,47.7901],[33.2373,47.7934],[33.2332,47.7975],[33.2336,47.8012],[33.236,47.8039],[33.2361,47.8106],[33.2334,47.8136],[33.2292,47.8143],[33.2246,47.8177],[33.2207,47.8183],[33.2194,47.8228],[33.2287,47.8237],[33.2307,47.8217],[33.235,47.8209],[33.2391,47.8187],[33.2361,47.8122],[33.2392,47.8128],[33.2533,47.8108],[33.2567,47.8181],[33.262,47.8267],[33.2692,47.832],[33.268,47.8338],[33.2593,47.8362],[33.2551,47.8386],[33.2577,47.841],[33.2627,47.8472],[33.2657,47.8587],[33.2635,47.8618],[33.2604,47.8634],[33.2434,47.8692],[33.2339,47.8752],[33.2248,47.8829],[33.2251,47.8861],[33.2369,47.8891],[33.2482,47.8984],[33.2574,47.8985],[33.2714,47.9012],[33.2749,47.9034],[33.2787,47.9083],[33.2804,47.9067],[33.2841,47.9068],[33.2872,47.9146],[33.2872,47.9189],[33.2885,47.9237],[33.2872,47.9269],[33.2903,47.9279],[33.2902,47.9232],[33.2968,47.9241],[33.2986,47.926],[33.3048,47.9299],[33.3065,47.9327],[33.3061,47.9356],[33.3183,47.9356],[33.3219,47.9364],[33.3233,47.9347],[33.3287,47.9383],[33.3295,47.9403],[33.3335,47.9406],[33.3394,47.945],[33.3621,47.9458],[33.363,47.9458],[33.3686,47.9513]]],[[[33.3173,48.0108],[33.3187,48.0095],[33.3171,48.0072],[33.3143,48.007],[33.3128,48.0043],[33.3107,48.0068],[33.3123,48.0117],[33.3173,48.0108]]]]},"properties":{"id":"UA12060170010720279","name":"Центрально-Міський район","name_en":null,"oblast":"UA12","city":"Кривий Ріг"}},
{"type":"Feature","geometry":{"type":"Polygon","coordinates":[[[34.1842,47.9694],[34.168,47.967],[34.147,47.941],[34.13,47.937],[34.093,47.947],[34.056,47.932],[34.013,47.927],[34.044,47.808],[34.07,47.796],[34.033,47.771],[34.022,47.75],[34.01,47.745],[33.96,47.742],[33.957,47.721],[33.93,47.702],[33.981,47.666],[34.045,47.666],[34.027,47.647],[34.075,47.599],[34.076,47.554],[34.11,47.553],[34.1159,47.4757],[34.1387,47.4777],[34.139,47.478],[34.154,47.481],[34.234,47.495],[34.3,47.52],[34.469,47.533],[34.528,47.555],[34.572,47.563],[34.645,47.561],[34.741,47.539],[34.798,47.538],[34.862,47.516],[34.899,47.519],[34.938,47.528],[34.9437,47.5305],[34.944,47.531],[34.955,47.537],[34.965,47.55],[34.958,47.564],[34.928,47.589],[34.941,47.603],[34.915,47.633],[34.905,47.675],[34.937,47.678],[34.929,47.713],[34.964,47.741],[34.957,47.768],[34.893,47.759],[34.878,47.819],[34.902,47.83],[34.87,47.85],[34.863,47.879],[34.817,47.863],[34.801,47.917],[34.917,47.934],[34.904,47.985],[34.869,47.981],[34.846,48.013],[34.8459,48.0134],[34.841,48.012],[34.819,48.01],[34.822,47.996],[34.743,47.984],[34.731,48.025],[34.604,48.013],[34.611,47.981],[34.591,47.96],[34.533,47.95],[34.535,47.938],[34.495,47.927],[34.451,47.923],[34.445,47.926],[34.44,47.953],[34.416,47.942],[34.342,47.918],[34.317,47.928],[34.302,47.977],[34.238,47.975],[34.241,47.962],[34.187,47.96],[34.1842,47.9694]]]},"properties":{"id":"UA12080000000023578","name":"Нікопольський район","name_en":"Nikopol Raion","oblast":"UA12"}},
{"type":"Feature","geometry":{"type":"Polygon","coordinates":[[[35.303,48.441],[35.318,48.426],[35.371,48.455],[35.33,48.509],[35.375,48.528],[35.435,48.539],[35.498,48.53],[35.5211,48.5282],[35.5226,48.528],[35.522,48.531],[35.524,48.532],[35.554,48.537],[35.527,48.598],[35.556,48.594],[35.549,48.631],[35.619,48.701],[35.643,48.704],[35.669,48.725],[35.679,48.739],[35.679,48.759],[35.662,48.77],[35.684,48.794],[35.681,48.812],[35.648,48.831],[35.669,48.847],[35.687,48.848],[35.651,48.871],[35.645,48.886],[35.679,48.881],[35.727,48.887],[35.755,48.875],[35.809,48.875],[35.817,48.893],[35.813,48.914],[35.815,48.923],[35.82,48.925],[35.817,48.93],[35.8156,48.9298],[35.815,48.928],[35.8149,48.928],[35.809,48.926],[35.801,48.926],[35.788,48.946],[35.764,48.954],[35.691,48.944],[35.696,48.965],[35.648,48.973],[35.627,48.982],[35.564,48.973],[35.512,48.98],[35.484,48.972],[35.428,49.01],[35.41,49.011],[35.399,49.018],[35.401,49.029],[35.385,49.026],[35.379,49.032],[35.375,49.031],[35.372,49.034],[35.366,49.036],[35.362,49.041],[35.351,49.04],[35.342,49.044],[35.301,49.071],[35.31,49.087],[35.277,49.089],[35.268,49.095],[35.268,49.104],[35.258,49.112],[35.23,49.1],[35.19,49.116],[35.208,49.119],[35.21,49.125],[35.215,49.127],[35.2,49.135],[35.189,49.137],[35.187,49.162],[35.16,49.16],[35.146,49.149],[35.131,49.153],[35.12,49.161],[35.111,49.156],[35.097,49.155],[35.087,49.146],[35.093,49.143],[35.086,49.14],[35.082,49.141],[35.068,49.165],[35.044,49.154],[35.041,49.155],[35.033,49.152],[35.0181,49.1501],[35.017,49.149],[35.01,49.148],[35.011,49.151],[35.005,49.154],[34.976,49.18],[34.947,49.191],[34.899,49.148],[34.853,49.19],[34.822,49.187],[34.805,49.167],[34.777,49.175],[34.765,49.149],[34.708,49.129],[34.649,49.13],[34.637,49.123],[34.625,49.124],[34.647,49.099],[34.672,49.092],[34.688,49.074],[34.658,49.052],[34.693,49.049],[34.74,48.994],[34.76,48.935],[34.787,48.914],[34.785,48.898],[34.736,48.872],[34.767,48.846],[34.78,48.821],[34.774,48.792],[34.817,48.76],[34.837,48.777],[34.825,48.783],[34.827,48.792],[34.842,48.824],[34.862,48.83],[34.876,48.824],[34.892,48.835],[34.909,48.822],[34.899,48.809],[34.93,48.784],[34.957,48.789],[34.953,48.765],[34.932,48.753],[34.985,48.716],[35.02,48.701],[35.07,48.756],[35.163,48.733],[35.141,48.7],[35.164,48.675],[35.169,48.658],[35.212,48.671],[35.217,48.655],[35.185,48.65],[35.16,48.585],[35.232,48.548],[35.28,48.487],[35.303,48.441]]]},"properties":{"id":"UA12100000000039307","name":"Самарівський район","name_en":"Samar Raion","oblast":"UA12"}},
{"type":"Feature","geometry":{"type":"Polygon","coordinates":[[[35.5226,48.528],[35.523,48.528],[35.534,48.5],[35.562,48.522],[35.608,48.529],[35.62,48.547],[35.639,48.522],[35.616,48.511],[35.647,48.479],[35.671,48.492],[35.707,48.462],[35.746,48.473],[35.793,48.437],[35.784,48.404],[35.717,48.368],[35.702,48.369],[35.68,48.361],[35.701,48.336],[35.755,48.339],[35.755,48.31],[35.813,48.314],[35.804,48.356],[35.823,48.378],[35.882,48.391],[35.893,48.41],[36.102,48.352],[36.049,48.449],[36.06,48.451],[36.1,48.446],[36.123,48.43],[36.16,48.443],[36.212,48.449],[36.241,48.484],[36.287,48.523],[36.2951,48.5305],[36.27,48.544],[36.318,48.587],[36.269,48.608],[36.26,48.616],[36.25,48.62],[36.259,48.624],[36.265,48.647],[36.282,48.658],[36.243,48.673],[36.143,48.723],[36.16,48.749],[36.157,48.784],[36.129,48.805],[36.107,48.808],[36.065,48.807],[36.075,48.832],[36.018,48.854],[36.038,48.873],[36.011,48.887],[36.042,48.916],[35.995,48.938],[35.988,48.969],[35.939,48.998],[35.944,48.977],[35.828,48.946],[35.821,48.939],[35.81,48.939],[35.814,48.932],[35.816,48.931],[35.8156,48.9298],[35.817,48.93],[35.82,48.925],[35.815,48.923],[35.813,48.914],[35.817,48.893],[35.809,48.875],[35.755,48.875],[35.727,48.887],[35.679,48.881],[35.645,48.886],[35.651,48.871],[35.687,48.848],[35.669,48.847],[35.648,48.831],[35.681,48.812],[35.684,48.794],[35.662,48.77],[35.679,48.759],[35.679,48.739],[35.669,48.725],[35.643,48.704],[35.619,48.701],[35.549,48.631],[35.556,48.594],[35.527,48.598],[35.554,48.537],[35.524,48.532],[35.522,48.531],[35.5226,48.528]]]},"properties":{"id":"UA12120000000089862","name":"Павлоградський район","name_en":"Pavlohrad Raion","oblast":"UA12"}},
{"type":"Feature","geometry":{"type":"Polygon","coordinates":[[[36.649,48.094],[36.714,48.079],[36.743,48.049],[36.803,48.047],[36.813,48.039],[36.832,48.034],[36.855,48.034],[36.859,48.051],[36.883,48.061],[36.8836,48.0622],[36.8842,48.0634],[36.886,48.067],[36.897,48.077],[36.874,48.183],[36.938,48.193],[36.913,48.31],[36.872,48.318],[36.818,48.314],[36.81,48.345],[36.829,48.369],[36.822,48.404],[36.852,48.416],[36.831,48.484],[36.858,48.486],[36.852,48.517],[36.908,48.521],[36.905,48.53],[36.9047,48.532],[36.903,48.544],[36.872,48.551],[36.86,48.57],[36.789,48.568],[36.78,48.601],[36.746,48.598],[36.74,48.627],[36.7396,48.627],[36.7371,48.6267],[36.713,48.624],[36.705,48.624],[36.672,48.626],[36.654,48.61],[36.591,48.604],[36.483,48.665],[36.423,48.613],[36.38,48.571],[36.39,48.565],[36.355,48.541],[36.324,48.557],[36.2969,48.5321],[36.2951,48.5305],[36.287,48.523],[36.241,48.484],[36.212,48.449],[36.16,48.443],[36.123,48.43],[36.1,48.446],[36.06,48.451],[36.049,48.449],[36.102,48.352],[35.893,48.41],[35.882,48.391],[35.823,48.378],[35.804,48.356],[35.813,48.314],[35.755,48.31],[35.755,48.339],[35.701,48.336],[35.68,48.361],[35.702,48.369],[35.717,48.368],[35.784,48.404],[35.793,48.437],[35.746,48.473],[35.707,48.462],[35.671,48.492],[35.647,48.479],[35.616,48.511],[35.639,48.522],[35.62,48.547],[35.608,48.529],[35.562,48.522],[35.534,48.5],[35.523,48.528],[35.5226,48.528],[35.5211,48.5282],[35.498,48.53],[35.435,48.539],[35.375,48.528],[35.33,48.509],[35.371,48.455],[35.318,48.426],[35.303,48.441],[35.3012,48.4408],[35.247,48.434],[35.242,48.435],[35.236,48.43],[35.252,48.422],[35.252,48.415],[35.266,48.411],[35.256,48.403],[35.269,48.391],[35.301,48.371],[35.301,48.361],[35.272,48.354],[35.266,48.349],[35.261,48.348],[35.262,48.344],[35.28,48.326],[35.254,48.313],[35.241,48.271],[35.22,48.255],[35.18,48.26],[35.195,48.232],[35.188,48.179],[35.195,48.151],[35.1942,48.141],[35.194,48.139],[35.195,48.139],[35.21,48.139],[35.22,48.142],[35.239,48.134],[35.249,48.134],[35.303,48.141],[35.338,48.122],[35.36,48.121],[35.416,48.109],[35.421,48.099],[35.446,48.101],[35.483,48.094],[35.518,48.094],[35.523,48.074],[35.583,48.093],[35.703,48.139],[35.742,48.095],[35.805,48.099],[35.816,48.065],[35.921,48.081],[35.967,48.094],[35.975,48.042],[36.052,48.058],[36.061,48],[36.084,47.929],[36.109,47.924],[36.129,47.89],[36.088,47.862],[36.101,47.842],[36.18,47.85],[36.178,47.856],[36.196,47.858],[36.187,47.842],[36.189,47.836],[36.193,47.835],[36.1967,47.8322],[36.197,47.834],[36.199,47.834],[36.267,47.834],[36.276,47.816],[36.377,47.831],[36.476,47.825],[36.52,47.837],[36.5835,47.8482],[36.5858,47.8486],[36.578,47.88],[36.55,47.878],[36.543,47.905],[36.641,47.919],[36.629,47.963],[36.585,47.961],[36.576,48.012],[36.592,48.019],[36.579,48.039],[36.589,48.081],[36.616,48.086],[36.652,48.087],[36.649,48.094]]]},"properties":{"id":"UA12140000000011720","name":"Синельниківський район","name_en":"Synelnykove Raion","oblast":"UA12"}},
{"type":"Feature","geometry":{"type":"MultiPolygon","coordinates":[[[[38.3929,48.4305],[38.383,48.428],[38.372,48.442],[38.344,48.436],[38.31,48.455],[38.301,48.488],[38.292,48.489],[38.292,48.497],[38.305,48.496],[38.318,48.509],[38.284,48.536],[38.275,48.54],[38.278,48.548],[38.263,48.636],[38.228,48.633],[38.225,48.654],[38.264,48.658],[38.307,48.683],[38.324,48.715],[38.319,48.733],[38.283,48.736],[38.262,48.75],[38.282,48.774],[38.278,48.804],[38.317,48.807],[38.313,48.827],[38.271,48.824],[38.228,48.859],[38.227,48.935],[38.199,48.927],[38.117,48.926],[38.091,48.939],[38.065,48.936],[38.054,48.939],[38.045,48.934],[38.039,48.924],[38.038,48.924],[38.02,48.902],[38.038,48.869],[37.987,48.844],[37.938,48.848],[37.936,48.795],[37.912,48.787],[37.864,48.803],[37.821,48.761],[37.817,48.72],[37.802,48.694],[37.821,48.679],[37.843,48.673],[37.835,48.658],[37.813,48.645],[37.816,48.636],[37.824,48.633],[37.83,48.599],[37.811,48.598],[37.826,48.546],[37.853,48.555],[37.868,48.544],[37.88,48.544],[37.879,48.542],[37.884,48.531],[37.898,48.529],[37.935,48.491],[37.968,48.475],[38.011,48.4779],[38.011,48.478],[38.024,48.479],[38.021,48.471],[38.018,48.447],[38.029,48.412],[38.002,48.406],[38.008,48.387],[38.032,48.384],[38.039,48.418],[38.053,48.419],[38.096,48.413],[38.101,48.405],[38.107,48.403],[38.104,48.395],[38.122,48.4],[38.15,48.403],[38.163,48.397],[38.184,48.412],[38.194,48.413],[38.201,48.407],[38.209,48.362],[38.262,48.367],[38.248,48.394],[38.251,48.397],[38.276,48.398],[38.318,48.394],[38.351,48.42],[38.398,48.417],[38.3929,48.4305]]],[[[37.9308,48.3589],[37.928,48.361],[37.925,48.361],[37.913,48.368],[37.929,48.404],[37.884,48.413],[37.869,48.404],[37.818,48.416],[37.826,48.391],[37.8233,48.3697],[37.872,48.374],[37.867,48.366],[37.892,48.354],[37.904,48.356],[37.9058,48.353],[37.909,48.353],[37.911,48.355],[37.918,48.356],[37.93,48.353],[37.9308,48.3589]]],[[[37.7928,48.3738],[37.797,48.371],[37.796,48.369],[37.802,48.367],[37.805,48.369],[37.798,48.372],[37.799,48.375],[37.805,48.374],[37.807,48.374],[37.8088,48.3736],[37.799,48.378],[37.789,48.396],[37.77,48.404],[37.771,48.391],[37.791,48.385],[37.797,48.376],[37.794,48.375],[37.792,48.377],[37.793,48.374],[37.7928,48.3738]]]]},"properties":{"id":"UA14020000000013572","name":"Бахмутський район","name_en":"Bakhmut Raion","oblast":"UA14"}},
{"type":"Feature","geometry":{"type":"Polygon","coordinates":[[[36.5858,47.8486],[36.605,47.852],[36.609,47.839],[36.589,47.816],[36.589,47.786],[36.672,47.795],[36.686,47.732],[36.701,47.733],[36.714,47.68],[36.789,47.686],[36.756,47.661],[36.72,47.658],[36.726,47.632],[36.767,47.635],[36.764,47.602],[36.831,47.625],[36.894,47.546],[36.945,47.577],[36.967,47.555],[37.002,47.54],[37.02,47.554],[37.028,47.549],[37.075,47.494],[37.085,47.497],[37.157,47.456],[37.191,47.47],[37.246,47.47],[37.2456,47.4693],[37.2445,47.467],[37.245,47.467],[37.25,47.468],[37.263,47.466],[37.254,47.448],[37.287,47.434],[37.28,47.426],[37.342,47.399],[37.357,47.414],[37.408,47.4],[37.42,47.382],[37.406,47.355],[37.585,47.369],[37.581,47.362],[37.594,47.357],[37.62,47.354],[37.636,47.337],[37.7,47.332],[37.7,47.37],[37.836,47.357],[37.8394,47.3579],[37.8416,47.3584],[37.852,47.361],[37.855,47.366],[37.842,47.377],[37.861,47.389],[37.862,47.41],[37.873,47.411],[37.886,47.414],[37.965,47.42],[37.964,47.45],[37.89,47.451],[37.888,47.488],[37.846,47.49],[37.841,47.541],[37.825,47.541],[37.817,47.596],[37.817,47.627],[37.823,47.629],[37.823,47.64],[37.817,47.641],[37.692,47.713],[37.664,47.69],[37.647,47.707],[37.629,47.707],[37.628,47.7],[37.615,47.703],[37.607,47.7],[37.603,47.706],[37.613,47.715],[37.618,47.731],[37.606,47.776],[37.61,47.791],[37.606,47.812],[37.579,47.81],[37.55,47.816],[37.5108,47.814],[37.51,47.814],[37.5089,47.8139],[37.467,47.811],[37.429,47.801],[37.359,47.823],[37.296,47.833],[37.257,47.829],[37.258,47.868],[37.219,47.873],[37.212,47.908],[37.148,47.911],[37.15,47.93],[37.071,47.935],[37.096,47.966],[37.155,47.958],[37.178,48.005],[37.163,48.027],[37.154,48.101],[37.112,48.09],[36.992,48.079],[36.957,48.072],[36.8842,48.0634],[36.8836,48.0622],[36.883,48.061],[36.859,48.051],[36.855,48.034],[36.832,48.034],[36.813,48.039],[36.803,48.047],[36.743,48.049],[36.714,48.079],[36.649,48.094],[36.652,48.087],[36.616,48.086],[36.589,48.081],[36.579,48.039],[36.592,48.019],[36.576,48.012],[36.585,47.961],[36.629,47.963],[36.641,47.919],[36.543,47.905],[36.55,47.878],[36.578,47.88],[36.5858,47.8486]]]},"properties":{"id":"UA14040000000098211","name":"Волноваський район","name_en":"Volnovakha Raion","oblast":"UA14"}},
{"type":"Feature","geometry":{"type":"Polygon","coordinates":[[[38.013,48.4765],[38.013,48.475],[38.01,48.47],[38.004,48.456],[37.96,48.453],[37.964,48.411],[37.947,48.373],[37.959,48.369],[37.953,48.358],[37.944,48.355],[37.938,48.359],[37.9326,48.3581],[37.932,48.358],[37.9308,48.3589],[37.93,48.353],[37.918,48.356],[37.911,48.355],[37.909,48.353],[37.9058,48.353],[37.9067,48.3515],[37.913,48.341],[37.938,48.332],[37.939,48.323],[37.906,48.321],[37.908,48.313],[37.904,48.305],[37.91,48.266],[37.895,48.233],[37.931,48.234],[37.961,48.202],[37.956,48.2],[37.9536,48.1983],[37.957,48.197],[37.972,48.197],[37.99,48.199],[38.004,48.193],[38,48.189],[38.011,48.181],[38.025,48.16],[38.038,48.167],[38.043,48.145],[38.051,48.147],[38.057,48.144],[38.062,48.151],[38.076,48.159],[38.08,48.157],[38.123,48.172],[38.132,48.174],[38.145,48.187],[38.151,48.165],[38.176,48.149],[38.186,48.148],[38.213,48.134],[38.226,48.134],[38.227,48.124],[38.207,48.127],[38.195,48.122],[38.202,48.116],[38.195,48.112],[38.193,48.102],[38.188,48.091],[38.227,48.09],[38.248,48.129],[38.309,48.126],[38.318,48.095],[38.338,48.092],[38.325,48.073],[38.321,48.049],[38.359,48.031],[38.365,47.988],[38.392,47.959],[38.446,47.945],[38.493,47.957],[38.524,47.936],[38.56,47.931],[38.557,47.961],[38.597,47.96],[38.606,47.918],[38.641,47.929],[38.672,47.912],[38.706,47.922],[38.736,47.915],[38.75,47.867],[38.775,47.872],[38.775,47.88],[38.804,47.876],[38.812,47.872],[38.844,47.869],[38.844,47.8641],[38.878,47.866],[38.913,47.875],[38.953,47.868],[39.075,47.869],[39.066,47.896],[39.092,47.939],[39.075,47.954],[39.04,47.957],[39.041,48.008],[38.862,48.016],[38.826,48.031],[38.823,48.056],[38.829,48.066],[38.807,48.07],[38.818,48.084],[38.808,48.089],[38.821,48.117],[38.768,48.133],[38.665,48.151],[38.603,48.173],[38.614,48.205],[38.599,48.215],[38.59,48.228],[38.591,48.236],[38.589,48.236],[38.589,48.2377],[38.589,48.238],[38.5907,48.2397],[38.591,48.24],[38.589,48.243],[38.592,48.253],[38.589,48.259],[38.569,48.271],[38.429,48.279],[38.429,48.293],[38.435,48.296],[38.428,48.306],[38.436,48.315],[38.438,48.324],[38.435,48.339],[38.457,48.342],[38.488,48.361],[38.438,48.396],[38.44,48.42],[38.434,48.432],[38.436,48.438],[38.434,48.441],[38.435,48.444],[38.4343,48.4477],[38.434,48.447],[38.433,48.4468],[38.402,48.439],[38.403,48.433],[38.3948,48.431],[38.3929,48.4305],[38.398,48.417],[38.351,48.42],[38.318,48.394],[38.276,48.398],[38.251,48.397],[38.248,48.394],[38.262,48.367],[38.209,48.362],[38.201,48.407],[38.194,48.413],[38.184,48.412],[38.163,48.397],[38.15,48.403],[38.122,48.4],[38.104,48.395],[38.107,48.403],[38.101,48.405],[38.096,48.413],[38.053,48.419],[38.039,48.418],[38.032,48.384],[38.008,48.387],[38.002,48.406],[38.029,48.412],[38.018,48.447],[38.021,48.471],[38.024,48.479],[38.011,48.478],[38.011,48.4779],[38.013,48.478],[38.013,48.4765]]]},"properties":{"id":"UA14060000000024357","name":"Горлівський район","name_en":null,"oblast":"UA14"}},
{"type":"Feature","geometry":{"type":"Polygon","coordinates":[[[38.844,47.8641],[38.844,47.869],[38.812,47.872],[38.804,47.876],[38.775,47.88],[38.775,47.872],[38.75,47.867],[38.736,47.915],[38.706,47.922],[38.672,47.912],[38.641,47.929],[38.606,47.918],[38.597,47.96],[38.557,47.961],[38.56,47.931],[38.524,47.936],[38.493,47.957],[38.446,47.945],[38.392,47.959],[38.365,47.988],[38.359,48.031],[38.321,48.049],[38.325,48.073],[38.338,48.092],[38.318,48.095],[38.309,48.126],[38.248,48.129],[38.227,48.09],[38.188,48.091],[38.193,48.102],[38.195,48.112],[38.202,48.116],[38.195,48.122],[38.207,48.127],[38.227,48.124],[38.226,48.134],[38.213,48.134],[38.186,48.148],[38.176,48.149],[38.151,48.165],[38.145,48.187],[38.132,48.174],[38.123,48.172],[38.08,48.157],[38.076,48.159],[38.062,48.151],[38.057,48.144],[38.051,48.147],[38.043,48.145],[38.038,48.167],[38.025,48.16],[38.011,48.181],[38,48.189],[38.004,48.193],[37.99,48.199],[37.972,48.197],[37.957,48.197],[37.9536,48.1983],[37.952,48.1972],[37.936,48.186],[37.936,48.173],[37.897,48.163],[37.9,48.145],[37.846,48.147],[37.824,48.156],[37.814,48.184],[37.778,48.151],[37.801,48.143],[37.809,48.119],[37.774,48.106],[37.753,48.113],[37.694,48.102],[37.696,48.088],[37.705,48.089],[37.707,48.077],[37.705,48.0768],[37.706,48.072],[37.7011,48.0713],[37.703,48.06],[37.658,48.033],[37.677,48.017],[37.677,48.001],[37.656,47.997],[37.64,48],[37.624,48.003],[37.614,48.055],[37.542,48.05],[37.551,48.005],[37.528,47.939],[37.554,47.933],[37.547,47.908],[37.548,47.878],[37.548,47.8678],[37.602,47.865],[37.593,47.888],[37.622,47.894],[37.609,47.925],[37.643,47.919],[37.658,47.922],[37.661,47.911],[37.679,47.909],[37.699,47.895],[37.719,47.903],[37.721,47.898],[37.784,47.904],[37.856,47.908],[37.904,47.867],[38.005,47.852],[38.007,47.845],[38.002,47.837],[38.026,47.83],[38.033,47.817],[38.094,47.82],[38.117,47.831],[38.144,47.807],[38.183,47.837],[38.207,47.812],[38.258,47.815],[38.219,47.766],[38.192,47.761],[38.21,47.731],[38.283,47.689],[38.318,47.704],[38.327,47.688],[38.328,47.655],[38.34,47.655],[38.342,47.631],[38.359,47.627],[38.358,47.616],[38.458,47.616],[38.458,47.643],[38.617,47.644],[38.631,47.668],[38.667,47.669],[38.667,47.698],[38.735,47.699],[38.773,47.684],[38.777,47.734],[38.79,47.736],[38.79,47.815],[38.829,47.814],[38.827,47.846],[38.844,47.851],[38.844,47.8641]]]},"properties":{"id":"UA14080000000098686","name":"Донецький район","name_en":null,"oblast":"UA14"}},
{"type":"Feature","geometry":{"type":"Polygon","coordinates":[[[38.358,47.616],[38.359,47.627],[38.342,47.631],[38.34,47.655],[38.328,47.655],[38.327,47.688],[38.318,47.704],[38.283,47.689],[38.21,47.731],[38.192,47.761],[38.219,47.766],[38.258,47.815],[38.207,47.812],[38.183,47.837],[38.144,47.807],[38.117,47.831],[38.094,47.82],[38.033,47.817],[38.026,47.83],[38.002,47.837],[38.007,47.845],[38.005,47.852],[37.904,47.867],[37.856,47.908],[37.784,47.904],[37.721,47.898],[37.719,47.903],[37.699,47.895],[37.679,47.909],[37.661,47.911],[37.658,47.922],[37.643,47.919],[37.609,47.925],[37.622,47.894],[37.593,47.888],[37.602,47.865],[37.548,47.8678],[37.548,47.866],[37.546,47.866],[37.545,47.866],[37.543,47.857],[37.549,47.854],[37.531,47.825],[37.51,47.823],[37.5108,47.814],[37.55,47.816],[37.579,47.81],[37.606,47.812],[37.61,47.791],[37.606,47.776],[37.618,47.731],[37.613,47.715],[37.603,47.706],[37.607,47.7],[37.615,47.703],[37.628,47.7],[37.629,47.707],[37.647,47.707],[37.664,47.69],[37.692,47.713],[37.817,47.641],[37.823,47.64],[37.823,47.629],[37.817,47.627],[37.817,47.596],[37.825,47.541],[37.841,47.541],[37.846,47.49],[37.888,47.488],[37.89,47.451],[37.964,47.45],[37.965,47.42],[37.886,47.414],[37.873,47.411],[37.862,47.41],[37.861,47.389],[37.842,47.377],[37.855,47.366],[37.852,47.361],[37.8416,47.3584],[37.8394,47.3579],[37.838,47.355],[37.841,47.35],[37.847,47.348],[37.862,47.352],[37.863,47.346],[37.853,47.342],[37.832,47.343],[37.826,47.319],[37.794,47.28],[37.862,47.27],[37.839,47.213],[37.882,47.209],[37.88,47.158],[37.839,47.164],[37.838,47.146],[37.811,47.147],[37.785,47.142],[37.786,47.134],[37.816,47.105],[37.877,47.106],[37.898,47.11],[37.984,47.085],[37.994,47.098],[38.04,47.09],[38.065,47.11],[38.117,47.084],[38.138,47.049],[38.185,47.093],[38.226,47.118],[38.238,47.141],[38.234,47.229],[38.289,47.238],[38.326,47.256],[38.337,47.307],[38.222,47.306],[38.224,47.334],[38.257,47.372],[38.288,47.373],[38.304,47.391],[38.303,47.476],[38.29,47.477],[38.286,47.543],[38.308,47.545],[38.312,47.575],[38.352,47.576],[38.352,47.616],[38.356,47.616],[38.358,47.616]]]},"properties":{"id":"UA14100000000010319","name":"Кальміуський район","name_en":null,"oblast":"UA14"}},
{"type":"Feature","geometry":{"type":"Polygon","coordinates":[[[37.817,48.367],[37.823,48.367],[37.8233,48.3697],[37.826,48.391],[37.818,48.416],[37.869,48.404],[37.884,48.413],[37.929,48.404],[37.913,48.368],[37.925,48.361],[37.928,48.361],[37.9308,48.3589],[37.932,48.358],[37.9326,48.3581],[37.938,48.359],[37.944,48.355],[37.953,48.358],[37.959,48.369],[37.947,48.373],[37.964,48.411],[37.96,48.453],[38.004,48.456],[38.01,48.47],[38.013,48.475],[38.013,48.4765],[38.013,48.478],[38.011,48.4779],[37.968,48.475],[37.935,48.491],[37.898,48.529],[37.884,48.531],[37.879,48.542],[37.88,48.544],[37.868,48.544],[37.853,48.555],[37.826,48.546],[37.811,48.598],[37.83,48.599],[37.824,48.633],[37.816,48.636],[37.813,48.645],[37.835,48.658],[37.843,48.673],[37.821,48.679],[37.802,48.694],[37.817,48.72],[37.821,48.761],[37.864,48.803],[37.912,48.787],[37.936,48.795],[37.938,48.848],[37.987,48.844],[38.038,48.869],[38.02,48.902],[38.038,48.924],[38.038,48.926],[38.0376,48.9262],[38.033,48.928],[38.037,48.929],[38.038,48.931],[38.036,48.933],[38.037,48.936],[38.022,48.934],[38.007,48.947],[38.029,48.973],[38.053,48.985],[38.077,48.991],[38.1,48.992],[38.099,49],[38.063,49.062],[38.083,49.148],[38.064,49.148],[38.052,49.151],[38.045,49.151],[38.0446,49.1496],[38.042,49.141],[38.041,49.126],[37.979,49.13],[37.926,49.143],[37.892,49.16],[37.892,49.176],[37.933,49.192],[37.922,49.205],[37.924,49.208],[37.933,49.214],[37.939,49.215],[37.889,49.211],[37.872,49.223],[37.8729,49.2328],[37.861,49.232],[37.851,49.221],[37.844,49.2],[37.797,49.201],[37.712,49.219],[37.614,49.232],[37.569,49.23],[37.549,49.212],[37.514,49.199],[37.504,49.187],[37.554,49.168],[37.586,49.125],[37.547,49.111],[37.489,49.102],[37.507,49.069],[37.482,49.057],[37.418,49.06],[37.385,49.047],[37.374,48.995],[37.345,49.002],[37.296,48.969],[37.333,48.936],[37.329,48.921],[37.27,48.922],[37.267,48.905],[37.225,48.903],[37.217,48.889],[37.198,48.88],[37.191,48.869],[37.196,48.85],[37.193,48.814],[37.099,48.85],[37.079,48.817],[37.024,48.817],[36.997,48.788],[37.044,48.767],[37.037,48.745],[36.966,48.793],[36.855,48.799],[36.84,48.772],[36.788,48.78],[36.783,48.79],[36.734,48.804],[36.7214,48.8053],[36.7188,48.8055],[36.702,48.785],[36.688,48.777],[36.691,48.769],[36.708,48.767],[36.715,48.735],[36.734,48.704],[36.717,48.69],[36.717,48.684],[36.714,48.678],[36.717,48.678],[36.717,48.672],[36.726,48.659],[36.721,48.655],[36.733,48.645],[36.7371,48.6267],[36.7396,48.627],[36.74,48.627],[36.746,48.598],[36.78,48.601],[36.789,48.568],[36.86,48.57],[36.872,48.551],[36.903,48.544],[36.9047,48.532],[36.905,48.53],[36.908,48.53],[36.943,48.534],[36.945,48.541],[37.019,48.548],[37.053,48.558],[37.065,48.605],[37.098,48.608],[37.111,48.591],[37.164,48.608],[37.251,48.6],[37.259,48.567],[37.326,48.577],[37.368,48.535],[37.397,48.534],[37.384,48.518],[37.389,48.509],[37.372,48.501],[37.363,48.491],[37.368,48.48],[37.432,48.474],[37.444,48.427],[37.452,48.346],[37.493,48.317],[37.54,48.339],[37.607,48.307],[37.599,48.278],[37.722,48.264],[37.711,48.309],[37.751,48.322],[37.737,48.353],[37.777,48.364],[37.791,48.372],[37.792,48.373],[37.7928,48.3738],[37.793,48.374],[37.792,48.377],[37.794,48.375],[37.797,48.376],[37.791,48.385],[37.771,48.391],[37.77,48.404],[37.789,48.396],[37.799,48.378],[37.8088,48.3736],[37.81,48.373],[37.817,48.367]]]},"properties":{"id":"UA14120000000070232","name":"Краматорський район","name_en":"Kramatorsk Raion","oblast":"UA14"}},
{"type":"Feature","geometry":{"type":"Polygon","coordinates":[[[37.2445,47.467],[37.241,47.46],[37.25,47.458],[37.232,47.436],[37.196,47.373],[37.204,47.355],[37.162,47.34],[37.145,47.38],[37.108,47.375],[37.123,47.339],[37.085,47.314],[37.037,47.299],[37.026,47.314],[36.946,47.31],[36.936,47.294],[36.95,47.229],[36.964,47.201],[36.93,47.206],[36.893,47.199],[36.8578,47.1981],[36.857,47.195],[36.865,47.186],[36.887,47.1755],[36.95,47.16],[36.975,47.141],[36.983,47.126],[37.004,47.127],[37.014,47.089],[36.99,47.079],[37.081,47.049],[37.099,47.06],[37.126,47.038],[37.091,47.008],[37.142,46.983],[37.103,46.959],[37.092,46.967],[37.023,46.928],[37.063,46.885],[37.063,46.8833],[37.081,46.888],[37.102,46.896],[37.134,46.909],[37.161,46.912],[37.19,46.932],[37.24,46.95],[37.274,46.94],[37.317,46.913],[37.335,46.887],[37.397,46.952],[37.437,46.983],[37.487,47.037],[37.526,47.049],[37.528,47.074],[37.589,47.075],[37.628,47.093],[37.694,47.079],[37.767,47.087],[37.798,47.084],[37.877,47.106],[37.816,47.105],[37.786,47.134],[37.785,47.142],[37.811,47.147],[37.838,47.146],[37.839,47.164],[37.88,47.158],[37.882,47.209],[37.839,47.213],[37.862,47.27],[37.794,47.28],[37.826,47.319],[37.832,47.343],[37.853,47.342],[37.863,47.346],[37.862,47.352],[37.847,47.348],[37.841,47.35],[37.838,47.355],[37.8394,47.3579],[37.836,47.357],[37.7,47.37],[37.7,47.332],[37.636,47.337],[37.62,47.354],[37.594,47.357],[37.581,47.362],[37.585,47.369],[37.406,47.355],[37.42,47.382],[37.408,47.4],[37.357,47.414],[37.342,47.399],[37.28,47.426],[37.287,47.434],[37.254,47.448],[37.263,47.466],[37.25,47.468],[37.245,47.467],[37.2445,47.467]]]},"properties":{"id":"UA14140000000070889","name":"Маріупольський район","name_en":"Mariupol Raion","oblast":"UA14"}},
{"type":"Feature","geometry":{"type":"Polygon","coordinates":[[[36.8842,48.0634],[36.957,48.072],[36.992,48.079],[37.112,48.09],[37.154,48.101],[37.163,48.027],[37.178,48.005],[37.155,47.958],[37.096,47.966],[37.071,47.935],[37.15,47.93],[37.148,47.911],[37.212,47.908],[37.219,47.873],[37.258,47.868],[37.257,47.829],[37.296,47.833],[37.359,47.823],[37.429,47.801],[37.467,47.811],[37.5089,47.8139],[37.51,47.814],[37.5108,47.814],[37.51,47.823],[37.531,47.825],[37.549,47.854],[37.543,47.857],[37.545,47.866],[37.546,47.866],[37.548,47.866],[37.548,47.8678],[37.548,47.878],[37.547,47.908],[37.554,47.933],[37.528,47.939],[37.551,48.005],[37.542,48.05],[37.614,48.055],[37.624,48.003],[37.64,48],[37.656,47.997],[37.677,48.001],[37.677,48.017],[37.658,48.033],[37.703,48.06],[37.7011,48.0713],[37.706,48.072],[37.705,48.0768],[37.707,48.077],[37.705,48.089],[37.696,48.088],[37.694,48.102],[37.753,48.113],[37.774,48.106],[37.809,48.119],[37.801,48.143],[37.778,48.151],[37.814,48.184],[37.824,48.156],[37.846,48.147],[37.9,48.145],[37.897,48.163],[37.936,48.173],[37.936,48.186],[37.952,48.1972],[37.9536,48.1983],[37.956,48.2],[37.961,48.202],[37.931,48.234],[37.895,48.233],[37.91,48.266],[37.904,48.305],[37.908,48.313],[37.906,48.321],[37.939,48.323],[37.938,48.332],[37.913,48.341],[37.9067,48.3515],[37.9058,48.353],[37.904,48.356],[37.892,48.354],[37.867,48.366],[37.872,48.374],[37.8233,48.3697],[37.823,48.367],[37.817,48.367],[37.81,48.373],[37.8088,48.3736],[37.807,48.374],[37.805,48.374],[37.799,48.375],[37.798,48.372],[37.805,48.369],[37.802,48.367],[37.796,48.369],[37.797,48.371],[37.7928,48.3738],[37.792,48.373],[37.791,48.372],[37.777,48.364],[37.737,48.353],[37.751,48.322],[37.711,48.309],[37.722,48.264],[37.599,48.278],[37.607,48.307],[37.54,48.339],[37.493,48.317],[37.452,48.346],[37.444,48.427],[37.432,48.474],[37.368,48.48],[37.363,48.491],[37.372,48.501],[37.389,48.509],[37.384,48.518],[37.397,48.534],[37.368,48.535],[37.326,48.577],[37.259,48.567],[37.251,48.6],[37.164,48.608],[37.111,48.591],[37.098,48.608],[37.065,48.605],[37.053,48.558],[37.019,48.548],[36.945,48.541],[36.943,48.534],[36.908,48.53],[36.905,48.53],[36.908,48.521],[36.852,48.517],[36.858,48.486],[36.831,48.484],[36.852,48.416],[36.822,48.404],[36.829,48.369],[36.81,48.345],[36.818,48.314],[36.872,48.318],[36.913,48.31],[36.938,48.193],[36.874,48.183],[36.897,48.077],[36.886,48.067],[36.8842,48.0634]]]},"properties":{"id":"UA14160000000061982","name":"Покровський район","name_en":"Pokrovskii Raion","oblast":"UA14"}},
{"type":"Feature","geometry":{"type":"Polygon","coordinates":[[[29.5049,49.6505],[29.512,49.662],[29.488,49.668],[29.49,49.709],[29.445,49.712],[29.461,49.762],[29.438,49.805],[29.408,49.81],[29.364,49.858],[29.308,49.832],[29.296,49.858],[29.249,49.861],[29.234,49.931],[29.21,49.95],[29.216,49.97],[29.278,49.965],[29.28,49.985],[29.272,49.993],[29.277,50.003],[29.268,50.013],[29.299,50.025],[29.277,50.049],[29.272,50.096],[29.222,50.109],[29.218,50.136],[29.164,50.142],[29.165,50.089],[29.123,50.063],[29.063,50.062],[29.015,50.079],[28.957,50.049],[28.923,50.054],[28.93,50.062],[28.929,50.094],[28.96,50.148],[28.942,50.152],[28.898,50.133],[28.859,50.103],[28.86,50.083],[28.823,50.085],[28.809,50.076],[28.78,50.07],[28.77,50.037],[28.715,50.059],[28.68,50.061],[28.659,50.044],[28.641,50.037],[28.565,50.038],[28.52,50.05],[28.465,50.048],[28.428,50.028],[28.391,49.982],[28.387,49.945],[28.343,49.904],[28.275,49.923],[28.219,49.887],[28.183,49.885],[28.156,49.87],[28.146,49.869],[28.143,49.847],[28.098,49.855],[28.086,49.85],[28.081,49.874],[28.071,49.881],[28.067,49.902],[27.97,49.902],[27.932,49.893],[27.897,49.868],[27.885,49.841],[27.886,49.786],[27.928,49.776],[27.925,49.771],[27.9227,49.7687],[27.933,49.769],[27.96,49.78],[27.985,49.781],[28.018,49.772],[28.098,49.773],[28.156,49.787],[28.298,49.802],[28.379,49.781],[28.406,49.793],[28.431,49.822],[28.47,49.824],[28.482,49.808],[28.53,49.821],[28.57,49.775],[28.601,49.783],[28.601,49.811],[28.635,49.818],[28.687,49.806],[28.706,49.811],[28.734,49.803],[28.75,49.845],[28.784,49.844],[28.843,49.861],[28.857,49.89],[28.899,49.883],[28.907,49.862],[28.955,49.84],[28.971,49.803],[28.965,49.756],[29.001,49.742],[29.006,49.726],[28.959,49.684],[29.011,49.633],[28.987,49.606],[28.9865,49.6031],[28.997,49.597],[29.027,49.591],[29.149,49.594],[29.213,49.589],[29.241,49.604],[29.275,49.591],[29.275,49.628],[29.354,49.629],[29.379,49.621],[29.395,49.648],[29.409,49.66],[29.431,49.663],[29.481,49.651],[29.484,49.655],[29.499,49.652],[29.5049,49.6505]]]},"properties":{"id":"UA18020000000072859","name":"Бердичівський район","name_en":"Berdychiv Raion","oblast":"UA18"}},
{"type":"Feature","geometry":{"type":"Polygon","coordinates":[[[29.4405,49.8042],[29.448,49.802],[29.47,49.813],[29.48,49.802],[29.497,49.813],[29.496,49.821],[29.492,49.825],[29.513,49.83],[29.593,49.84],[29.621,49.851],[29.641,49.868],[29.656,49.866],[29.668,49.874],[29.6525,49.8785],[29.651,49.879],[29.649,49.8789],[29.633,49.878],[29.643,49.897],[29.729,49.932],[29.736,49.943],[29.723,49.959],[29.733,49.962],[29.713,49.972],[29.718,49.98],[29.697,49.992],[29.692,50.005],[29.682,50.015],[29.68,50.027],[29.674,50.032],[29.696,50.043],[29.698,50.069],[29.649,50.106],[29.66,50.127],[29.689,50.143],[29.693,50.152],[29.645,50.18],[29.689,50.227],[29.69,50.277],[29.677,50.297],[29.683,50.31],[29.692,50.309],[29.6923,50.3138],[29.6925,50.3158],[29.693,50.324],[29.674,50.321],[29.627,50.331],[29.643,50.358],[29.63,50.374],[29.59,50.376],[29.591,50.401],[29.561,50.423],[29.479,50.414],[29.498,50.434],[29.512,50.47],[29.508,50.501],[29.462,50.517],[29.503,50.546],[29.498,50.593],[29.448,50.621],[29.524,50.661],[29.533,50.679],[29.55,50.692],[29.567,50.692],[29.587,50.708],[29.599,50.73],[29.59,50.733],[29.587,50.74],[29.5805,50.7408],[29.5809,50.7393],[29.581,50.739],[29.577,50.733],[29.586,50.723],[29.581,50.715],[29.562,50.701],[29.559,50.694],[29.549,50.694],[29.536,50.694],[29.486,50.718],[29.413,50.724],[29.412,50.708],[29.373,50.69],[29.339,50.682],[29.316,50.688],[29.281,50.656],[29.206,50.659],[29.192,50.678],[29.158,50.683],[29.147,50.668],[29.113,50.659],[29.067,50.654],[28.999,50.713],[28.914,50.725],[28.859,50.71],[28.834,50.672],[28.781,50.68],[28.762,50.693],[28.716,50.668],[28.686,50.682],[28.715,50.692],[28.718,50.713],[28.684,50.715],[28.679,50.737],[28.69,50.752],[28.679,50.757],[28.655,50.746],[28.616,50.734],[28.599,50.741],[28.594,50.747],[28.56,50.74],[28.543,50.74],[28.54,50.75],[28.496,50.768],[28.485,50.743],[28.411,50.746],[28.368,50.757],[28.329,50.752],[28.298,50.756],[28.292,50.753],[28.29,50.736],[28.285,50.725],[28.291,50.718],[28.28,50.715],[28.263,50.721],[28.2629,50.7209],[28.262,50.72],[28.2612,50.7202],[28.26,50.713],[28.24,50.71],[28.281,50.678],[28.238,50.638],[28.179,50.611],[28.132,50.604],[28.083,50.585],[28.042,50.595],[28.054,50.563],[28.033,50.553],[27.995,50.521],[27.94,50.512],[27.945,50.508],[27.926,50.478],[27.962,50.393],[28.045,50.385],[28.033,50.357],[28.064,50.341],[28.015,50.323],[27.982,50.331],[27.971,50.284],[27.905,50.291],[27.866,50.269],[27.862,50.242],[27.842,50.243],[27.805,50.249],[27.747,50.25],[27.718,50.23],[27.665,50.233],[27.651,50.2],[27.651,50.198],[27.6556,50.1934],[27.657,50.192],[27.658,50.1922],[27.662,50.193],[27.661,50.191],[27.661,50.17],[27.63,50.147],[27.614,50.086],[27.668,50.077],[27.681,50.048],[27.67,50.026],[27.641,50.038],[27.611,50.007],[27.581,50.019],[27.567,50.019],[27.546,50.013],[27.565,49.959],[27.547,49.936],[27.5479,49.9093],[27.5499,49.909],[27.55,49.909],[27.561,49.903],[27.562,49.91],[27.57,49.911],[27.577,49.905],[27.626,49.891],[27.612,49.876],[27.63,49.833],[27.656,49.803],[27.667,49.809],[27.696,49.81],[27.718,49.807],[27.728,49.801],[27.725,49.79],[27.705,49.77],[27.758,49.752],[27.774,49.735],[27.793,49.728],[27.816,49.735],[27.8168,49.7349],[27.8188,49.7345],[27.818,49.742],[27.852,49.752],[27.895,49.757],[27.92,49.766],[27.9201,49.7661],[27.9227,49.7687],[27.925,49.771],[27.928,49.776],[27.886,49.786],[27.885,49.841],[27.897,49.868],[27.932,49.893],[27.97,49.902],[28.067,49.902],[28.071,49.881],[28.081,49.874],[28.086,49.85],[28.098,49.855],[28.143,49.847],[28.146,49.869],[28.156,49.87],[28.183,49.885],[28.219,49.887],[28.275,49.923],[28.343,49.904],[28.387,49.945],[28.391,49.982],[28.428,50.028],[28.465,50.048],[28.52,50.05],[28.565,50.038],[28.641,50.037],[28.659,50.044],[28.68,50.061],[28.715,50.059],[28.77,50.037],[28.78,50.07],[28.809,50.076],[28.823,50.085],[28.86,50.083],[28.859,50.103],[28.898,50.133],[28.942,50.152],[28.96,50.148],[28.929,50.094],[28.93,50.062],[28.923,50.054],[28.957,50.049],[29.015,50.079],[29.063,50.062],[29.123,50.063],[29.165,50.089],[29.164,50.142],[29.218,50.136],[29.222,50.109],[29.272,50.096],[29.277,50.049],[29.299,50.025],[29.268,50.013],[29.277,50.003],[29.272,49.993],[29.28,49.985],[29.278,49.965],[29.216,49.97],[29.21,49.95],[29.234,49.931],[29.249,49.861],[29.296,49.858],[29.308,49.832],[29.364,49.858],[29.408,49.81],[29.438,49.805],[29.4405,49.8042]]]},"properties":{"id":"UA18040000000058965","name":"Житомирський район","name_en":"Zhytomyr Raion","oblast":"UA18"}},
{"type":"Feature","geometry":{"type":"Polygon","coordinates":[[[29.5805,50.7408],[29.58,50.743],[29.583,50.748],[29.576,50.755],[29.576,50.759],[29.57,50.764],[29.573,50.766],[29.573,50.77],[29.571,50.77],[29.571,50.7714],[29.571,50.772],[29.5692,50.7718],[29.562,50.771],[29.549,50.773],[29.544,50.777],[29.511,50.771],[29.511,50.783],[29.519,50.788],[29.515,50.794],[29.499,50.838],[29.522,50.867],[29.514,50.88],[29.472,50.904],[29.468,50.926],[29.413,50.95],[29.415,50.983],[29.462,50.981],[29.477,50.98],[29.468,50.987],[29.466,50.993],[29.47,51.01],[29.468,51.018],[29.477,51.031],[29.513,51.061],[29.459,51.09],[29.428,51.125],[29.35,51.161],[29.306,51.158],[29.269,51.263],[29.311,51.275],[29.355,51.273],[29.368,51.307],[29.397,51.327],[29.394,51.38],[29.36,51.377],[29.36,51.386],[29.358,51.3859],[29.345,51.385],[29.34,51.387],[29.322,51.395],[29.31,51.455],[29.276,51.46],[29.252,51.503],[29.262,51.527],[29.253,51.568],[29.217,51.568],[29.205,51.608],[29.176,51.652],[29.115,51.658],[29.09,51.629],[29.062,51.622],[29.03,51.591],[28.983,51.574],[28.97,51.593],[28.909,51.591],[28.867,51.571],[28.816,51.558],[28.761,51.488],[28.78,51.457],[28.749,51.425],[28.719,51.451],[28.685,51.445],[28.652,51.523],[28.648,51.574],[28.555,51.573],[28.513,51.592],[28.467,51.594],[28.391,51.551],[28.363,51.543],[28.343,51.578],[28.282,51.625],[28.254,51.627],[28.271,51.671],[28.26,51.682],[28.171,51.646],[28.149,51.606],[28.117,51.585],[28.049,51.568],[27.946,51.559],[27.922,51.579],[27.923,51.607],[27.859,51.633],[27.824,51.576],[27.847,51.544],[27.806,51.534],[27.769,51.493],[27.742,51.478],[27.711,51.499],[27.698,51.499],[27.685,51.51],[27.6716,51.5175],[27.669,51.519],[27.662,51.518],[27.667,51.498],[27.646,51.498],[27.624,51.484],[27.578,51.479],[27.582,51.429],[27.534,51.432],[27.503,51.453],[27.491,51.409],[27.494,51.374],[27.525,51.366],[27.521,51.342],[27.489,51.316],[27.44,51.312],[27.468,51.247],[27.416,51.203],[27.4,51.202],[27.402,51.188],[27.405,51.187],[27.393,51.172],[27.396,51.17],[27.363,51.144],[27.366,51.098],[27.353,51.088],[27.335,51.089],[27.3333,51.0839],[27.333,51.083],[27.3342,51.0827],[27.335,51.0825],[27.359,51.076],[27.358,51.058],[27.431,51.067],[27.444,51.045],[27.422,51.031],[27.418,51.026],[27.422,51.025],[27.422,51.02],[27.388,51.008],[27.373,51.004],[27.394,50.994],[27.445,51.004],[27.481,51.044],[27.474,51.052],[27.548,51.077],[27.575,51.068],[27.625,51.077],[27.665,51.038],[27.66,51.012],[27.703,50.996],[27.75,50.995],[27.775,51.011],[27.751,51.03],[27.801,51.053],[27.929,51.048],[27.992,51.059],[28.028,51.05],[28.029,51.038],[28.058,51.027],[28.13,51.014],[28.105,50.987],[28.153,50.967],[28.143,50.956],[28.166,50.935],[28.163,50.913],[28.141,50.902],[28.112,50.863],[28.13,50.857],[28.166,50.783],[28.241,50.752],[28.243,50.725],[28.2612,50.7202],[28.262,50.72],[28.2629,50.7209],[28.263,50.721],[28.28,50.715],[28.291,50.718],[28.285,50.725],[28.29,50.736],[28.292,50.753],[28.298,50.756],[28.329,50.752],[28.368,50.757],[28.411,50.746],[28.485,50.743],[28.496,50.768],[28.54,50.75],[28.543,50.74],[28.56,50.74],[28.594,50.747],[28.599,50.741],[28.616,50.734],[28.655,50.746],[28.679,50.757],[28.69,50.752],[28.679,50.737],[28.684,50.715],[28.718,50.713],[28.715,50.692],[28.686,50.682],[28.716,50.668],[28.762,50.693],[28.781,50.68],[28.834,50.672],[28.859,50.71],[28.914,50.725],[28.999,50.713],[29.067,50.654],[29.113,50.659],[29.147,50.668],[29.158,50.683],[29.192,50.678],[29.206,50.659],[29.281,50.656],[29.316,50.688],[29.339,50.682],[29.373,50.69],[29.412,50.708],[29.413,50.724],[29.486,50.718],[29.536,50.694],[29.549,50.694],[29.559,50.694],[29.562,50.701],[29.581,50.715],[29.586,50.723],[29.577,50.733],[29.581,50.739],[29.5809,50.7393],[29.5805,50.7408]]]},"properties":{"id":"UA18060000000021754","name":"Коростенський район","name_en":"Korosten Raion","oblast":"UA18"}},
{"type":"Feature","geometry":{"type":"Polygon","coordinates":[[[28.2612,50.7202],[28.243,50.725],[28.241,50.752],[28.166,50.783],[28.13,50.857],[28.112,50.863],[28.141,50.902],[28.163,50.913],[28.166,50.935],[28.143,50.956],[28.153,50.967],[28.105,50.987],[28.13,51.014],[28.058,51.027],[28.029,51.038],[28.028,51.05],[27.992,51.059],[27.929,51.048],[27.801,51.053],[27.751,51.03],[27.775,51.011],[27.75,50.995],[27.703,50.996],[27.66,51.012],[27.665,51.038],[27.625,51.077],[27.575,51.068],[27.548,51.077],[27.474,51.052],[27.481,51.044],[27.445,51.004],[27.394,50.994],[27.373,51.004],[27.388,51.008],[27.422,51.02],[27.422,51.025],[27.418,51.026],[27.422,51.031],[27.444,51.045],[27.431,51.067],[27.358,51.058],[27.359,51.076],[27.335,51.0825],[27.335,51.082],[27.324,51.08],[27.326,51.069],[27.319,51.052],[27.326,51.041],[27.279,51.039],[27.271,51.031],[27.23,51.022],[27.227,51.007],[27.201,51],[27.2034,50.9921],[27.204,50.992],[27.239,50.946],[27.238,50.934],[27.217,50.925],[27.222,50.914],[27.251,50.901],[27.258,50.897],[27.257,50.893],[27.254,50.881],[27.245,50.87],[27.25,50.857],[27.236,50.84],[27.235,50.796],[27.244,50.771],[27.271,50.764],[27.274,50.712],[27.245,50.672],[27.223,50.672],[27.215,50.639],[27.199,50.62],[27.226,50.606],[27.216,50.588],[27.232,50.566],[27.1979,50.5611],[27.198,50.561],[27.197,50.553],[27.208,50.533],[27.26,50.514],[27.264,50.51],[27.263,50.496],[27.302,50.494],[27.291,50.455],[27.26,50.424],[27.25,50.393],[27.322,50.369],[27.316,50.333],[27.371,50.329],[27.418,50.308],[27.414,50.277],[27.482,50.258],[27.49,50.24],[27.527,50.226],[27.542,50.247],[27.598,50.26],[27.594,50.217],[27.609,50.215],[27.612,50.196],[27.617,50.199],[27.621,50.199],[27.624,50.2],[27.623,50.196],[27.624,50.175],[27.641,50.173],[27.636,50.189],[27.6556,50.1934],[27.651,50.198],[27.651,50.2],[27.665,50.233],[27.718,50.23],[27.747,50.25],[27.805,50.249],[27.842,50.243],[27.862,50.242],[27.866,50.269],[27.905,50.291],[27.971,50.284],[27.982,50.331],[28.015,50.323],[28.064,50.341],[28.033,50.357],[28.045,50.385],[27.962,50.393],[27.926,50.478],[27.945,50.508],[27.94,50.512],[27.995,50.521],[28.033,50.553],[28.054,50.563],[28.042,50.595],[28.083,50.585],[28.132,50.604],[28.179,50.611],[28.238,50.638],[28.281,50.678],[28.24,50.71],[28.26,50.713],[28.2612,50.7202]]]},"properties":{"id":"UA18080000000016657","name":"Звягельський район","name_en":"Zviahel Raion","oblast":"UA18"}},
{"type":"Feature","geometry":{"type":"Polygon","coordinates":[[[23.267,48.1],[23.26,48.107],[23.27,48.121],[23.263,48.152],[23.227,48.152],[23.215,48.168],[23.154,48.193],[23.151,48.211],[23.103,48.242],[23.066,48.233],[23.036,48.272],[22.999,48.259],[22.951,48.249],[22.939,48.256],[22.957,48.277],[22.981,48.288],[23.023,48.294],[22.971,48.332],[22.948,48.343],[22.9459,48.35],[22.944,48.35],[22.944,48.348],[22.929,48.346],[22.918,48.328],[22.901,48.32],[22.899,48.283],[22.873,48.286],[22.855,48.304],[22.852,48.327],[22.825,48.329],[22.815,48.313],[22.792,48.309],[22.793,48.29],[22.756,48.287],[22.707,48.292],[22.667,48.306],[22.641,48.338],[22.623,48.314],[22.593,48.33],[22.568,48.306],[22.528,48.296],[22.503,48.3],[22.501,48.309],[22.542,48.349],[22.509,48.372],[22.494,48.372],[22.497,48.383],[22.494,48.383],[22.4925,48.385],[22.478,48.386],[22.476,48.378],[22.483,48.373],[22.448,48.375],[22.364,48.378],[22.355,48.388],[22.36,48.402],[22.344,48.405],[22.349,48.385],[22.343,48.374],[22.318,48.365],[22.319,48.354],[22.317,48.354],[22.317,48.351],[22.316,48.344],[22.319,48.339],[22.312,48.325],[22.336,48.307],[22.338,48.278],[22.368,48.244],[22.446,48.243],[22.49,48.252],[22.529,48.212],[22.57,48.195],[22.566,48.172],[22.587,48.14],[22.589,48.108],[22.677,48.091],[22.705,48.109],[22.755,48.12],[22.793,48.116],[22.855,48.078],[22.88,48.037],[22.835,47.99],[22.89,47.956],[22.944,47.971],[22.939,47.996],[22.976,48.009],[23.012,47.99],[23.074,48.008],[23.11,48.034],[23.099,48.044],[23.152,48.112],[23.247,48.091],[23.253,48.1],[23.267,48.1]]]},"properties":{"id":"UA21020000000051405","name":"Берегівський район","name_en":"Berehove Raion","oblast":"UA21"}},
{"type":"Feature","geometry":{"type":"Polygon","coordinates":[[[22.9453,48.352],[22.945,48.353],[22.937,48.36],[22.938,48.368],[22.921,48.374],[22.911,48.406],[22.879,48.409],[22.887,48.44],[22.926,48.458],[22.965,48.492],[22.99,48.498],[23.044,48.482],[23.09,48.457],[23.143,48.452],[23.165,48.469],[23.152,48.539],[23.155,48.559],[23.163,48.571],[23.194,48.586],[23.198,48.61],[23.163,48.637],[23.21,48.637],[23.215,48.643],[23.247,48.652],[23.245,48.662],[23.29,48.689],[23.289,48.717],[23.313,48.728],[23.31,48.738],[23.315,48.742],[23.314,48.749],[23.316,48.754],[23.3165,48.754],[23.316,48.756],[23.313,48.759],[23.29,48.773],[23.27,48.761],[23.201,48.759],[23.189,48.782],[23.153,48.83],[23.133,48.833],[23.13,48.84],[23.1345,48.8445],[23.135,48.846],[23.132,48.852],[23.088,48.86],[23.086,48.854],[23.066,48.853],[23.058,48.845],[23.051,48.85],[23.04,48.85],[23.021,48.847],[23.001,48.83],[22.971,48.849],[22.97,48.874],[22.939,48.883],[22.903,48.9],[22.89,48.911],[22.889,48.918],[22.8859,48.9234],[22.881,48.921],[22.861,48.917],[22.865,48.911],[22.861,48.898],[22.851,48.886],[22.835,48.879],[22.883,48.829],[22.882,48.825],[22.875,48.817],[22.897,48.765],[22.896,48.758],[22.881,48.749],[22.863,48.728],[22.866,48.719],[22.869,48.713],[22.867,48.712],[22.865,48.704],[22.853,48.615],[22.816,48.611],[22.788,48.633],[22.728,48.63],[22.708,48.644],[22.674,48.638],[22.654,48.609],[22.655,48.6],[22.639,48.593],[22.629,48.576],[22.601,48.574],[22.591,48.567],[22.569,48.561],[22.562,48.554],[22.554,48.556],[22.555,48.543],[22.558,48.53],[22.584,48.498],[22.559,48.492],[22.559,48.481],[22.536,48.487],[22.49,48.493],[22.436,48.476],[22.433,48.482],[22.419,48.484],[22.408,48.489],[22.402,48.486],[22.384,48.485],[22.369,48.475],[22.45,48.433],[22.474,48.409],[22.504,48.404],[22.4937,48.3863],[22.493,48.385],[22.4925,48.385],[22.494,48.383],[22.497,48.383],[22.494,48.372],[22.509,48.372],[22.542,48.349],[22.501,48.309],[22.503,48.3],[22.528,48.296],[22.568,48.306],[22.593,48.33],[22.623,48.314],[22.641,48.338],[22.667,48.306],[22.707,48.292],[22.756,48.287],[22.793,48.29],[22.792,48.309],[22.815,48.313],[22.825,48.329],[22.852,48.327],[22.855,48.304],[22.873,48.286],[22.899,48.283],[22.901,48.32],[22.918,48.328],[22.929,48.346],[22.944,48.348],[22.944,48.35],[22.9459,48.35],[22.9453,48.352]]]},"properties":{"id":"UA21040000000077329","name":"Мукачівський район","name_en":"Mukachevo Raion","oblast":"UA21"}},
{"type":"Feature","geometry":{"type":"Polygon","coordinates":[[[24.5626,47.9679],[24.566,47.971],[24.575,48.014],[24.628,48.046],[24.596,48.092],[24.558,48.108],[24.56,48.113],[24.5564,48.1173],[24.556,48.117],[24.5534,48.1175],[24.539,48.12],[24.536,48.122],[24.53,48.122],[24.499,48.161],[24.538,48.225],[24.52,48.236],[24.484,48.243],[24.488,48.278],[24.459,48.291],[24.428,48.318],[24.415,48.325],[24.417,48.331],[24.392,48.334],[24.35,48.358],[24.351,48.38],[24.332,48.388],[24.319,48.388],[24.305,48.396],[24.282,48.392],[24.29,48.382],[24.26,48.349],[24.186,48.363],[24.178,48.364],[24.1778,48.3646],[24.167,48.353],[24.169,48.345],[24.162,48.331],[24.146,48.32],[24.165,48.31],[24.148,48.274],[24.105,48.254],[24.062,48.255],[24.024,48.206],[23.934,48.129],[23.927,48.093],[23.942,48.078],[23.936,48.046],[23.909,48.05],[23.894,48.041],[23.911,48.032],[23.916,48.018],[23.925,48.014],[23.926,48.003],[23.938,47.99],[23.964,47.99],[23.966,47.976],[23.955,47.968],[23.96,47.965],[23.95,47.962],[23.95,47.9619],[23.966,47.961],[24.008,47.967],[24.031,47.948],[24.062,47.953],[24.098,47.936],[24.111,47.914],[24.195,47.916],[24.228,47.896],[24.298,47.91],[24.325,47.925],[24.349,47.914],[24.383,47.926],[24.393,47.952],[24.435,47.969],[24.501,47.951],[24.553,47.958],[24.557,47.963],[24.5626,47.9679]]]},"properties":{"id":"UA21060000000059475","name":"Рахівський район","name_en":"Rakhiv Raion","oblast":"UA21"}},
{"type":"Feature","geometry":{"type":"Polygon","coordinates":[[[23.95,47.9619],[23.95,47.962],[23.96,47.965],[23.955,47.968],[23.966,47.976],[23.964,47.99],[23.938,47.99],[23.926,48.003],[23.925,48.014],[23.916,48.018],[23.911,48.032],[23.894,48.041],[23.909,48.05],[23.936,48.046],[23.942,48.078],[23.927,48.093],[23.934,48.129],[24.024,48.206],[24.062,48.255],[24.105,48.254],[24.148,48.274],[24.165,48.31],[24.146,48.32],[24.162,48.331],[24.169,48.345],[24.167,48.353],[24.1778,48.3646],[24.1771,48.3668],[24.177,48.367],[24.164,48.383],[24.149,48.393],[24.14,48.408],[24.145,48.434],[24.134,48.436],[24.129,48.441],[24.124,48.466],[24.127,48.469],[24.139,48.481],[24.115,48.495],[24.13,48.529],[24.1306,48.5294],[24.13,48.53],[24.123,48.533],[24.111,48.533],[24.103,48.524],[24.089,48.519],[24.067,48.517],[24.046,48.511],[24.035,48.5],[24,48.503],[23.983,48.48],[23.982,48.465],[23.966,48.457],[23.925,48.464],[23.911,48.472],[23.907,48.48],[23.908,48.486],[23.918,48.494],[23.916,48.508],[23.922,48.513],[23.913,48.534],[23.918,48.543],[23.927,48.552],[23.865,48.553],[23.863,48.5533],[23.863,48.553],[23.861,48.552],[23.861,48.547],[23.864,48.536],[23.854,48.514],[23.84,48.504],[23.841,48.49],[23.826,48.465],[23.813,48.458],[23.809,48.448],[23.82,48.431],[23.792,48.399],[23.696,48.347],[23.685,48.319],[23.631,48.301],[23.626,48.278],[23.586,48.239],[23.576,48.222],[23.556,48.223],[23.547,48.205],[23.53,48.207],[23.512,48.176],[23.529,48.147],[23.55,48.145],[23.555,48.139],[23.544,48.124],[23.528,48.116],[23.478,48.117],[23.44,48.07],[23.449,48.049],[23.473,48.037],[23.529,48.024],[23.5297,48.0196],[23.531,48.02],[23.532,48.016],[23.539,48.01],[23.565,48.002],[23.615,48.008],[23.672,47.985],[23.752,47.997],[23.819,47.982],[23.854,47.935],[23.939,47.946],[23.949,47.954],[23.95,47.9619]]]},"properties":{"id":"UA21080000000048851","name":"Тячівський район","name_en":"Tiachiv Raion","oblast":"UA21"}},
{"type":"Feature","geometry":{"type":"Polygon","coordinates":[[[22.885,48.925],[22.877,48.932],[22.871,48.946],[22.873,48.958],[22.918,48.97],[22.918,48.981],[22.898,49.004],[22.878,48.999],[22.867,49.002],[22.867,49.004],[22.847,49.004],[22.835,49.025],[22.766,49.055],[22.687,49.041],[22.639,49.061],[22.632,49.077],[22.587,49.098],[22.552,49.08],[22.544,49.007],[22.476,48.992],[22.428,48.932],[22.42,48.885],[22.394,48.878],[22.375,48.833],[22.386,48.8],[22.345,48.767],[22.359,48.739],[22.339,48.685],[22.318,48.683],[22.255,48.649],[22.24,48.628],[22.187,48.61],[22.16,48.568],[22.157,48.525],[22.139,48.447],[22.143,48.403],[22.206,48.425],[22.237,48.409],[22.267,48.36],[22.294,48.356],[22.297,48.354],[22.317,48.354],[22.319,48.354],[22.318,48.365],[22.343,48.374],[22.349,48.385],[22.344,48.405],[22.36,48.402],[22.355,48.388],[22.364,48.378],[22.448,48.375],[22.483,48.373],[22.476,48.378],[22.478,48.386],[22.4925,48.385],[22.493,48.385],[22.4937,48.3863],[22.504,48.404],[22.474,48.409],[22.45,48.433],[22.369,48.475],[22.384,48.485],[22.402,48.486],[22.408,48.489],[22.419,48.484],[22.433,48.482],[22.436,48.476],[22.49,48.493],[22.536,48.487],[22.559,48.481],[22.559,48.492],[22.584,48.498],[22.558,48.53],[22.555,48.543],[22.554,48.556],[22.562,48.554],[22.569,48.561],[22.591,48.567],[22.601,48.574],[22.629,48.576],[22.639,48.593],[22.655,48.6],[22.654,48.609],[22.674,48.638],[22.708,48.644],[22.728,48.63],[22.788,48.633],[22.816,48.611],[22.853,48.615],[22.865,48.704],[22.867,48.712],[22.869,48.713],[22.866,48.719],[22.863,48.728],[22.881,48.749],[22.896,48.758],[22.897,48.765],[22.875,48.817],[22.882,48.825],[22.883,48.829],[22.835,48.879],[22.851,48.886],[22.861,48.898],[22.865,48.911],[22.861,48.917],[22.881,48.921],[22.8859,48.9234],[22.885,48.925]]]},"properties":{"id":"UA21100000000055073","name":"Ужгородський район","name_en":"Uzhhorod Raion","oblast":"UA21"}},
{"type":"Feature","geometry":{"type":"Polygon","coordinates":[[[22.9453,48.352],[22.9459,48.35],[22.948,48.343],[22.971,48.332],[23.023,48.294],[22.981,48.288],[22.957,48.277],[22.939,48.256],[22.951,48.249],[22.999,48.259],[23.036,48.272],[23.066,48.233],[23.103,48.242],[23.151,48.211],[23.154,48.193],[23.215,48.168],[23.227,48.152],[23.263,48.152],[23.27,48.121],[23.26,48.107],[23.267,48.1],[23.268,48.085],[23.285,48.071],[23.295,48.043],[23.334,48.038],[23.347,48.02],[23.416,47.986],[23.494,47.967],[23.523,47.996],[23.528,48.016],[23.53,48.018],[23.5297,48.0196],[23.529,48.024],[23.473,48.037],[23.449,48.049],[23.44,48.07],[23.478,48.117],[23.528,48.116],[23.544,48.124],[23.555,48.139],[23.55,48.145],[23.529,48.147],[23.512,48.176],[23.53,48.207],[23.547,48.205],[23.556,48.223],[23.576,48.222],[23.586,48.239],[23.626,48.278],[23.631,48.301],[23.685,48.319],[23.696,48.347],[23.792,48.399],[23.82,48.431],[23.809,48.448],[23.813,48.458],[23.826,48.465],[23.841,48.49],[23.84,48.504],[23.854,48.514],[23.864,48.536],[23.861,48.547],[23.861,48.552],[23.863,48.553],[23.863,48.5533],[23.859,48.5538],[23.857,48.554],[23.845,48.558],[23.834,48.573],[23.803,48.58],[23.79,48.593],[23.795,48.6],[23.786,48.605],[23.785,48.611],[23.793,48.616],[23.796,48.631],[23.789,48.64],[23.745,48.646],[23.703,48.638],[23.636,48.685],[23.626,48.706],[23.598,48.704],[23.593,48.716],[23.571,48.724],[23.552,48.723],[23.5476,48.7239],[23.54,48.722],[23.538,48.724],[23.525,48.726],[23.512,48.734],[23.493,48.721],[23.43,48.725],[23.376,48.744],[23.362,48.77],[23.342,48.756],[23.326,48.752],[23.318,48.752],[23.317,48.752],[23.3165,48.754],[23.316,48.754],[23.314,48.749],[23.315,48.742],[23.31,48.738],[23.313,48.728],[23.289,48.717],[23.29,48.689],[23.245,48.662],[23.247,48.652],[23.215,48.643],[23.21,48.637],[23.163,48.637],[23.198,48.61],[23.194,48.586],[23.163,48.571],[23.155,48.559],[23.152,48.539],[23.165,48.469],[23.143,48.452],[23.09,48.457],[23.044,48.482],[22.99,48.498],[22.965,48.492],[22.926,48.458],[22.887,48.44],[22.879,48.409],[22.911,48.406],[22.921,48.374],[22.938,48.368],[22.937,48.36],[22.945,48.353],[22.9453,48.352]]]},"properties":{"id":"UA21120000000022889","name":"Хустський район","name_en":"Khust Raion","oblast":"UA21"}},
{"type":"Feature","geometry":{"type":"Polygon","coordinates":[[[36.854,47.198],[36.853,47.198],[36.846,47.195],[36.835,47.197],[36.815,47.194],[36.786,47.194],[36.788,47.201],[36.678,47.197],[36.664,47.189],[36.67,47.144],[36.491,47.115],[36.481,47.178],[36.401,47.174],[36.446,47.221],[36.433,47.262],[36.363,47.294],[36.347,47.262],[36.272,47.282],[36.22,47.276],[36.164,47.325],[36.105,47.34],[36.017,47.336],[36.001,47.341],[35.977,47.317],[35.97,47.301],[35.996,47.251],[36.009,47.246],[35.998,47.196],[35.834,47.193],[35.838,47.165],[35.867,47.144],[35.858,47.127],[35.862,47.085],[35.917,47.089],[35.918,47.088],[35.9201,47.069],[35.95,47.07],[35.981,47.063],[36,47.07],[36.001,47.058],[35.984,47.054],[35.993,47.028],[35.985,47.022],[35.983,46.977],[36.068,46.986],[36.059,46.918],[36.042,46.904],[35.989,46.904],[35.985,46.871],[36.058,46.887],[36.145,46.872],[36.085,46.85],[36.093,46.821],[36.027,46.808],[36.03,46.754],[35.963,46.745],[35.968,46.723],[35.903,46.72],[35.912,46.681],[35.921,46.657],[35.9202,46.6562],[35.941,46.66],[35.993,46.66],[36.036,46.667],[36.107,46.655],[36.152,46.668],[36.205,46.664],[36.247,46.637],[36.258,46.603],[36.234,46.572],[36.186,46.531],[36.15,46.524],[36.171,46.498],[36.215,46.532],[36.255,46.577],[36.294,46.631],[36.347,46.687],[36.401,46.718],[36.516,46.753],[36.575,46.762],[36.627,46.781],[36.705,46.781],[36.759,46.764],[36.795,46.743],[36.825,46.709],[36.757,46.667],[36.754,46.626],[36.784,46.638],[36.835,46.691],[36.881,46.787],[36.921,46.825],[36.981,46.86],[37.036,46.87],[37.049,46.878],[37.063,46.883],[37.063,46.8833],[37.063,46.885],[37.023,46.928],[37.092,46.967],[37.103,46.959],[37.142,46.983],[37.091,47.008],[37.126,47.038],[37.099,47.06],[37.081,47.049],[36.99,47.079],[37.014,47.089],[37.004,47.127],[36.983,47.126],[36.975,47.141],[36.95,47.16],[36.887,47.1755],[36.865,47.186],[36.857,47.195],[36.8578,47.1981],[36.854,47.198]]]},"properties":{"id":"UA23020000000032289","name":"Бердянський район","name_en":"Berdyansk Raion","oblast":"UA23"}},
{"type":"Feature","geometry":{"type":"Polygon","coordinates":[[[34.9441,47.5284],[34.943,47.529],[34.9437,47.5305],[34.938,47.528],[34.899,47.519],[34.862,47.516],[34.798,47.538],[34.741,47.539],[34.645,47.561],[34.572,47.563],[34.528,47.555],[34.469,47.533],[34.3,47.52],[34.234,47.495],[34.154,47.481],[34.139,47.478],[34.1387,47.4777],[34.142,47.478],[34.1458,47.4769],[34.187,47.465],[34.225,47.451],[34.244,47.434],[34.273,47.362],[34.294,47.275],[34.328,47.291],[34.358,47.295],[34.4,47.288],[34.413,47.324],[34.513,47.336],[34.481,47.314],[34.488,47.281],[34.518,47.285],[34.524,47.268],[34.528,47.268],[34.531,47.25],[34.492,47.246],[34.505,47.177],[34.518,47.12],[34.5181,47.1192],[34.549,47.122],[34.542,47.16],[34.596,47.164],[34.602,47.135],[34.717,47.145],[34.718,47.153],[34.811,47.161],[34.83,47.173],[34.873,47.146],[34.875,47.134],[34.956,47.142],[34.964,47.079],[35.105,47.097],[35.139,47.091],[35.147,47.117],[35.173,47.12],[35.173,47.153],[35.206,47.156],[35.223,47.135],[35.264,47.14],[35.282,47.177],[35.319,47.175],[35.321,47.204],[35.381,47.18],[35.3915,47.2022],[35.447,47.186],[35.443,47.175],[35.458,47.171],[35.4577,47.1705],[35.49,47.162],[35.509,47.233],[35.554,47.276],[35.604,47.312],[35.578,47.334],[35.622,47.381],[35.681,47.433],[35.587,47.437],[35.554,47.58],[35.549,47.606],[35.457,47.605],[35.429,47.617],[35.428,47.638],[35.398,47.655],[35.347,47.658],[35.335,47.676],[35.298,47.659],[35.28,47.643],[35.282,47.608],[35.266,47.616],[35.219,47.621],[35.191,47.614],[35.165,47.562],[35.141,47.536],[35.068,47.508],[35.024,47.504],[34.977,47.51],[34.9441,47.5284]]]},"properties":{"id":"UA23040000000067730","name":"Василівський район","name_en":"Vasylivka Raion","oblast":"UA23"}},
{"type":"Feature","geometry":{"type":"Polygon","coordinates":[[[35.554,47.58],[35.549,47.606],[35.457,47.605],[35.429,47.617],[35.428,47.638],[35.398,47.655],[35.347,47.658],[35.335,47.676],[35.298,47.659],[35.28,47.643],[35.282,47.608],[35.266,47.616],[35.219,47.621],[35.191,47.614],[35.165,47.562],[35.141,47.536],[35.068,47.508],[35.024,47.504],[34.977,47.51],[34.9441,47.5284],[34.943,47.529],[34.9437,47.5305],[34.944,47.531],[34.955,47.537],[34.965,47.55],[34.958,47.564],[34.928,47.589],[34.941,47.603],[34.915,47.633],[34.905,47.675],[34.937,47.678],[34.929,47.713],[34.964,47.741],[34.957,47.768],[34.893,47.759],[34.878,47.819],[34.902,47.83],[34.87,47.85],[34.863,47.879],[34.817,47.863],[34.801,47.917],[34.917,47.934],[34.904,47.985],[34.869,47.981],[34.846,48.013],[34.8459,48.0134],[34.848,48.014],[34.8479,48.0147],[34.84,48.05],[34.877,48.054],[34.856,48.132],[34.915,48.13],[34.909,48.104],[34.914,48.09],[34.93,48.089],[35.039,48.097],[35.058,48.12],[35.101,48.131],[35.154,48.128],[35.18,48.13],[35.195,48.139],[35.21,48.139],[35.22,48.142],[35.239,48.134],[35.249,48.134],[35.303,48.141],[35.338,48.122],[35.36,48.121],[35.416,48.109],[35.421,48.099],[35.446,48.101],[35.483,48.094],[35.518,48.094],[35.523,48.074],[35.583,48.093],[35.703,48.139],[35.742,48.095],[35.805,48.099],[35.816,48.065],[35.921,48.081],[35.967,48.094],[35.975,48.042],[36.052,48.058],[36.061,48.0],[36.084,47.929],[36.109,47.924],[36.129,47.89],[36.088,47.862],[36.101,47.842],[36.18,47.85],[36.178,47.856],[36.196,47.858],[36.187,47.842],[36.189,47.836],[36.193,47.835],[36.1967,47.8322],[36.196,47.828],[36.202,47.816],[36.174,47.788],[36.127,47.779],[36.006,47.767],[36.011,47.726],[35.974,47.722],[35.968,47.747],[35.944,47.76],[35.873,47.773],[35.844,47.77],[35.851,47.809],[35.845,47.835],[35.786,47.83],[35.777,47.783],[35.797,47.672],[35.756,47.598],[35.714,47.623],[35.615,47.586],[35.567,47.577],[35.5563,47.5809],[35.556,47.581],[35.554,47.58]],[[35.2579,47.81],[35.2636,47.809],[35.2649,47.8117],[35.2586,47.8133],[35.2507,47.8184],[35.2549,47.8217],[35.2637,47.823],[35.2709,47.823],[35.2731,47.8183],[35.2832,47.8198],[35.2849,47.8141],[35.2977,47.8155],[35.2987,47.8144],[35.3043,47.814],[35.3061,47.8167],[35.3107,47.8174],[35.3071,47.831],[35.3122,47.8327],[35.3137,47.8351],[35.3174,47.8365],[35.3289,47.8365],[35.3359,47.8376],[35.338,47.8401],[35.3461,47.8427],[35.3497,47.8426],[35.3552,47.8475],[35.3656,47.848],[35.3687,47.8464],[35.3682,47.8525],[35.3586,47.8515],[35.3574,47.8521],[35.3474,47.8511],[35.3481,47.8461],[35.3431,47.8455],[35.3349,47.8476],[35.3266,47.8478],[35.3338,47.8533],[35.3384,47.854],[35.3414,47.8555],[35.3453,47.861],[35.3516,47.8617],[35.3523,47.8668],[35.3463,47.8673],[35.34,47.8659],[35.3433,47.8632],[35.343,47.8607],[35.339,47.8569],[35.3355,47.8555],[35.3318,47.8621],[35.3337,47.8655],[35.3359,47.8655],[35.3349,47.8726],[35.3318,47.8739],[35.3268,47.8732],[35.3277,47.8752],[35.3249,47.8813],[35.3274,47.8862],[35.3248,47.8871],[35.3371,47.8929],[35.3312,47.8924],[35.3003,47.8777],[35.2989,47.879],[35.3018,47.8804],[35.2996,47.8841],[35.2972,47.8831],[35.2887,47.8821],[35.2948,47.8763],[35.2967,47.8759],[35.2816,47.8687],[35.2798,47.8759],[35.2741,47.8754],[35.2723,47.879],[35.2733,47.8805],[35.2675,47.8812],[35.266,47.8763],[35.2643,47.8761],[35.2609,47.871],[35.2619,47.8681],[35.2704,47.8681],[35.2719,47.8659],[35.275,47.8653],[35.2647,47.8609],[35.2585,47.8625],[35.2576,47.8637],[35.2502,47.863],[35.2708,47.886],[35.2695,47.8859],[35.2504,47.8649],[35.2408,47.8698],[35.2446,47.8768],[35.2501,47.881],[35.2501,47.8838],[35.2591,47.8846],[35.2588,47.8884],[35.2506,47.8865],[35.2492,47.8894],[35.2584,47.8929],[35.2583,47.8947],[35.2516,47.8935],[35.2466,47.8916],[35.2414,47.8884],[35.239,47.8908],[35.2283,47.8863],[35.2253,47.891],[35.2241,47.8969],[35.2429,47.8991],[35.2551,47.9001],[35.2548,47.9023],[35.2515,47.9023],[35.2512,47.9066],[35.247,47.9068],[35.2462,47.9043],[35.2413,47.9018],[35.2239,47.8996],[35.2009,47.8972],[35.1877,47.8965],[35.1847,47.898],[35.1859,47.9007],[35.1758,47.9025],[35.1731,47.9024],[35.1647,47.907],[35.1766,47.9051],[35.1827,47.9034],[35.1981,47.9007],[35.2151,47.9075],[35.2152,47.9112],[35.2137,47.9135],[35.2101,47.913],[35.2031,47.9099],[35.1985,47.9089],[35.1882,47.9081],[35.1779,47.909],[35.17,47.9107],[35.1602,47.9122],[35.1569,47.9122],[35.163,47.9198],[35.1565,47.9153],[35.1541,47.9106],[35.1511,47.9089],[35.1465,47.9096],[35.1415,47.9088],[35.1407,47.9104],[35.1452,47.9107],[35.145,47.9209],[35.1426,47.927],[35.141,47.9275],[35.1405,47.9334],[35.138,47.9334],[35.1336,47.9452],[35.1291,47.9545],[35.1151,47.9526],[35.1147,47.9523],[35.0865,47.949],[35.0846,47.9452],[35.0846,47.9335],[35.086,47.9305],[35.0842,47.9084],[35.0845,47.9049],[35.0892,47.9021],[35.0958,47.902],[35.0952,47.8953],[35.0889,47.8982],[35.0855,47.8988],[35.0806,47.8944],[35.0727,47.8982],[35.0669,47.8926],[35.0636,47.8927],[35.0587,47.8947],[35.0545,47.8909],[35.0523,47.8919],[35.0524,47.8897],[35.0486,47.8913],[35.0288,47.8886],[35.0272,47.8876],[35.0272,47.884],[35.0237,47.8855],[35.0061,47.8874],[35.0022,47.8872],[35.0029,47.8841],[35.0001,47.8849],[35.0013,47.8913],[34.9984,47.8917],[34.9922,47.8907],[34.9924,47.8855],[34.9993,47.8834],[34.9993,47.8796],[34.9915,47.8752],[34.994,47.8701],[34.9952,47.8648],[34.994,47.861],[34.9909,47.8588],[34.9867,47.8574],[34.988,47.8557],[34.9932,47.8555],[34.9987,47.8542],[35.0028,47.8554],[35.0071,47.8551],[35.0047,47.854],[35.0039,47.8508],[35.0053,47.8483],[35.0034,47.8474],[35.0054,47.8455],[35.0088,47.8458],[35.009,47.8445],[35.0187,47.8456],[35.0218,47.8474],[35.0327,47.8417],[35.0367,47.838],[35.0414,47.8362],[35.042,47.8326],[35.0383,47.8321],[35.0348,47.8281],[35.0371,47.8242],[35.0356,47.8227],[35.0328,47.8261],[35.0296,47.8214],[35.0296,47.8308],[35.0242,47.8308],[35.018,47.8278],[35.0169,47.8284],[35.0224,47.8311],[35.0237,47.8333],[35.0189,47.8347],[35.02,47.837],[35.0162,47.8395],[35.0124,47.8396],[35.0072,47.8374],[35.0116,47.833],[35.0015,47.8279],[34.9969,47.8274],[34.9957,47.826],[34.9977,47.8183],[35.0039,47.8188],[35.0092,47.8159],[35.0224,47.8113],[35.0251,47.8115],[35.0302,47.8103],[35.0276,47.8134],[35.0301,47.8125],[35.0319,47.8136],[35.0364,47.8087],[35.043,47.8061],[35.0501,47.805],[35.0551,47.8064],[35.053,47.8083],[35.0565,47.8094],[35.0578,47.8111],[35.051,47.8099],[35.0497,47.8112],[35.0484,47.8165],[35.0551,47.8125],[35.0621,47.8114],[35.0681,47.8159],[35.0636,47.816],[35.0482,47.8251],[35.0474,47.8278],[35.0497,47.8303],[35.056,47.8266],[35.0579,47.8241],[35.0657,47.8202],[35.0656,47.8181],[35.0711,47.8167],[35.0691,47.8151],[35.0745,47.8119],[35.0752,47.8147],[35.0801,47.8135],[35.0864,47.8094],[35.0828,47.8056],[35.0859,47.8048],[35.0894,47.8059],[35.0955,47.8029],[35.091,47.7932],[35.0987,47.794],[35.1025,47.7936],[35.1061,47.789],[35.1091,47.7899],[35.11,47.788],[35.1072,47.787],[35.1105,47.7865],[35.1135,47.7846],[35.1148,47.7876],[35.1198,47.7851],[35.1228,47.7819],[35.1206,47.7795],[35.1241,47.7807],[35.1289,47.7752],[35.1347,47.7738],[35.1413,47.7743],[35.1644,47.7603],[35.1661,47.7578],[35.1716,47.7553],[35.1972,47.7549],[35.1998,47.7582],[35.2126,47.7595],[35.2181,47.7558],[35.2248,47.7526],[35.2744,47.7585],[35.2736,47.7622],[35.2832,47.7635],[35.3281,47.7687],[35.3275,47.7708],[35.287,47.7874],[35.2719,47.7888],[35.2631,47.7888],[35.2616,47.7948],[35.2596,47.7949],[35.2588,47.7998],[35.2637,47.8004],[35.2578,47.8092],[35.2579,47.81]]]},"properties":{"id":"UA23060000000070350","name":"Запорізький район","name_en":"Zaporizhia Raion","oblast":"UA23"}},
{"type":"Feature","geometry":{"type":"Polygon","coordinates":[[[35.173,47.8334],[35.18,47.8307],[35.1835,47.8263],[35.1878,47.8173],[35.1941,47.8108],[35.1944,47.8088],[35.1916,47.8046],[35.1801,47.8063],[35.1756,47.8082],[35.1736,47.8076],[35.1716,47.8038],[35.1675,47.8026],[35.1635,47.8044],[35.1602,47.8084],[35.1573,47.8103],[35.1514,47.8158],[35.1514,47.8176],[35.1467,47.8201],[35.1447,47.8222],[35.1445,47.8269],[35.1497,47.8308],[35.1535,47.8351],[35.153,47.8366],[35.1555,47.8395],[35.1538,47.8409],[35.1553,47.8454],[35.1618,47.8471],[35.1695,47.8357],[35.173,47.8334]]]},"properties":{"id":"UA23060070010595678","name":"Олександрівський район","name_en":null,"oblast":"UA23","city":"Запоріжжя"}},
{"type":"Feature","geometry":{"type":"Polygon","coordinates":[[[35.1336,47.9452],[35.138,47.9334],[35.1405,47.9334],[35.141,47.9275],[35.1426,47.927],[35.145,47.9209],[35.1452,47.9107],[35.1407,47.9104],[35.1415,47.9088],[35.1465,47.9096],[35.1511,47.9089],[35.1541,47.9106],[35.1565,47.9153],[35.163,47.9198],[35.1569,47.9122],[35.1602,47.9122],[35.17,47.9107],[35.1779,47.909],[35.1882,47.9081],[35.1985,47.9089],[35.2031,47.9099],[35.2101,47.913],[35.2137,47.9135],[35.2152,47.9112],[35.2151,47.9075],[35.1981,47.9007],[35.1827,47.9034],[35.1766,47.9051],[35.1647,47.907],[35.1731,47.9024],[35.1758,47.9025],[35.1859,47.9007],[35.1847,47.898],[35.1877,47.8965],[35.2009,47.8972],[35.2239,47.8996],[35.2413,47.9018],[35.2462,47.9043],[35.247,47.9068],[35.2512,47.9066],[35.2515,47.9023],[35.2548,47.9023],[35.2551,47.9001],[35.2429,47.8991],[35.2241,47.8969],[35.2253,47.891],[35.2283,47.8863],[35.239,47.8908],[35.2414,47.8884],[35.2423,47.8854],[35.2353,47.8799],[35.2362,47.8767],[35.231,47.8718],[35.2204,47.8677],[35.2179,47.8661],[35.2097,47.8637],[35.208,47.8643],[35.1933,47.8591],[35.1882,47.8578],[35.1774,47.8516],[35.1735,47.8479],[35.1697,47.8504],[35.1673,47.8482],[35.1622,47.8473],[35.1574,47.8532],[35.1509,47.855],[35.1298,47.8534],[35.1262,47.8586],[35.1384,47.8733],[35.1339,47.8762],[35.1302,47.8802],[35.1224,47.8802],[35.1204,47.8779],[35.1088,47.8762],[35.1165,47.9058],[35.1186,47.9326],[35.1151,47.9526],[35.1291,47.9545],[35.1336,47.9452]]]},"properties":{"id":"UA23060070010385728","name":"Заводський район","name_en":null,"oblast":"UA23","city":"Запоріжжя"}},
{"type":"Feature","geometry":{"type":"Polygon","coordinates":[[[35.1716,47.8038],[35.1736,47.8076],[35.1756,47.8082],[35.1801,47.8063],[35.1916,47.8046],[35.1981,47.8054],[35.1996,47.8081],[35.2047,47.8099],[35.2102,47.8069],[35.2127,47.81],[35.2118,47.8113],[35.2174,47.8147],[35.2227,47.8089],[35.2225,47.8039],[35.231,47.7978],[35.2344,47.7969],[35.2431,47.8024],[35.2448,47.8061],[35.2526,47.8083],[35.2552,47.8078],[35.2578,47.8092],[35.2637,47.8004],[35.2588,47.7998],[35.2596,47.7949],[35.2616,47.7948],[35.2631,47.7888],[35.2719,47.7888],[35.287,47.7874],[35.3275,47.7708],[35.3281,47.7687],[35.2832,47.7635],[35.2736,47.7622],[35.2744,47.7585],[35.2248,47.7526],[35.2181,47.7558],[35.2126,47.7595],[35.1998,47.7582],[35.1972,47.7549],[35.1716,47.7553],[35.1661,47.7578],[35.1644,47.7603],[35.1603,47.7695],[35.1599,47.7743],[35.1612,47.7773],[35.1651,47.7812],[35.1641,47.7849],[35.1606,47.7861],[35.1622,47.7933],[35.1606,47.8016],[35.1594,47.8032],[35.1635,47.8044],[35.1675,47.8026],[35.1716,47.8038]]]},"properties":{"id":"UA23060070010474202","name":"Космічний район","name_en":null,"oblast":"UA23","city":"Запоріжжя"}},
{"type":"Feature","geometry":{"type":"Polygon","coordinates":[[[35.1165,47.9058],[35.1088,47.8762],[35.1098,47.8702],[35.1093,47.8657],[35.1158,47.8584],[35.1172,47.855],[35.1099,47.8549],[35.0835,47.8452],[35.0805,47.8569],[35.0769,47.8622],[35.0737,47.8638],[35.0677,47.8634],[35.0583,47.8606],[35.0551,47.8588],[35.0525,47.8559],[35.05,47.8481],[35.0506,47.8418],[35.0531,47.8371],[35.0544,47.8317],[35.0519,47.832],[35.0475,47.8348],[35.0414,47.8362],[35.0367,47.838],[35.0327,47.8417],[35.0218,47.8474],[35.0187,47.8456],[35.009,47.8445],[35.0088,47.8458],[35.0054,47.8455],[35.0034,47.8474],[35.0053,47.8483],[35.0039,47.8508],[35.0047,47.854],[35.0071,47.8551],[35.0028,47.8554],[34.9987,47.8542],[34.9932,47.8555],[34.988,47.8557],[34.9867,47.8574],[34.9909,47.8588],[34.994,47.861],[34.9952,47.8648],[34.994,47.8701],[34.9915,47.8752],[34.9993,47.8796],[34.9993,47.8834],[34.9924,47.8855],[34.9922,47.8907],[34.9984,47.8917],[35.0013,47.8913],[35.0001,47.8849],[35.0029,47.8841],[35.0022,47.8872],[35.0061,47.8874],[35.0237,47.8855],[35.0272,47.884],[35.0272,47.8876],[35.0288,47.8886],[35.0486,47.8913],[35.0524,47.8897],[35.0523,47.8919],[35.0545,47.8909],[35.0587,47.8947],[35.0636,47.8927],[35.0669,47.8926],[35.0727,47.8982],[35.0806,47.8944],[35.0855,47.8988],[35.0889,47.8982],[35.0952,47.8953],[35.0958,47.902],[35.0892,47.9021],[35.0845,47.9049],[35.0842,47.9084],[35.086,47.9305],[35.0846,47.9335],[35.0846,47.9452],[35.0865,47.949],[35.1147,47.9523],[35.1151,47.9526],[35.1186,47.9326],[35.1165,47.9058]]]},"properties":{"id":"UA23060070010228148","name":"Дніпровський район","name_en":null,"oblast":"UA23","city":"Запоріжжя"}},
{"type":"Feature","geometry":{"type":"Polygon","coordinates":[[[35.1224,47.8802],[35.1302,47.8802],[35.1339,47.8762],[35.1384,47.8733],[35.1262,47.8586],[35.1298,47.8534],[35.1509,47.855],[35.1574,47.8532],[35.1622,47.8473],[35.1618,47.8471],[35.1553,47.8454],[35.1538,47.8409],[35.1555,47.8395],[35.153,47.8366],[35.1535,47.8351],[35.1497,47.8308],[35.1445,47.8269],[35.1447,47.8222],[35.1467,47.8201],[35.1514,47.8176],[35.1514,47.8158],[35.1573,47.8103],[35.1602,47.8084],[35.1635,47.8044],[35.1594,47.8032],[35.1606,47.8016],[35.1622,47.7933],[35.1606,47.7861],[35.1641,47.7849],[35.1651,47.7812],[35.1612,47.7773],[35.1599,47.7743],[35.148,47.7737],[35.1324,47.7803],[35.1145,47.7949],[35.1097,47.7993],[35.0821,47.8169],[35.076,47.82],[35.0682,47.8231],[35.0597,47.829],[35.0544,47.8317],[35.0531,47.8371],[35.0506,47.8418],[35.05,47.8481],[35.0525,47.8559],[35.0551,47.8588],[35.0583,47.8606],[35.0677,47.8634],[35.0737,47.8638],[35.0769,47.8622],[35.0805,47.8569],[35.0835,47.8452],[35.1099,47.8549],[35.1172,47.855],[35.1158,47.8584],[35.1093,47.8657],[35.1098,47.8702],[35.1088,47.8762],[35.1204,47.8779],[35.1224,47.8802]]]},"properties":{"id":"UA23060070010154443","name":"Вознесенівський район","name_en":null,"oblast":"UA23","city":"Запоріжжя"}},
{"type":"Feature","geometry":{"type":"Polygon","coordinates":[[[35.0519,47.832],[35.0544,47.8317],[35.0597,47.829],[35.0682,47.8231],[35.076,47.82],[35.0821,47.8169],[35.1097,47.7993],[35.1145,47.7949],[35.1324,47.7803],[35.148,47.7737],[35.1599,47.7743],[35.1603,47.7695],[35.1644,47.7603],[35.1413,47.7743],[35.1347,47.7738],[35.1289,47.7752],[35.1241,47.7807],[35.1206,47.7795],[35.1228,47.7819],[35.1198,47.7851],[35.1148,47.7876],[35.1135,47.7846],[35.1105,47.7865],[35.1072,47.787],[35.11,47.788],[35.1091,47.7899],[35.1061,47.789],[35.1025,47.7936],[35.0987,47.794],[35.091,47.7932],[35.0955,47.8029],[35.0894,47.8059],[35.0859,47.8048],[35.0828,47.8056],[35.0864,47.8094],[35.0801,47.8135],[35.0752,47.8147],[35.0745,47.8119],[35.0691,47.8151],[35.0711,47.8167],[35.0656,47.8181],[35.0657,47.8202],[35.0579,47.8241],[35.056,47.8266],[35.0497,47.8303],[35.0474,47.8278],[35.0482,47.8251],[35.0636,47.816],[35.0681,47.8159],[35.0621,47.8114],[35.0551,47.8125],[35.0484,47.8165],[35.0497,47.8112],[35.051,47.8099],[35.0578,47.8111],[35.0565,47.8094],[35.053,47.8083],[35.0551,47.8064],[35.0501,47.805],[35.043,47.8061],[35.0364,47.8087],[35.0319,47.8136],[35.0301,47.8125],[35.0276,47.8134],[35.0302,47.8103],[35.0251,47.8115],[35.0224,47.8113],[35.0092,47.8159],[35.0039,47.8188],[34.9977,47.8183],[34.9957,47.826],[34.9969,47.8274],[35.0015,47.8279],[35.0116,47.833],[35.0072,47.8374],[35.0124,47.8396],[35.0162,47.8395],[35.02,47.837],[35.0189,47.8347],[35.0237,47.8333],[35.0224,47.8311],[35.0169,47.8284],[35.018,47.8278],[35.0242,47.8308],[35.0296,47.8308],[35.0296,47.8214],[35.0328,47.8261],[35.0356,47.8227],[35.0371,47.8242],[35.0348,47.8281],[35.0383,47.8321],[35.042,47.8326],[35.0414,47.8362],[35.0475,47.8348],[35.0519,47.832]]]},"properties":{"id":"UA23060070010618511","name":"Хортицький район","name_en":null,"oblast":"UA23","city":"Запоріжжя"}},
{"type":"Feature","geometry":{"type":"Polygon","coordinates":[[[35.1697,47.8504],[35.1735,47.8479],[35.1774,47.8516],[35.1882,47.8578],[35.1933,47.8591],[35.208,47.8643],[35.2097,47.8637],[35.2179,47.8661],[35.2204,47.8677],[35.231,47.8718],[35.2362,47.8767],[35.2353,47.8799],[35.2423,47.8854],[35.2414,47.8884],[35.2466,47.8916],[35.2516,47.8935],[35.2583,47.8947],[35.2584,47.8929],[35.2492,47.8894],[35.2506,47.8865],[35.2588,47.8884],[35.2591,47.8846],[35.2501,47.8838],[35.2501,47.881],[35.2446,47.8768],[35.2408,47.8698],[35.2504,47.8649],[35.2695,47.8859],[35.2708,47.886],[35.2502,47.863],[35.2576,47.8637],[35.2585,47.8625],[35.2647,47.8609],[35.275,47.8653],[35.2719,47.8659],[35.2704,47.8681],[35.2619,47.8681],[35.2609,47.871],[35.2643,47.8761],[35.266,47.8763],[35.2675,47.8812],[35.2733,47.8805],[35.2723,47.879],[35.2741,47.8754],[35.2798,47.8759],[35.2816,47.8687],[35.2967,47.8759],[35.2948,47.8763],[35.2887,47.8821],[35.2972,47.8831],[35.2996,47.8841],[35.3018,47.8804],[35.2989,47.879],[35.3003,47.8777],[35.3312,47.8924],[35.3371,47.8929],[35.3248,47.8871],[35.3274,47.8862],[35.3249,47.8813],[35.3277,47.8752],[35.3268,47.8732],[35.3318,47.8739],[35.3349,47.8726],[35.3359,47.8655],[35.3337,47.8655],[35.3318,47.8621],[35.3355,47.8555],[35.339,47.8569],[35.343,47.8607],[35.3433,47.8632],[35.34,47.8659],[35.3463,47.8673],[35.3523,47.8668],[35.3516,47.8617],[35.3453,47.861],[35.3414,47.8555],[35.3384,47.854],[35.3338,47.8533],[35.3266,47.8478],[35.3349,47.8476],[35.3431,47.8455],[35.3481,47.8461],[35.3474,47.8511],[35.3574,47.8521],[35.3586,47.8515],[35.3682,47.8525],[35.3687,47.8464],[35.3656,47.848],[35.3552,47.8475],[35.3497,47.8426],[35.3461,47.8427],[35.338,47.8401],[35.3359,47.8376],[35.3289,47.8365],[35.3174,47.8365],[35.3137,47.8351],[35.3122,47.8327],[35.3071,47.831],[35.3107,47.8174],[35.3061,47.8167],[35.3043,47.814],[35.2987,47.8144],[35.2977,47.8155],[35.2849,47.8141],[35.2832,47.8198],[35.2731,47.8183],[35.2709,47.823],[35.2637,47.823],[35.2549,47.8217],[35.2507,47.8184],[35.2586,47.8133],[35.2649,47.8117],[35.2636,47.809],[35.2579,47.81],[35.2578,47.8092],[35.2552,47.8078],[35.2526,47.8083],[35.2448,47.8061],[35.2431,47.8024],[35.2344,47.7969],[35.231,47.7978],[35.2225,47.8039],[35.2227,47.8089],[35.2174,47.8147],[35.2118,47.8113],[35.2127,47.81],[35.2102,47.8069],[35.2047,47.8099],[35.1996,47.8081],[35.1981,47.8054],[35.1916,47.8046],[35.1944,47.8088],[35.1941,47.8108],[35.1878,47.8173],[35.1835,47.8263],[35.18,47.8307],[35.173,47.8334],[35.1695,47.8357],[35.1618,47.8471],[35.1622,47.8473],[35.1673,47.8482],[35.1697,47.8504]]]},"properties":{"id":"UA23060070010748330","name":"Шевченківський район","name_en":null,"oblast":"UA23","city":"Запоріжжя"}},
{"type":"Feature","geometry":{"type":"Polygon","coordinates":[[[34.5181,47.1192],[34.516,47.119],[34.5162,47.118],[34.5186,47.1058],[34.5198,47.1059],[34.554,47.107],[34.568,47.026],[34.592,47.028],[34.6,46.993],[34.625,46.974],[34.682,46.98],[34.686,46.957],[34.737,46.962],[34.753,46.881],[34.805,46.884],[34.817,46.827],[34.759,46.822],[34.769,46.781],[34.735,46.746],[34.66,46.739],[34.626,46.723],[34.633,46.689],[34.682,46.693],[34.684,46.678],[34.747,46.684],[34.757,46.626],[34.714,46.619],[34.724,46.583],[34.748,46.585],[34.758,46.55],[34.892,46.564],[34.891,46.508],[34.947,46.514],[34.957,46.503],[35.022,46.48],[35.056,46.482],[35.071,46.379],[35.058,46.374],[35.073,46.301],[35.102,46.303],[35.102,46.3001],[35.128,46.301],[35.227,46.28],[35.253,46.27],[35.2724,46.265],[35.2753,46.265],[35.2755,46.2652],[35.279,46.265],[35.278,46.2635],[35.284,46.262],[35.412,46.404],[35.445,46.434],[35.59,46.482],[35.653,46.52],[35.729,46.588],[35.827,46.619],[35.861,46.639],[35.92,46.656],[35.9202,46.6562],[35.921,46.657],[35.912,46.681],[35.903,46.72],[35.968,46.723],[35.963,46.745],[36.03,46.754],[36.027,46.808],[36.093,46.821],[36.085,46.85],[36.145,46.872],[36.058,46.887],[35.985,46.871],[35.989,46.904],[36.042,46.904],[36.059,46.918],[36.068,46.986],[35.983,46.977],[35.985,47.022],[35.993,47.028],[35.984,47.054],[36.001,47.058],[36,47.07],[35.981,47.063],[35.95,47.07],[35.9201,47.069],[35.919,47.069],[35.918,47.068],[35.9181,47.067],[35.921,47.043],[35.913,47.027],[35.921,47.011],[35.69,46.988],[35.681,47.045],[35.67,47.064],[35.623,47.103],[35.585,47.096],[35.506,47.102],[35.501,47.115],[35.51,47.126],[35.509,47.146],[35.452,47.16],[35.4569,47.169],[35.4577,47.1705],[35.458,47.171],[35.443,47.175],[35.447,47.186],[35.3915,47.2022],[35.381,47.18],[35.321,47.204],[35.319,47.175],[35.282,47.177],[35.264,47.14],[35.223,47.135],[35.206,47.156],[35.173,47.153],[35.173,47.12],[35.147,47.117],[35.139,47.091],[35.105,47.097],[34.964,47.079],[34.956,47.142],[34.875,47.134],[34.873,47.146],[34.83,47.173],[34.811,47.161],[34.718,47.153],[34.717,47.145],[34.602,47.135],[34.596,47.164],[34.542,47.16],[34.549,47.122],[34.5181,47.1192]]]},"properties":{"id":"UA23080000000090746","name":"Мелітопольський район","name_en":"Melitopol Raion","oblast":"UA23"}},
{"type":"Feature","geometry":{"type":"Polygon","coordinates":[[[35.9201,47.069],[35.918,47.088],[35.917,47.089],[35.862,47.085],[35.858,47.127],[35.867,47.144],[35.838,47.165],[35.834,47.193],[35.998,47.196],[36.009,47.246],[35.996,47.251],[35.97,47.301],[35.977,47.317],[36.001,47.341],[36.017,47.336],[36.105,47.34],[36.164,47.325],[36.22,47.276],[36.272,47.282],[36.347,47.262],[36.363,47.294],[36.433,47.262],[36.446,47.221],[36.401,47.174],[36.481,47.178],[36.491,47.115],[36.67,47.144],[36.664,47.189],[36.678,47.197],[36.788,47.201],[36.786,47.194],[36.815,47.194],[36.835,47.197],[36.846,47.195],[36.853,47.198],[36.854,47.198],[36.8578,47.1981],[36.893,47.199],[36.93,47.206],[36.964,47.201],[36.95,47.229],[36.936,47.294],[36.946,47.31],[37.026,47.314],[37.037,47.299],[37.085,47.314],[37.123,47.339],[37.108,47.375],[37.145,47.38],[37.162,47.34],[37.204,47.355],[37.196,47.373],[37.232,47.436],[37.25,47.458],[37.241,47.46],[37.2445,47.467],[37.2456,47.4693],[37.246,47.47],[37.191,47.47],[37.157,47.456],[37.085,47.497],[37.075,47.494],[37.028,47.549],[37.02,47.554],[37.002,47.54],[36.967,47.555],[36.945,47.577],[36.894,47.546],[36.831,47.625],[36.764,47.602],[36.767,47.635],[36.726,47.632],[36.72,47.658],[36.756,47.661],[36.789,47.686],[36.714,47.68],[36.701,47.733],[36.686,47.732],[36.672,47.795],[36.589,47.786],[36.589,47.816],[36.609,47.839],[36.605,47.852],[36.5858,47.8486],[36.5835,47.8482],[36.52,47.837],[36.476,47.825],[36.377,47.831],[36.276,47.816],[36.267,47.834],[36.199,47.834],[36.197,47.834],[36.1967,47.8322],[36.196,47.828],[36.202,47.816],[36.174,47.788],[36.127,47.779],[36.006,47.767],[36.011,47.726],[35.974,47.722],[35.968,47.747],[35.944,47.76],[35.873,47.773],[35.844,47.77],[35.851,47.809],[35.845,47.835],[35.786,47.83],[35.777,47.783],[35.797,47.672],[35.756,47.598],[35.714,47.623],[35.615,47.586],[35.567,47.577],[35.5563,47.5809],[35.556,47.581],[35.554,47.58],[35.587,47.437],[35.681,47.433],[35.622,47.381],[35.578,47.334],[35.604,47.312],[35.554,47.276],[35.509,47.233],[35.49,47.162],[35.4577,47.1705],[35.4569,47.169],[35.452,47.16],[35.509,47.146],[35.51,47.126],[35.501,47.115],[35.506,47.102],[35.585,47.096],[35.623,47.103],[35.67,47.064],[35.681,47.045],[35.69,46.988],[35.921,47.011],[35.913,47.027],[35.921,47.043],[35.9181,47.067],[35.918,47.068],[35.919,47.069],[35.9201,47.069]]]},"properties":{"id":"UA23100000000034132","name":"Пологівський район","name_en":"Polohy Raion","oblast":"UA23"}},
{"type":"Feature","geometry":{"type":"Polygon","coordinates":[[[24.5626,47.9679],[24.58,47.966],[24.595,47.954],[24.627,47.948],[24.634,47.924],[24.673,47.896],[24.666,47.871],[24.705,47.839],[24.827,47.82],[24.835,47.779],[24.877,47.752],[24.883,47.723],[24.923,47.726],[24.9232,47.7262],[24.921,47.726],[24.922,47.742],[24.938,47.764],[24.937,47.773],[24.95,47.8],[24.988,47.84],[24.985,47.865],[24.955,47.879],[24.944,47.896],[24.959,47.911],[24.926,47.936],[24.92,47.954],[24.908,47.999],[24.91,48.027],[24.94,48.045],[24.969,48.073],[24.986,48.079],[24.978,48.11],[24.992,48.121],[25.004,48.121],[25.026,48.111],[25.039,48.117],[25.043,48.131],[25.066,48.132],[25.064,48.153],[25.067,48.159],[25.079,48.162],[25.0819,48.1617],[25.0848,48.1615],[25.085,48.162],[25.083,48.164],[25.073,48.167],[25.038,48.174],[25.022,48.203],[24.991,48.197],[24.949,48.216],[24.919,48.214],[24.902,48.194],[24.822,48.231],[24.778,48.226],[24.78,48.255],[24.746,48.253],[24.735,48.258],[24.741,48.27],[24.733,48.271],[24.733,48.276],[24.7272,48.2785],[24.72,48.2739],[24.72,48.273],[24.719,48.2733],[24.717,48.272],[24.716,48.272],[24.7127,48.272],[24.711,48.271],[24.708,48.272],[24.706,48.272],[24.692,48.272],[24.675,48.269],[24.685,48.234],[24.647,48.196],[24.644,48.187],[24.636,48.183],[24.643,48.175],[24.633,48.172],[24.644,48.159],[24.627,48.16],[24.615,48.154],[24.596,48.152],[24.587,48.142],[24.574,48.133],[24.575,48.126],[24.565,48.124],[24.5564,48.1173],[24.56,48.113],[24.558,48.108],[24.596,48.092],[24.628,48.046],[24.575,48.014],[24.566,47.971],[24.5626,47.9679]]]},"properties":{"id":"UA26020000000044654","name":"Верховинський район","name_en":"Verkhovyna Raion","oblast":"UA26"}},
{"type":"Feature","geometry":{"type":"Polygon","coordinates":[[[24.1232,48.5352],[24.123,48.535],[24.123,48.533],[24.13,48.53],[24.1306,48.5294],[24.132,48.528],[24.153,48.532],[24.2,48.519],[24.216,48.53],[24.234,48.55],[24.248,48.555],[24.249,48.573],[24.266,48.588],[24.313,48.605],[24.337,48.606],[24.373,48.616],[24.372,48.632],[24.468,48.644],[24.467,48.657],[24.499,48.684],[24.522,48.679],[24.544,48.697],[24.566,48.688],[24.578,48.696],[24.551,48.71],[24.549,48.721],[24.595,48.71],[24.628,48.729],[24.634,48.734],[24.641,48.752],[24.673,48.749],[24.68,48.752],[24.71,48.736],[24.7122,48.7363],[24.724,48.738],[24.742,48.745],[24.755,48.765],[24.793,48.788],[24.821,48.788],[24.851,48.767],[24.958,48.749],[24.976,48.727],[25.031,48.733],[25.054,48.702],[25.115,48.675],[25.176,48.641],[25.223,48.65],[25.244,48.682],[25.232,48.698],[25.225,48.698],[25.219,48.706],[25.211,48.711],[25.228,48.72],[25.261,48.734],[25.247,48.769],[25.225,48.782],[25.244,48.794],[25.24,48.813],[25.26,48.826],[25.303,48.824],[25.316,48.826],[25.325,48.833],[25.3258,48.837],[25.325,48.837],[25.325,48.839],[25.325,48.843],[25.313,48.846],[25.291,48.844],[25.283,48.862],[25.26,48.866],[25.238,48.865],[25.23,48.848],[25.208,48.851],[25.23,48.889],[25.228,48.909],[25.237,48.92],[25.231,48.932],[25.218,48.926],[25.213,48.921],[25.192,48.922],[25.199,48.914],[25.168,48.893],[25.175,48.882],[25.174,48.873],[25.163,48.864],[25.139,48.868],[25.135,48.871],[25.137,48.877],[25.135,48.89],[25.119,48.916],[25.117,48.924],[25.12,48.929],[25.138,48.935],[25.146,48.945],[25.109,48.963],[25.088,48.983],[25.056,48.99],[25.018,49.01],[24.971,49.009],[24.915,49.044],[24.911,49.05],[24.904,49.049],[24.902,49.056],[24.908,49.08],[24.915,49.084],[24.941,49.082],[24.966,49.073],[24.99,49.072],[24.99,49.085],[24.971,49.096],[24.982,49.117],[24.899,49.128],[24.855,49.178],[24.886,49.199],[24.898,49.216],[24.932,49.235],[24.902,49.241],[24.842,49.262],[24.827,49.285],[24.835,49.359],[24.823,49.384],[24.812,49.388],[24.799,49.381],[24.791,49.381],[24.775,49.377],[24.777,49.382],[24.772,49.393],[24.77,49.431],[24.75,49.449],[24.728,49.48],[24.728,49.491],[24.724,49.494],[24.717,49.493],[24.7155,49.4953],[24.703,49.494],[24.698,49.491],[24.632,49.499],[24.576,49.526],[24.505,49.512],[24.482,49.543],[24.435,49.536],[24.441,49.511],[24.413,49.504],[24.41,49.498],[24.404,49.497],[24.4025,49.4948],[24.402,49.494],[24.4006,49.4937],[24.406,49.482],[24.412,49.474],[24.417,49.473],[24.41,49.446],[24.371,49.436],[24.386,49.394],[24.404,49.368],[24.397,49.359],[24.393,49.334],[24.38,49.31],[24.359,49.323],[24.341,49.311],[24.301,49.317],[24.305,49.276],[24.338,49.291],[24.363,49.28],[24.358,49.263],[24.35,49.262],[24.346,49.245],[24.357,49.232],[24.388,49.227],[24.427,49.231],[24.4427,49.2293],[24.445,49.229],[24.4473,49.2294],[24.462,49.232],[24.473,49.223],[24.489,49.228],[24.514,49.216],[24.528,49.225],[24.548,49.212],[24.55,49.185],[24.513,49.183],[24.502,49.163],[24.542,49.145],[24.553,49.128],[24.557,49.081],[24.533,49.051],[24.555,49.044],[24.562,49.02],[24.541,49.009],[24.534,49.001],[24.532,48.992],[24.513,48.978],[24.513,48.971],[24.494,48.963],[24.471,48.935],[24.452,48.924],[24.435,48.901],[24.414,48.889],[24.4,48.869],[24.376,48.873],[24.335,48.828],[24.315,48.788],[24.286,48.757],[24.244,48.754],[24.255,48.729],[24.236,48.712],[24.196,48.694],[24.151,48.662],[24.138,48.638],[24.109,48.651],[24.095,48.609],[24.101,48.565],[24.12,48.547],[24.132,48.542],[24.1232,48.5352]]]},"properties":{"id":"UA26040000000044761","name":"Івано-Франківський район","name_en":"Ivano-Frankivsk Raion","oblast":"UA26"}},
{"type":"Feature","geometry":{"type":"Polygon","coordinates":[[[23.5488,48.726],[23.548,48.724],[23.5476,48.7239],[23.552,48.723],[23.571,48.724],[23.593,48.716],[23.598,48.704],[23.626,48.706],[23.636,48.685],[23.703,48.638],[23.745,48.646],[23.789,48.64],[23.796,48.631],[23.793,48.616],[23.785,48.611],[23.786,48.605],[23.795,48.6],[23.79,48.593],[23.803,48.58],[23.834,48.573],[23.845,48.558],[23.857,48.554],[23.859,48.5538],[23.863,48.5533],[23.865,48.553],[23.927,48.552],[23.918,48.543],[23.913,48.534],[23.922,48.513],[23.916,48.508],[23.918,48.494],[23.908,48.486],[23.907,48.48],[23.911,48.472],[23.925,48.464],[23.966,48.457],[23.982,48.465],[23.983,48.48],[24,48.503],[24.035,48.5],[24.046,48.511],[24.067,48.517],[24.089,48.519],[24.103,48.524],[24.111,48.533],[24.123,48.533],[24.123,48.535],[24.1232,48.5352],[24.132,48.542],[24.12,48.547],[24.101,48.565],[24.095,48.609],[24.109,48.651],[24.138,48.638],[24.151,48.662],[24.196,48.694],[24.236,48.712],[24.255,48.729],[24.244,48.754],[24.286,48.757],[24.315,48.788],[24.335,48.828],[24.376,48.873],[24.4,48.869],[24.414,48.889],[24.435,48.901],[24.452,48.924],[24.471,48.935],[24.494,48.963],[24.513,48.971],[24.513,48.978],[24.532,48.992],[24.534,49.001],[24.541,49.009],[24.562,49.02],[24.555,49.044],[24.533,49.051],[24.557,49.081],[24.553,49.128],[24.542,49.145],[24.502,49.163],[24.513,49.183],[24.55,49.185],[24.548,49.212],[24.528,49.225],[24.514,49.216],[24.489,49.228],[24.473,49.223],[24.462,49.232],[24.4473,49.2294],[24.435,49.219],[24.439,49.196],[24.436,49.173],[24.416,49.167],[24.383,49.188],[24.284,49.168],[24.235,49.143],[24.2,49.139],[24.172,49.143],[24.149,49.129],[24.139,49.142],[24.11,49.139],[24.1,49.145],[24.058,49.146],[24.037,49.124],[24.024,49.117],[24.013,49.117],[24.013,49.124],[24.001,49.13],[23.9807,49.1346],[23.97,49.137],[23.933,49.121],[23.908,49.099],[23.873,49.109],[23.829,49.112],[23.821,49.108],[23.81,49.109],[23.804,49.105],[23.796,49.107],[23.765,49.121],[23.72,49.093],[23.699,49.1],[23.674,49.035],[23.6,49],[23.567,48.974],[23.587,48.956],[23.563,48.911],[23.577,48.889],[23.609,48.876],[23.583,48.871],[23.559,48.82],[23.58,48.786],[23.579,48.778],[23.57,48.772],[23.557,48.754],[23.55,48.738],[23.551,48.734],[23.549,48.731],[23.55,48.729],[23.5488,48.726]]]},"properties":{"id":"UA26060000000042554","name":"Калуський район","name_en":"Kalush Raion","oblast":"UA26"}},
{"type":"Feature","geometry":{"type":"Polygon","coordinates":[[[24.71,48.736],[24.726,48.714],[24.815,48.68],[24.811,48.639],[24.783,48.625],[24.78,48.595],[24.77,48.596],[24.767,48.584],[24.765,48.582],[24.766,48.574],[24.778,48.549],[24.728,48.525],[24.758,48.513],[24.758,48.506],[24.776,48.489],[24.759,48.476],[24.768,48.464],[24.779,48.461],[24.7836,48.4587],[24.785,48.458],[24.7858,48.4565],[24.786,48.456],[24.79,48.455],[24.794,48.444],[24.849,48.433],[24.887,48.441],[24.905,48.429],[24.942,48.432],[24.953,48.44],[24.993,48.433],[25.024,48.42],[25.035,48.405],[25.074,48.417],[25.09,48.411],[25.098,48.412],[25.1,48.405],[25.107,48.398],[25.131,48.395],[25.156,48.411],[25.201,48.398],[25.232,48.397],[25.236,48.393],[25.246,48.394],[25.249,48.38],[25.257,48.375],[25.259,48.368],[25.265,48.366],[25.277,48.371],[25.291,48.363],[25.296,48.365],[25.303,48.363],[25.3066,48.3586],[25.307,48.358],[25.308,48.3583],[25.31,48.359],[25.379,48.391],[25.438,48.401],[25.519,48.397],[25.528,48.391],[25.535,48.39],[25.535,48.387],[25.539,48.384],[25.546,48.384],[25.571,48.377],[25.602,48.377],[25.614,48.38],[25.6209,48.3785],[25.6206,48.381],[25.62,48.386],[25.614,48.39],[25.62,48.413],[25.608,48.409],[25.598,48.412],[25.604,48.418],[25.605,48.465],[25.598,48.501],[25.608,48.524],[25.599,48.542],[25.601,48.571],[25.586,48.59],[25.584,48.635],[25.607,48.655],[25.633,48.668],[25.637,48.668],[25.6376,48.6699],[25.629,48.671],[25.62,48.677],[25.625,48.686],[25.645,48.694],[25.652,48.705],[25.642,48.712],[25.616,48.715],[25.609,48.721],[25.609,48.727],[25.631,48.753],[25.597,48.766],[25.564,48.793],[25.51,48.804],[25.449,48.84],[25.427,48.842],[25.354,48.859],[25.336,48.851],[25.34,48.837],[25.3258,48.837],[25.325,48.833],[25.316,48.826],[25.303,48.824],[25.26,48.826],[25.24,48.813],[25.244,48.794],[25.225,48.782],[25.247,48.769],[25.261,48.734],[25.228,48.72],[25.211,48.711],[25.219,48.706],[25.225,48.698],[25.232,48.698],[25.244,48.682],[25.223,48.65],[25.176,48.641],[25.115,48.675],[25.054,48.702],[25.031,48.733],[24.976,48.727],[24.958,48.749],[24.851,48.767],[24.821,48.788],[24.793,48.788],[24.755,48.765],[24.742,48.745],[24.724,48.738],[24.7122,48.7363],[24.71,48.736]]]},"properties":{"id":"UA26080000000050130","name":"Коломийський район","name_en":"Kolomyia Raion","oblast":"UA26"}},
{"type":"Feature","geometry":{"type":"MultiPolygon","coordinates":[[[[24.7127,48.272],[24.708,48.272],[24.711,48.271],[24.7127,48.272]]],[[[24.72,48.2739],[24.719,48.2733],[24.72,48.273],[24.72,48.2739]]],[[[25.0848,48.1615],[25.09,48.161],[25.081,48.172],[25.084,48.18],[25.097,48.187],[25.137,48.192],[25.105,48.225],[25.142,48.247],[25.181,48.248],[25.243,48.316],[25.255,48.315],[25.265,48.322],[25.265,48.327],[25.274,48.328],[25.279,48.339],[25.286,48.346],[25.294,48.347],[25.301,48.356],[25.305,48.357],[25.3066,48.3586],[25.303,48.363],[25.296,48.365],[25.291,48.363],[25.277,48.371],[25.265,48.366],[25.259,48.368],[25.257,48.375],[25.249,48.38],[25.246,48.394],[25.236,48.393],[25.232,48.397],[25.201,48.398],[25.156,48.411],[25.131,48.395],[25.107,48.398],[25.1,48.405],[25.098,48.412],[25.09,48.411],[25.074,48.417],[25.035,48.405],[25.024,48.42],[24.993,48.433],[24.953,48.44],[24.942,48.432],[24.905,48.429],[24.887,48.441],[24.849,48.433],[24.794,48.444],[24.79,48.455],[24.786,48.456],[24.7858,48.4565],[24.782,48.455],[24.777,48.445],[24.76,48.437],[24.73,48.434],[24.711,48.418],[24.718,48.411],[24.715,48.405],[24.718,48.394],[24.713,48.393],[24.721,48.378],[24.748,48.376],[24.74,48.352],[24.757,48.325],[24.735,48.313],[24.734,48.295],[24.741,48.29],[24.734,48.278],[24.728,48.279],[24.7272,48.2785],[24.733,48.276],[24.733,48.271],[24.741,48.27],[24.735,48.258],[24.746,48.253],[24.78,48.255],[24.778,48.226],[24.822,48.231],[24.902,48.194],[24.919,48.214],[24.949,48.216],[24.991,48.197],[25.022,48.203],[25.038,48.174],[25.073,48.167],[25.083,48.164],[25.085,48.162],[25.0848,48.1615]]]]},"properties":{"id":"UA26100000000092255","name":"Косівський район","name_en":"Kosiv Raion","oblast":"UA26"}},
{"type":"Feature","geometry":{"type":"Polygon","coordinates":[[[24.1306,48.5294],[24.13,48.529],[24.115,48.495],[24.139,48.481],[24.127,48.469],[24.124,48.466],[24.129,48.441],[24.134,48.436],[24.145,48.434],[24.14,48.408],[24.149,48.393],[24.164,48.383],[24.177,48.367],[24.1771,48.3668],[24.1778,48.3646],[24.178,48.364],[24.186,48.363],[24.26,48.349],[24.29,48.382],[24.282,48.392],[24.305,48.396],[24.319,48.388],[24.332,48.388],[24.351,48.38],[24.35,48.358],[24.392,48.334],[24.417,48.331],[24.415,48.325],[24.428,48.318],[24.459,48.291],[24.488,48.278],[24.484,48.243],[24.52,48.236],[24.538,48.225],[24.499,48.161],[24.53,48.122],[24.536,48.122],[24.539,48.12],[24.5534,48.1175],[24.556,48.117],[24.5564,48.1173],[24.565,48.124],[24.575,48.126],[24.574,48.133],[24.587,48.142],[24.596,48.152],[24.615,48.154],[24.627,48.16],[24.644,48.159],[24.633,48.172],[24.643,48.175],[24.636,48.183],[24.644,48.187],[24.647,48.196],[24.685,48.234],[24.675,48.269],[24.692,48.272],[24.706,48.272],[24.708,48.272],[24.7127,48.272],[24.716,48.272],[24.717,48.272],[24.719,48.2733],[24.72,48.2739],[24.7272,48.2785],[24.728,48.279],[24.734,48.278],[24.741,48.29],[24.734,48.295],[24.735,48.313],[24.757,48.325],[24.74,48.352],[24.748,48.376],[24.721,48.378],[24.713,48.393],[24.718,48.394],[24.715,48.405],[24.718,48.411],[24.711,48.418],[24.73,48.434],[24.76,48.437],[24.777,48.445],[24.782,48.455],[24.7858,48.4565],[24.785,48.458],[24.7836,48.4587],[24.779,48.461],[24.768,48.464],[24.759,48.476],[24.776,48.489],[24.758,48.506],[24.758,48.513],[24.728,48.525],[24.778,48.549],[24.766,48.574],[24.765,48.582],[24.767,48.584],[24.77,48.596],[24.78,48.595],[24.783,48.625],[24.811,48.639],[24.815,48.68],[24.726,48.714],[24.71,48.736],[24.68,48.752],[24.673,48.749],[24.641,48.752],[24.634,48.734],[24.628,48.729],[24.595,48.71],[24.549,48.721],[24.551,48.71],[24.578,48.696],[24.566,48.688],[24.544,48.697],[24.522,48.679],[24.499,48.684],[24.467,48.657],[24.468,48.644],[24.372,48.632],[24.373,48.616],[24.337,48.606],[24.313,48.605],[24.266,48.588],[24.249,48.573],[24.248,48.555],[24.234,48.55],[24.216,48.53],[24.2,48.519],[24.153,48.532],[24.132,48.528],[24.1306,48.5294]]]},"properties":{"id":"UA26120000000036058","name":"Надвірнянський район","name_en":"Nadvirna Raion","oblast":"UA26"}},
{"type":"Feature","geometry":{"type":"Polygon","coordinates":[[[29.736,49.227],[29.748,49.224],[29.741,49.212],[29.727,49.207],[29.759,49.179],[29.857,49.187],[29.91,49.216],[29.906,49.221],[29.921,49.229],[29.933,49.243],[29.933,49.247],[29.954,49.249],[29.957,49.29],[29.945,49.302],[30.008,49.314],[30.027,49.333],[30.078,49.322],[30.088,49.284],[30.112,49.269],[30.124,49.28],[30.122,49.296],[30.113,49.308],[30.127,49.309],[30.133,49.313],[30.148,49.326],[30.199,49.327],[30.189,49.274],[30.263,49.27],[30.385,49.256],[30.399,49.302],[30.4207,49.302],[30.422,49.302],[30.4216,49.3034],[30.415,49.33],[30.439,49.351],[30.473,49.364],[30.515,49.327],[30.548,49.326],[30.568,49.352],[30.607,49.369],[30.639,49.355],[30.659,49.359],[30.677,49.354],[30.705,49.337],[30.729,49.331],[30.75,49.344],[30.8,49.353],[30.867,49.35],[30.897,49.362],[30.91,49.358],[30.919,49.377],[30.932,49.38],[30.938,49.408],[30.923,49.415],[30.9288,49.4172],[30.931,49.418],[30.9301,49.4192],[30.921,49.431],[30.925,49.437],[30.915,49.437],[30.913,49.441],[30.902,49.446],[30.834,49.442],[30.825,49.447],[30.825,49.441],[30.796,49.439],[30.792,49.459],[30.758,49.47],[30.752,49.468],[30.737,49.479],[30.737,49.488],[30.72,49.491],[30.717,49.504],[30.696,49.521],[30.687,49.542],[30.657,49.561],[30.661,49.582],[30.649,49.602],[30.699,49.598],[30.727,49.606],[30.731,49.616],[30.737,49.621],[30.737,49.626],[30.699,49.64],[30.731,49.656],[30.734,49.687],[30.747,49.691],[30.735,49.707],[30.723,49.709],[30.717,49.739],[30.719,49.826],[30.659,49.838],[30.543,49.827],[30.542,49.859],[30.571,49.867],[30.588,49.892],[30.493,49.937],[30.489,49.967],[30.441,49.993],[30.376,49.986],[30.301,50.015],[30.256,50.073],[30.219,50.104],[30.206,50.105],[30.203,50.113],[30.1989,50.1171],[30.198,50.118],[30.196,50.1173],[30.179,50.111],[30.18,50.107],[30.147,50.107],[30.131,50.103],[30.096,50.078],[30.094,50.014],[29.999,50.033],[29.952,50.056],[29.914,50.046],[29.922,50.013],[29.918,50.002],[29.936,50.001],[29.957,49.962],[29.964,49.956],[29.982,49.953],[29.967,49.94],[29.944,49.933],[29.89,49.899],[29.869,49.893],[29.851,49.872],[29.786,49.901],[29.732,49.883],[29.699,49.907],[29.662,49.888],[29.649,49.879],[29.649,49.8789],[29.651,49.879],[29.6525,49.8785],[29.668,49.874],[29.656,49.866],[29.641,49.868],[29.621,49.851],[29.593,49.84],[29.513,49.83],[29.492,49.825],[29.496,49.821],[29.497,49.813],[29.48,49.802],[29.47,49.813],[29.448,49.802],[29.4405,49.8042],[29.438,49.805],[29.461,49.762],[29.445,49.712],[29.49,49.709],[29.488,49.668],[29.512,49.662],[29.5049,49.6505],[29.5071,49.65],[29.519,49.647],[29.536,49.638],[29.499,49.601],[29.532,49.563],[29.551,49.52],[29.581,49.493],[29.559,49.497],[29.552,49.487],[29.545,49.486],[29.561,49.465],[29.591,49.455],[29.596,49.442],[29.574,49.433],[29.564,49.414],[29.506,49.395],[29.535,49.325],[29.573,49.325],[29.609,49.3],[29.639,49.248],[29.664,49.251],[29.69,49.239],[29.702,49.262],[29.738,49.229],[29.7376,49.2286],[29.736,49.227]]]},"properties":{"id":"UA32020000000057002","name":"Білоцерківський район","name_en":"Bila Tserkva Raion","oblast":"UA32"}},
{"type":"Feature","geometry":{"type":"Polygon","coordinates":[[[30.8263,50.4047],[30.8249,50.4041],[30.82,50.402],[30.816,50.394],[30.742,50.373],[30.711,50.353],[30.67,50.371],[30.652,50.364],[30.635,50.362],[30.638,50.355],[30.61,50.347],[30.615,50.341],[30.6124,50.3376],[30.6122,50.3372],[30.612,50.337],[30.628,50.315],[30.641,50.304],[30.648,50.291],[30.6493,50.2903],[30.6503,50.2898],[30.67,50.28],[30.659,50.263],[30.715,50.249],[30.714,50.22],[30.763,50.18],[30.8,50.163],[30.893,50.131],[30.922,50.105],[30.925,50.085],[30.96,50.073],[30.966,50.048],[31.063,49.984],[31.118,49.985],[31.186,49.967],[31.177,49.95],[31.257,49.935],[31.275,49.941],[31.283,49.951],[31.2863,49.9527],[31.286,49.953],[31.2867,49.9557],[31.287,49.957],[31.304,49.972],[31.299,49.983],[31.329,49.99],[31.381,49.994],[31.412,49.988],[31.417,49.991],[31.434,49.987],[31.446,49.976],[31.432,49.955],[31.425,49.917],[31.446,49.878],[31.491,49.862],[31.515,49.871],[31.557,49.876],[31.58,49.908],[31.614,49.907],[31.616,49.858],[31.669,49.859],[31.711,49.852],[31.7159,49.8534],[31.715,49.854],[31.752,49.894],[31.77,49.921],[31.795,49.935],[31.812,49.967],[31.917,49.962],[31.908,50.012],[31.899,50.02],[31.914,50.029],[31.985,50.052],[31.925,50.059],[31.917,50.053],[31.907,50.061],[31.91,50.101],[31.973,50.126],[31.946,50.136],[31.988,50.185],[32.018,50.207],[32.056,50.189],[32.086,50.223],[32.107,50.221],[32.11,50.23],[32.1132,50.2297],[32.096,50.237],[32.089,50.246],[32.099,50.276],[32.083,50.282],[32.138,50.305],[32.151,50.337],[32.1434,50.3471],[32.143,50.347],[32.1425,50.3483],[32.142,50.349],[32.1422,50.3491],[32.14,50.355],[32.154,50.375],[32.096,50.371],[32.0747,50.3739],[32.074,50.374],[32.074,50.3756],[32.07,50.374],[32.034,50.391],[32.009,50.391],[32.005,50.377],[32.026,50.364],[32.015,50.344],[31.983,50.35],[31.975,50.366],[31.894,50.369],[31.832,50.407],[31.746,50.409],[31.701,50.336],[31.668,50.323],[31.672,50.28],[31.63,50.264],[31.583,50.265],[31.591,50.291],[31.548,50.31],[31.5,50.307],[31.495,50.29],[31.478,50.292],[31.464,50.278],[31.452,50.287],[31.415,50.255],[31.392,50.272],[31.354,50.259],[31.379,50.243],[31.378,50.225],[31.397,50.218],[31.416,50.189],[31.417,50.171],[31.39,50.163],[31.379,50.173],[31.348,50.176],[31.273,50.168],[31.273,50.19],[31.211,50.19],[31.187,50.198],[31.212,50.249],[31.207,50.29],[31.158,50.299],[31.144,50.324],[31.173,50.36],[31.205,50.379],[31.226,50.423],[31.182,50.45],[31.144,50.445],[31.103,50.475],[31.094,50.478],[31.064,50.479],[31.039,50.468],[30.97,50.484],[30.89,50.455],[30.869,50.439],[30.828,50.44],[30.846,50.419],[30.827,50.405],[30.8263,50.4047]]]},"properties":{"id":"UA32040000000054694","name":"Бориспільський район","name_en":"Boryspil Raion","oblast":"UA32"}},
{"type":"Feature","geometry":{"type":"Polygon","coordinates":[[[30.5408,50.5234],[30.5404,50.5228],[30.54,50.522],[30.555,50.521],[30.56,50.515],[30.568,50.516],[30.569,50.522],[30.557,50.539],[30.592,50.535],[30.655,50.533],[30.722,50.585],[30.766,50.583],[30.788,50.576],[30.814,50.563],[30.821,50.538],[30.752,50.518],[30.76,50.512],[30.756,50.508],[30.74,50.5],[30.737,50.5],[30.74,50.494],[30.7393,50.4913],[30.739,50.4901],[30.739,50.49],[30.748,50.487],[30.745,50.477],[30.748,50.474],[30.74,50.469],[30.7414,50.4688],[30.7415,50.4688],[30.7418,50.4686],[30.742,50.4687],[30.7424,50.4687],[30.748,50.468],[30.75,50.463],[30.742,50.458],[30.775,50.438],[30.8,50.427],[30.795,50.418],[30.806,50.409],[30.822,50.407],[30.8249,50.4041],[30.8263,50.4047],[30.827,50.405],[30.846,50.419],[30.828,50.44],[30.869,50.439],[30.89,50.455],[30.97,50.484],[31.039,50.468],[31.064,50.479],[31.094,50.478],[31.103,50.475],[31.144,50.445],[31.182,50.45],[31.226,50.423],[31.205,50.379],[31.173,50.36],[31.144,50.324],[31.158,50.299],[31.207,50.29],[31.212,50.249],[31.187,50.198],[31.211,50.19],[31.273,50.19],[31.273,50.168],[31.348,50.176],[31.379,50.173],[31.39,50.163],[31.417,50.171],[31.416,50.189],[31.397,50.218],[31.378,50.225],[31.379,50.243],[31.354,50.259],[31.392,50.272],[31.415,50.255],[31.452,50.287],[31.464,50.278],[31.478,50.292],[31.495,50.29],[31.5,50.307],[31.548,50.31],[31.591,50.291],[31.583,50.265],[31.63,50.264],[31.672,50.28],[31.668,50.323],[31.701,50.336],[31.746,50.409],[31.832,50.407],[31.894,50.369],[31.975,50.366],[31.983,50.35],[32.015,50.344],[32.026,50.364],[32.005,50.377],[32.009,50.391],[32.034,50.391],[32.07,50.374],[32.074,50.3756],[32.074,50.376],[32.083,50.381],[32.076,50.393],[32.057,50.396],[32.046,50.401],[32.043,50.405],[32.022,50.458],[31.972,50.466],[31.962,50.485],[32.047,50.497],[32.062,50.54],[31.974,50.539],[31.951,50.543],[31.9246,50.5757],[31.912,50.596],[31.883,50.606],[31.868,50.617],[31.858,50.631],[31.858,50.6311],[31.847,50.628],[31.812,50.623],[31.784,50.605],[31.782,50.558],[31.684,50.562],[31.648,50.552],[31.631,50.52],[31.571,50.527],[31.494,50.522],[31.419,50.503],[31.399,50.522],[31.319,50.527],[31.254,50.542],[31.245,50.566],[31.187,50.574],[31.165,50.608],[31.222,50.608],[31.225,50.627],[31.205,50.636],[31.198,50.644],[31.201,50.655],[31.22,50.684],[31.19,50.702],[31.19,50.724],[31.164,50.724],[31.164,50.731],[31.1651,50.7321],[31.156,50.737],[31.148,50.737],[31.14,50.746],[31.121,50.749],[31.125,50.774],[31.076,50.78],[31.07,50.764],[31.031,50.76],[30.892,50.765],[30.876,50.746],[30.845,50.743],[30.774,50.775],[30.756,50.775],[30.7518,50.7738],[30.749,50.771],[30.75,50.768],[30.745,50.768],[30.746,50.765],[30.739,50.762],[30.741,50.758],[30.735,50.749],[30.676,50.689],[30.7,50.657],[30.674,50.654],[30.642,50.593],[30.594,50.567],[30.573,50.544],[30.535,50.548],[30.531,50.544],[30.5322,50.541],[30.533,50.539],[30.5326,50.5391],[30.534,50.537],[30.543,50.532],[30.544,50.529],[30.5408,50.5234]]]},"properties":{"id":"UA32060000000012455","name":"Броварський район","name_en":"Brovary Raion","oblast":"UA32"}},
{"type":"Feature","geometry":{"type":"Polygon","coordinates":[[[29.6923,50.3138],[29.702,50.312],[29.726,50.315],[29.762,50.344],[29.773,50.343],[29.788,50.319],[29.827,50.296],[29.911,50.298],[29.919,50.337],[29.973,50.345],[29.985,50.351],[29.986,50.371],[30,50.381],[29.983,50.388],[30.025,50.395],[30.034,50.376],[30.056,50.376],[30.066,50.363],[30.061,50.346],[30.078,50.327],[30.125,50.347],[30.147,50.336],[30.148,50.344],[30.16,50.348],[30.166,50.347],[30.168,50.34],[30.174,50.34],[30.2,50.331],[30.209,50.337],[30.236,50.32],[30.244,50.34],[30.274,50.354],[30.304,50.347],[30.334,50.373],[30.359,50.358],[30.37,50.353],[30.393,50.369],[30.417,50.369],[30.426,50.373],[30.4306,50.3712],[30.431,50.371],[30.4323,50.372],[30.444,50.381],[30.4429,50.3819],[30.4411,50.3833],[30.429,50.393],[30.423,50.394],[30.423,50.397],[30.4195,50.3982],[30.4176,50.3988],[30.393,50.407],[30.372,50.42],[30.359,50.446],[30.322,50.443],[30.28,50.448],[30.269,50.427],[30.247,50.439],[30.242,50.455],[30.271,50.503],[30.262,50.511],[30.267,50.517],[30.282,50.521],[30.29,50.525],[30.304,50.533],[30.305,50.545],[30.303,50.547],[30.3035,50.548],[30.304,50.549],[30.302,50.552],[30.312,50.554],[30.327,50.545],[30.334,50.551],[30.332,50.56],[30.326,50.566],[30.3143,50.5699],[30.3094,50.5693],[30.307,50.569],[30.282,50.598],[30.279,50.665],[30.298,50.672],[30.305,50.686],[30.27,50.701],[30.271,50.708],[30.22,50.715],[30.15,50.708],[30.06,50.712],[30.047,50.764],[29.973,50.775],[29.962,50.754],[29.909,50.753],[29.898,50.746],[29.885,50.769],[29.873,50.793],[29.822,50.775],[29.764,50.767],[29.652,50.762],[29.573,50.778],[29.574,50.774],[29.572,50.772],[29.571,50.7714],[29.571,50.77],[29.573,50.77],[29.573,50.766],[29.57,50.764],[29.576,50.759],[29.576,50.755],[29.583,50.748],[29.58,50.743],[29.5805,50.7408],[29.587,50.74],[29.59,50.733],[29.599,50.73],[29.587,50.708],[29.567,50.692],[29.55,50.692],[29.533,50.679],[29.524,50.661],[29.448,50.621],[29.498,50.593],[29.503,50.546],[29.462,50.517],[29.508,50.501],[29.512,50.47],[29.498,50.434],[29.479,50.414],[29.561,50.423],[29.591,50.401],[29.59,50.376],[29.63,50.374],[29.643,50.358],[29.627,50.331],[29.674,50.321],[29.693,50.324],[29.6925,50.3158],[29.6923,50.3138]]]},"properties":{"id":"UA32080000000084076","name":"Бучанський район","name_en":"Bucha district","oblast":"UA32"}},
{"type":"Feature","geometry":{"type":"Polygon","coordinates":[[[29.571,50.7714],[29.572,50.772],[29.574,50.774],[29.573,50.778],[29.652,50.762],[29.764,50.767],[29.822,50.775],[29.873,50.793],[29.885,50.769],[29.898,50.746],[29.909,50.753],[29.962,50.754],[29.973,50.775],[30.047,50.764],[30.06,50.712],[30.15,50.708],[30.22,50.715],[30.271,50.708],[30.27,50.701],[30.305,50.686],[30.298,50.672],[30.279,50.665],[30.282,50.598],[30.307,50.569],[30.3094,50.5693],[30.3143,50.5699],[30.339,50.573],[30.372,50.573],[30.372,50.585],[30.457,50.584],[30.464,50.571],[30.493,50.566],[30.501,50.551],[30.524,50.542],[30.526,50.54],[30.5326,50.5391],[30.533,50.539],[30.5322,50.541],[30.531,50.544],[30.535,50.548],[30.573,50.544],[30.594,50.567],[30.642,50.593],[30.674,50.654],[30.7,50.657],[30.676,50.689],[30.735,50.749],[30.741,50.758],[30.739,50.762],[30.746,50.765],[30.745,50.768],[30.75,50.768],[30.749,50.771],[30.7518,50.7738],[30.746,50.7721],[30.739,50.77],[30.734,50.784],[30.744,50.788],[30.743,50.805],[30.769,50.817],[30.776,50.832],[30.774,50.864],[30.714,50.898],[30.683,50.901],[30.644,50.963],[30.641,51.002],[30.602,51.009],[30.6,51.026],[30.499,51.018],[30.493,51.051],[30.508,51.077],[30.481,51.092],[30.486,51.095],[30.516,51.113],[30.497,51.128],[30.49,51.167],[30.53,51.202],[30.505,51.224],[30.505,51.229],[30.513,51.234],[30.533,51.237],[30.548,51.231],[30.56,51.239],[30.538,51.264],[30.5388,51.2641],[30.505,51.281],[30.455,51.274],[30.464,51.308],[30.424,51.307],[30.326,51.361],[30.359,51.379],[30.348,51.413],[30.299,51.458],[30.181,51.513],[30.163,51.49],[30.117,51.488],[30.027,51.504],[29.971,51.475],[29.922,51.489],[29.893,51.486],[29.881,51.447],[29.771,51.45],[29.739,51.475],[29.747,51.516],[29.716,51.531],[29.668,51.503],[29.633,51.507],[29.608,51.495],[29.605,51.472],[29.579,51.463],[29.543,51.484],[29.523,51.438],[29.493,51.398],[29.421,51.416],[29.382,51.403],[29.369,51.39],[29.358,51.386],[29.358,51.3859],[29.36,51.386],[29.36,51.377],[29.394,51.38],[29.397,51.327],[29.368,51.307],[29.355,51.273],[29.311,51.275],[29.269,51.263],[29.306,51.158],[29.35,51.161],[29.428,51.125],[29.459,51.09],[29.513,51.061],[29.477,51.031],[29.468,51.018],[29.47,51.01],[29.466,50.993],[29.468,50.987],[29.477,50.98],[29.462,50.981],[29.415,50.983],[29.413,50.95],[29.468,50.926],[29.472,50.904],[29.514,50.88],[29.522,50.867],[29.499,50.838],[29.515,50.794],[29.519,50.788],[29.511,50.783],[29.511,50.771],[29.544,50.777],[29.549,50.773],[29.562,50.771],[29.5692,50.7718],[29.571,50.772],[29.571,50.7714]]]},"properties":{"id":"UA32100000000065867","name":"Вишгородський район","name_en":"Vyshhorod Raion","oblast":"UA32"}},
{"type":"Feature","geometry":{"type":"Polygon","coordinates":[[[30.6493,50.2903],[30.644,50.289],[30.643,50.292],[30.63,50.298],[30.625,50.283],[30.61,50.282],[30.61,50.2799],[30.6096,50.2787],[30.61,50.2784],[30.61,50.274],[30.615,50.266],[30.625,50.262],[30.624,50.256],[30.632,50.251],[30.635,50.244],[30.644,50.24],[30.636,50.236],[30.642,50.227],[30.593,50.214],[30.588,50.244],[30.576,50.261],[30.534,50.295],[30.535,50.317],[30.498,50.333],[30.479,50.337],[30.478,50.341],[30.476,50.341],[30.474,50.341],[30.4737,50.3407],[30.472,50.339],[30.468,50.341],[30.457,50.341],[30.451,50.333],[30.436,50.335],[30.425,50.325],[30.403,50.319],[30.405,50.292],[30.375,50.267],[30.383,50.237],[30.398,50.221],[30.42,50.213],[30.386,50.195],[30.377,50.171],[30.348,50.178],[30.336,50.215],[30.319,50.22],[30.306,50.218],[30.289,50.191],[30.227,50.213],[30.234,50.201],[30.209,50.173],[30.233,50.161],[30.198,50.151],[30.221,50.13],[30.196,50.118],[30.196,50.1173],[30.198,50.118],[30.1989,50.1171],[30.203,50.113],[30.206,50.105],[30.219,50.104],[30.256,50.073],[30.301,50.015],[30.376,49.986],[30.441,49.993],[30.489,49.967],[30.493,49.937],[30.588,49.892],[30.571,49.867],[30.542,49.859],[30.543,49.827],[30.659,49.838],[30.719,49.826],[30.717,49.739],[30.723,49.709],[30.735,49.707],[30.747,49.691],[30.734,49.687],[30.731,49.656],[30.699,49.64],[30.737,49.626],[30.737,49.621],[30.731,49.616],[30.727,49.606],[30.699,49.598],[30.649,49.602],[30.661,49.582],[30.657,49.561],[30.687,49.542],[30.696,49.521],[30.717,49.504],[30.72,49.491],[30.737,49.488],[30.737,49.479],[30.752,49.468],[30.758,49.47],[30.792,49.459],[30.796,49.439],[30.825,49.441],[30.825,49.447],[30.834,49.442],[30.902,49.446],[30.913,49.441],[30.915,49.437],[30.925,49.437],[30.921,49.431],[30.9301,49.4192],[30.954,49.425],[30.993,49.423],[31.004,49.452],[31.029,49.473],[31.047,49.479],[31.06,49.479],[31.062,49.483],[31.0632,49.4832],[31.064,49.484],[31.067,49.484],[31.069,49.486],[31.086,49.492],[31.09,49.511],[31.103,49.532],[31.096,49.543],[31.108,49.558],[31.154,49.63],[31.201,49.675],[31.195,49.701],[31.211,49.731],[31.215,49.776],[31.189,49.789],[31.22,49.832],[31.207,49.853],[31.31,49.893],[31.374,49.899],[31.379,49.907],[31.36,49.925],[31.333,49.935],[31.334,49.955],[31.311,49.962],[31.301,49.96],[31.288,49.951],[31.2863,49.9527],[31.283,49.951],[31.275,49.941],[31.257,49.935],[31.177,49.95],[31.186,49.967],[31.118,49.985],[31.063,49.984],[30.966,50.048],[30.96,50.073],[30.925,50.085],[30.922,50.105],[30.893,50.131],[30.8,50.163],[30.763,50.18],[30.714,50.22],[30.715,50.249],[30.659,50.263],[30.67,50.28],[30.6503,50.2898],[30.6493,50.2903]]]},"properties":{"id":"UA32120000000081110","name":"Обухівський район","name_en":"Obukhiv Raion","oblast":"UA32"}},
{"type":"Feature","geometry":{"type":"Polygon","coordinates":[[[29.649,49.8789],[29.649,49.879],[29.662,49.888],[29.699,49.907],[29.732,49.883],[29.786,49.901],[29.851,49.872],[29.869,49.893],[29.89,49.899],[29.944,49.933],[29.967,49.94],[29.982,49.953],[29.964,49.956],[29.957,49.962],[29.936,50.001],[29.918,50.002],[29.922,50.013],[29.914,50.046],[29.952,50.056],[29.999,50.033],[30.094,50.014],[30.096,50.078],[30.131,50.103],[30.147,50.107],[30.18,50.107],[30.179,50.111],[30.196,50.1173],[30.196,50.118],[30.221,50.13],[30.198,50.151],[30.233,50.161],[30.209,50.173],[30.234,50.201],[30.227,50.213],[30.289,50.191],[30.306,50.218],[30.319,50.22],[30.336,50.215],[30.348,50.178],[30.377,50.171],[30.386,50.195],[30.42,50.213],[30.398,50.221],[30.383,50.237],[30.375,50.267],[30.405,50.292],[30.403,50.319],[30.425,50.325],[30.436,50.335],[30.451,50.333],[30.457,50.341],[30.468,50.341],[30.472,50.339],[30.4737,50.3407],[30.474,50.341],[30.476,50.341],[30.4725,50.351],[30.469,50.361],[30.452,50.356],[30.442,50.357],[30.437,50.361],[30.439,50.367],[30.4323,50.372],[30.431,50.371],[30.4306,50.3712],[30.426,50.373],[30.417,50.369],[30.393,50.369],[30.37,50.353],[30.359,50.358],[30.334,50.373],[30.304,50.347],[30.274,50.354],[30.244,50.34],[30.236,50.32],[30.209,50.337],[30.2,50.331],[30.174,50.34],[30.168,50.34],[30.166,50.347],[30.16,50.348],[30.148,50.344],[30.147,50.336],[30.125,50.347],[30.078,50.327],[30.061,50.346],[30.066,50.363],[30.056,50.376],[30.034,50.376],[30.025,50.395],[29.983,50.388],[30,50.381],[29.986,50.371],[29.985,50.351],[29.973,50.345],[29.919,50.337],[29.911,50.298],[29.827,50.296],[29.788,50.319],[29.773,50.343],[29.762,50.344],[29.726,50.315],[29.702,50.312],[29.6923,50.3138],[29.692,50.309],[29.683,50.31],[29.677,50.297],[29.69,50.277],[29.689,50.227],[29.645,50.18],[29.693,50.152],[29.689,50.143],[29.66,50.127],[29.649,50.106],[29.698,50.069],[29.696,50.043],[29.674,50.032],[29.68,50.027],[29.682,50.015],[29.692,50.005],[29.697,49.992],[29.718,49.98],[29.713,49.972],[29.733,49.962],[29.723,49.959],[29.736,49.943],[29.729,49.932],[29.643,49.897],[29.633,49.878],[29.649,49.8789]]]},"properties":{"id":"UA32140000000020217","name":"Фастівський район","name_en":"Fastiv Raion","oblast":"UA32"}},
{"type":"Feature","geometry":{"type":"Polygon","coordinates":[[[29.7817,48.2097],[29.785,48.209],[29.786,48.205],[29.793,48.202],[29.812,48.209],[29.841,48.214],[29.891,48.187],[29.93,48.234],[30.01,48.21],[30.001,48.196],[30.002,48.186],[30.01,48.183],[30.022,48.187],[30.033,48.18],[30.05,48.151],[30.063,48.153],[30.065,48.148],[30.08,48.148],[30.094,48.143],[30.165,48.146],[30.19,48.156],[30.24,48.142],[30.253,48.144],[30.26,48.149],[30.27,48.148],[30.309,48.144],[30.3099,48.1408],[30.318,48.14],[30.328,48.16],[30.368,48.174],[30.39,48.165],[30.427,48.164],[30.435,48.172],[30.471,48.162],[30.489,48.169],[30.5,48.168],[30.505,48.157],[30.526,48.178],[30.555,48.155],[30.619,48.155],[30.624,48.166],[30.657,48.171],[30.649,48.184],[30.785,48.19],[30.792,48.167],[30.848,48.183],[30.854,48.16],[30.931,48.165],[30.932,48.183],[30.99,48.183],[30.982,48.221],[31.052,48.231],[31.055,48.219],[31.092,48.223],[31.0919,48.2232],[31.09,48.223],[31.0896,48.2246],[31.086,48.238],[31.103,48.24],[31.09,48.268],[31.117,48.271],[31.125,48.301],[31.021,48.293],[31.02,48.348],[30.999,48.379],[30.97,48.386],[30.851,48.375],[30.824,48.413],[30.847,48.465],[30.881,48.494],[30.883,48.523],[30.93,48.523],[30.921,48.554],[30.983,48.555],[30.982,48.604],[31.064,48.605],[31.101,48.613],[31.108,48.593],[31.199,48.602],[31.145,48.672],[31.181,48.699],[31.234,48.715],[31.252,48.742],[31.26,48.744],[31.2616,48.7471],[31.261,48.747],[31.255,48.751],[31.249,48.766],[31.216,48.757],[31.175,48.761],[31.158,48.742],[31.119,48.728],[31.068,48.736],[31.056,48.755],[31.02,48.761],[31.001,48.756],[30.993,48.763],[30.946,48.758],[30.902,48.761],[30.898,48.745],[30.829,48.75],[30.754,48.769],[30.698,48.766],[30.638,48.751],[30.61,48.718],[30.602,48.72],[30.591,48.719],[30.588,48.722],[30.5781,48.7205],[30.586,48.715],[30.602,48.7],[30.612,48.699],[30.599,48.662],[30.552,48.653],[30.531,48.628],[30.572,48.606],[30.566,48.566],[30.473,48.567],[30.453,48.582],[30.403,48.573],[30.387,48.526],[30.326,48.521],[30.256,48.505],[30.257,48.488],[30.221,48.479],[30.163,48.502],[30.146,48.472],[30.131,48.469],[30.131,48.462],[30.122,48.462],[30.122,48.453],[30.109,48.451],[30.086,48.457],[30.05,48.482],[30.001,48.477],[30.003,48.471],[29.9686,48.4718],[29.969,48.471],[29.958,48.45],[29.924,48.442],[29.788,48.369],[29.801,48.365],[29.812,48.348],[29.805,48.331],[29.785,48.329],[29.783,48.314],[29.765,48.299],[29.751,48.298],[29.75,48.29],[29.756,48.29],[29.755,48.284],[29.76,48.282],[29.761,48.278],[29.773,48.273],[29.772,48.268],[29.783,48.241],[29.773,48.224],[29.78,48.214],[29.7817,48.2097]]]},"properties":{"id":"UA35020000000074289","name":"Голованівський район","name_en":"Holovanivsk Raion","oblast":"UA35"}},
{"type":"Feature","geometry":{"type":"Polygon","coordinates":[[[32.011,48.133],[32.008,48.13],[31.98,48.126],[31.975,48.14],[31.914,48.139],[31.854,48.109],[31.822,48.116],[31.765,48.108],[31.7663,48.1028],[31.7669,48.1009],[31.782,48.043],[31.728,48.036],[31.752,47.943],[31.767,47.944],[31.772,47.951],[31.78,47.956],[31.788,47.954],[31.802,47.956],[31.802,47.96],[31.827,47.96],[31.843,47.963],[31.854,47.915],[31.875,47.911],[31.884,47.894],[31.884,47.878],[31.889,47.867],[31.856,47.865],[31.868,47.823],[31.826,47.817],[31.837,47.782],[31.964,47.798],[31.961,47.809],[32.054,47.816],[32.076,47.805],[32.089,47.781],[32.109,47.783],[32.116,47.755],[32.138,47.748],[32.154,47.755],[32.161,47.75],[32.2076,47.7559],[32.2095,47.7561],[32.232,47.759],[32.224,47.791],[32.238,47.814],[32.302,47.823],[32.356,47.79],[32.369,47.789],[32.37,47.794],[32.387,47.798],[32.404,47.794],[32.422,47.801],[32.427,47.789],[32.435,47.789],[32.625,47.812],[32.659,47.819],[32.687,47.873],[32.678,47.908],[32.653,47.921],[32.747,47.932],[32.738,47.953],[32.698,47.948],[32.69,47.981],[32.79,47.993],[32.801,47.974],[32.895,47.985],[32.889,48.018],[32.945,48.041],[32.989,48.047],[32.999,48.01],[32.999,48.002],[33.003,47.989],[33.0034,47.9889],[33.0059,47.9882],[33.021,47.984],[33.038,48.033],[33.109,48.041],[33.108,48.06],[33.142,48.063],[33.147,48.041],[33.155,48.042],[33.151,48.065],[33.154,48.083],[33.226,48.091],[33.233,48.126],[33.215,48.162],[33.2148,48.162],[33.2136,48.1619],[33.184,48.159],[33.166,48.144],[33.146,48.153],[33.14,48.182],[33.156,48.183],[33.157,48.19],[33.148,48.227],[33.155,48.231],[33.143,48.253],[33.138,48.279],[33.111,48.293],[33.105,48.324],[33.054,48.319],[33.043,48.37],[33.072,48.37],[33.084,48.403],[33.079,48.432],[33.107,48.436],[33.092,48.465],[33.052,48.463],[33.047,48.509],[33.012,48.506],[33.016,48.483],[32.911,48.475],[32.913,48.462],[32.843,48.433],[32.786,48.453],[32.79,48.474],[32.777,48.545],[32.76,48.545],[32.785,48.599],[32.804,48.613],[32.857,48.615],[32.854,48.631],[32.859,48.636],[32.853,48.639],[32.85,48.629],[32.824,48.622],[32.797,48.629],[32.793,48.645],[32.768,48.651],[32.769,48.663],[32.765,48.686],[32.809,48.688],[32.785,48.8],[32.855,48.806],[32.887,48.815],[32.873,48.883],[32.831,48.899],[32.779,48.892],[32.773,48.917],[32.775,48.924],[32.766,48.932],[32.74,48.944],[32.7348,48.964],[32.7343,48.9661],[32.732,48.975],[32.723,48.978],[32.699,48.975],[32.669,48.982],[32.673,48.97],[32.673,48.965],[32.676,48.961],[32.666,48.96],[32.653,48.954],[32.603,48.963],[32.579,48.952],[32.555,48.964],[32.538,48.968],[32.539,48.952],[32.511,48.96],[32.516,48.979],[32.512,48.985],[32.503,48.988],[32.505,48.994],[32.501,48.997],[32.499,49.013],[32.477,49.007],[32.445,49.048],[32.399,49.027],[32.372,49.038],[32.366,49.073],[32.35,49.08],[32.266,49.083],[32.258,49.078],[32.252,49.059],[32.243,49.063],[32.233,49.06],[32.235,49.052],[32.217,48.988],[32.134,48.967],[32.134,48.955],[32.13,48.951],[32.147,48.949],[32.151,48.946],[32.151,48.917],[32.11,48.913],[32.08,48.922],[32.049,48.918],[32.026,48.932],[32.006,48.914],[31.945,48.907],[31.921,48.881],[31.9131,48.8871],[31.912,48.888],[31.911,48.8864],[31.905,48.877],[31.929,48.842],[31.899,48.813],[32.016,48.798],[32.054,48.724],[32.072,48.713],[32.014,48.7],[32.017,48.693],[31.959,48.689],[31.942,48.694],[31.956,48.667],[31.94,48.655],[31.954,48.645],[31.971,48.605],[31.914,48.58],[31.942,48.562],[31.943,48.541],[31.925,48.543],[31.92,48.538],[31.906,48.543],[31.898,48.543],[31.871,48.53],[31.87,48.497],[31.846,48.476],[31.88,48.468],[31.885,48.438],[31.918,48.44],[31.925,48.367],[31.943,48.337],[31.929,48.315],[31.932,48.28],[31.911,48.274],[31.922,48.242],[31.945,48.218],[31.951,48.162],[32.007,48.149],[32.011,48.133]]]},"properties":{"id":"UA35040000000034705","name":"Кропивницький район","name_en":"Kropyvnytskyi Raion","oblast":"UA35"}},
{"type":"Feature","geometry":{"type":"Polygon","coordinates":[[[31.266,48.7488],[31.265,48.748],[31.2616,48.7471],[31.26,48.744],[31.252,48.742],[31.234,48.715],[31.181,48.699],[31.145,48.672],[31.199,48.602],[31.108,48.593],[31.101,48.613],[31.064,48.605],[30.982,48.604],[30.983,48.555],[30.921,48.554],[30.93,48.523],[30.883,48.523],[30.881,48.494],[30.847,48.465],[30.824,48.413],[30.851,48.375],[30.97,48.386],[30.999,48.379],[31.02,48.348],[31.021,48.293],[31.125,48.301],[31.117,48.271],[31.09,48.268],[31.103,48.24],[31.086,48.238],[31.0896,48.2246],[31.09,48.223],[31.0919,48.2232],[31.137,48.228],[31.163,48.222],[31.184,48.203],[31.181,48.178],[31.22,48.17],[31.236,48.116],[31.324,48.137],[31.329,48.113],[31.368,48.118],[31.395,48.107],[31.4034,48.1083],[31.4031,48.1098],[31.403,48.11],[31.417,48.122],[31.487,48.131],[31.5,48.087],[31.471,48.064],[31.55,48.071],[31.54,48.109],[31.583,48.106],[31.582,48.13],[31.635,48.136],[31.643,48.116],[31.675,48.121],[31.685,48.121],[31.688,48.117],[31.695,48.094],[31.725,48.099],[31.7663,48.1028],[31.765,48.108],[31.822,48.116],[31.854,48.109],[31.914,48.139],[31.975,48.14],[31.98,48.126],[32.008,48.13],[32.011,48.133],[32.007,48.149],[31.951,48.162],[31.945,48.218],[31.922,48.242],[31.911,48.274],[31.932,48.28],[31.929,48.315],[31.943,48.337],[31.925,48.367],[31.918,48.44],[31.885,48.438],[31.88,48.468],[31.846,48.476],[31.87,48.497],[31.871,48.53],[31.898,48.543],[31.906,48.543],[31.92,48.538],[31.925,48.543],[31.943,48.541],[31.942,48.562],[31.914,48.58],[31.971,48.605],[31.954,48.645],[31.94,48.655],[31.956,48.667],[31.942,48.694],[31.959,48.689],[32.017,48.693],[32.014,48.7],[32.072,48.713],[32.054,48.724],[32.016,48.798],[31.899,48.813],[31.929,48.842],[31.905,48.877],[31.911,48.8864],[31.911,48.888],[31.917,48.896],[31.917,48.906],[31.874,48.918],[31.839,48.935],[31.823,48.935],[31.807,48.944],[31.796,48.938],[31.77,48.934],[31.769,48.933],[31.758,48.93],[31.752,48.925],[31.725,48.933],[31.699,48.93],[31.7,48.917],[31.69,48.895],[31.681,48.9],[31.64,48.899],[31.621,48.905],[31.583,48.876],[31.529,48.803],[31.468,48.788],[31.425,48.764],[31.437,48.753],[31.425,48.742],[31.414,48.745],[31.385,48.727],[31.335,48.725],[31.318,48.73],[31.309,48.758],[31.285,48.757],[31.278,48.752],[31.27,48.752],[31.266,48.7488]]]},"properties":{"id":"UA35060000000086172","name":"Новоукраїнський район","name_en":"Novoukrainka Raion","oblast":"UA35"}},
{"type":"Feature","geometry":{"type":"Polygon","coordinates":[[[33.5459,48.2375],[33.541,48.253],[33.536,48.253],[33.531,48.276],[33.511,48.295],[33.519,48.329],[33.474,48.331],[33.479,48.35],[33.461,48.356],[33.469,48.371],[33.469,48.387],[33.488,48.406],[33.49,48.441],[33.471,48.533],[33.483,48.557],[33.511,48.567],[33.584,48.575],[33.624,48.566],[33.61,48.599],[33.649,48.599],[33.662,48.585],[33.701,48.605],[33.765,48.626],[33.757,48.657],[33.803,48.662],[33.806,48.689],[33.751,48.682],[33.682,48.724],[33.619,48.728],[33.609,48.752],[33.594,48.749],[33.583,48.765],[33.584,48.796],[33.617,48.787],[33.66,48.792],[33.72,48.809],[33.725,48.788],[33.794,48.793],[33.818,48.775],[33.852,48.77],[33.852,48.802],[33.862,48.835],[33.875,48.84],[33.8946,48.8998],[33.8933,48.9009],[33.891,48.903],[33.862,48.912],[33.829,48.933],[33.762,48.945],[33.722,48.939],[33.68,48.956],[33.665,48.977],[33.637,48.973],[33.61,48.938],[33.59,48.916],[33.576,48.91],[33.547,48.912],[33.537,48.93],[33.498,48.926],[33.475,48.951],[33.432,48.956],[33.4,48.952],[33.402,48.927],[33.323,48.962],[33.297,49.004],[33.325,49.023],[33.31,49.062],[33.287,49.083],[33.288,49.098],[33.303,49.118],[33.284,49.123],[33.272,49.134],[33.261,49.152],[33.249,49.148],[33.25,49.085],[33.199,49.073],[33.161,49.094],[33.157,49.129],[33.119,49.175],[33.102,49.184],[33.028,49.187],[32.987,49.206],[32.983,49.239],[32.937,49.229],[32.891,49.231],[32.874,49.239],[32.86,49.244],[32.841,49.226],[32.807,49.211],[32.776,49.186],[32.763,49.151],[32.782,49.142],[32.891,49.128],[32.897,49.094],[32.843,49.087],[32.83,49.076],[32.837,49.032],[32.844,49.029],[32.839,49.015],[32.858,48.999],[32.846,48.98],[32.798,48.97],[32.738,48.964],[32.7348,48.964],[32.74,48.944],[32.766,48.932],[32.775,48.924],[32.773,48.917],[32.779,48.892],[32.831,48.899],[32.873,48.883],[32.887,48.815],[32.855,48.806],[32.785,48.8],[32.809,48.688],[32.765,48.686],[32.769,48.663],[32.768,48.651],[32.793,48.645],[32.797,48.629],[32.824,48.622],[32.85,48.629],[32.853,48.639],[32.859,48.636],[32.854,48.631],[32.857,48.615],[32.804,48.613],[32.785,48.599],[32.76,48.545],[32.777,48.545],[32.79,48.474],[32.786,48.453],[32.843,48.433],[32.913,48.462],[32.911,48.475],[33.016,48.483],[33.012,48.506],[33.047,48.509],[33.052,48.463],[33.092,48.465],[33.107,48.436],[33.079,48.432],[33.084,48.403],[33.072,48.37],[33.043,48.37],[33.054,48.319],[33.105,48.324],[33.111,48.293],[33.138,48.279],[33.143,48.253],[33.155,48.231],[33.148,48.227],[33.157,48.19],[33.156,48.183],[33.14,48.182],[33.146,48.153],[33.166,48.144],[33.184,48.159],[33.2136,48.1619],[33.212,48.171],[33.243,48.174],[33.272,48.155],[33.278,48.104],[33.293,48.103],[33.306,48.127],[33.292,48.151],[33.315,48.159],[33.431,48.171],[33.43,48.19],[33.478,48.195],[33.484,48.215],[33.545,48.235],[33.545,48.237],[33.5459,48.2375]]]},"properties":{"id":"UA35080000000062763","name":"Олександрійський район","name_en":"Oleksandriia Raion","oblast":"UA35"}},
{"type":"Feature","geometry":{"type":"Polygon","coordinates":[[[38.5907,48.2397],[38.598,48.243],[38.622,48.25],[38.704,48.279],[38.797,48.301],[38.811,48.355],[38.835,48.373],[38.867,48.376],[38.891,48.394],[38.929,48.398],[38.9291,48.3973],[38.935,48.398],[38.94,48.415],[38.963,48.434],[38.957,48.464],[39.016,48.477],[39.036,48.491],[39.036,48.477],[39.052,48.472],[39.094,48.474],[39.064,48.512],[39.068,48.526],[39.083,48.54],[39.07,48.54],[39.063,48.545],[39.106,48.546],[39.107,48.551],[39.129,48.552],[39.116,48.563],[39.094,48.563],[39.102,48.581],[39.077,48.585],[39.055,48.59],[39.046,48.596],[39.069,48.617],[39.069,48.644],[39.074,48.649],[39.0729,48.6506],[39.069,48.649],[39.047,48.646],[39.038,48.647],[39.034,48.652],[39.015,48.657],[39.028,48.664],[39.021,48.671],[39.015,48.682],[39.016,48.695],[39.001,48.698],[38.999,48.724],[38.982,48.743],[38.97,48.743],[38.961,48.746],[38.961,48.736],[38.958,48.734],[38.933,48.736],[38.933,48.745],[38.917,48.743],[38.906,48.75],[38.9009,48.75],[38.898,48.745],[38.902,48.739],[38.884,48.693],[38.843,48.67],[38.757,48.703],[38.686,48.715],[38.678,48.752],[38.654,48.757],[38.604,48.758],[38.578,48.766],[38.56,48.778],[38.542,48.777],[38.529,48.772],[38.52,48.774],[38.522,48.763],[38.516,48.76],[38.531,48.688],[38.547,48.672],[38.478,48.67],[38.446,48.681],[38.419,48.678],[38.417,48.643],[38.45,48.651],[38.446,48.61],[38.398,48.58],[38.445,48.571],[38.46,48.531],[38.481,48.518],[38.452,48.472],[38.43,48.465],[38.436,48.452],[38.4343,48.4477],[38.435,48.444],[38.434,48.441],[38.436,48.438],[38.434,48.432],[38.44,48.42],[38.438,48.396],[38.488,48.361],[38.457,48.342],[38.435,48.339],[38.438,48.324],[38.436,48.315],[38.428,48.306],[38.435,48.296],[38.429,48.293],[38.429,48.279],[38.569,48.271],[38.589,48.259],[38.592,48.253],[38.589,48.243],[38.591,48.24],[38.5907,48.2397]]]},"properties":{"id":"UA44020000000082097","name":"Алчевський район","name_en":null,"oblast":"UA44"}},
{"type":"Feature","geometry":{"type":"Polygon","coordinates":[[[39.802,47.934],[39.823,47.95],[39.817,48.002],[39.79,48.016],[39.78,48.039],[39.884,48.04],[39.836,48.067],[39.87,48.079],[39.877,48.118],[39.908,48.148],[39.91,48.179],[39.938,48.18],[39.944,48.228],[40.003,48.222],[40.022,48.254],[39.992,48.318],[39.916,48.279],[39.888,48.31],[39.842,48.311],[39.842,48.328],[39.918,48.34],[39.937,48.357],[39.918,48.38],[39.912,48.422],[39.888,48.451],[39.847,48.474],[39.868,48.505],[39.856,48.562],[39.794,48.594],[39.753,48.583],[39.737,48.587],[39.713,48.586],[39.705,48.589],[39.6898,48.5876],[39.692,48.587],[39.692,48.585],[39.683,48.585],[39.672,48.588],[39.634,48.58],[39.62,48.581],[39.6122,48.5732],[39.61,48.568],[39.61,48.559],[39.621,48.494],[39.634,48.463],[39.602,48.452],[39.62,48.385],[39.688,48.369],[39.687,48.341],[39.706,48.306],[39.666,48.278],[39.652,48.251],[39.603,48.235],[39.59,48.201],[39.532,48.203],[39.488,48.219],[39.468,48.203],[39.45,48.201],[39.429,48.207],[39.42,48.173],[39.397,48.181],[39.39,48.1817],[39.3879,48.1819],[39.387,48.162],[39.367,48.136],[39.414,48.132],[39.424,48.068],[39.443,48.049],[39.463,48.045],[39.457,48.031],[39.446,48.034],[39.413,48.019],[39.392,48.013],[39.384,47.991],[39.392,47.971],[39.435,47.937],[39.495,47.9],[39.445,47.901],[39.425,47.887],[39.43,47.856],[39.436,47.854],[39.442,47.8547],[39.445,47.855],[39.459,47.854],[39.478,47.859],[39.52,47.824],[39.565,47.835],[39.623,47.835],[39.739,47.827],[39.764,47.87],[39.796,47.87],[39.802,47.934]]]},"properties":{"id":"UA44040000000032820","name":"Довжанський район","name_en":null,"oblast":"UA44"}},
{"type":"Feature","geometry":{"type":"Polygon","coordinates":[[[38.9291,48.3973],[38.927,48.397],[38.927,48.3952],[38.927,48.387],[38.914,48.387],[38.915,48.358],[38.96,48.363],[39.002,48.352],[39.04,48.352],[39.051,48.29],[39.077,48.285],[39.147,48.292],[39.205,48.229],[39.263,48.21],[39.317,48.218],[39.354,48.235],[39.364,48.194],[39.387,48.182],[39.3879,48.1819],[39.39,48.1817],[39.397,48.181],[39.42,48.173],[39.429,48.207],[39.45,48.201],[39.468,48.203],[39.488,48.219],[39.532,48.203],[39.59,48.201],[39.603,48.235],[39.652,48.251],[39.666,48.278],[39.706,48.306],[39.687,48.341],[39.688,48.369],[39.62,48.385],[39.602,48.452],[39.634,48.463],[39.621,48.494],[39.61,48.559],[39.61,48.568],[39.6122,48.5732],[39.612,48.573],[39.6098,48.5733],[39.596,48.575],[39.593,48.592],[39.577,48.583],[39.55,48.587],[39.531,48.584],[39.523,48.602],[39.528,48.611],[39.512,48.622],[39.516,48.633],[39.499,48.633],[39.484,48.628],[39.468,48.627],[39.454,48.639],[39.452,48.655],[39.409,48.659],[39.406,48.674],[39.39,48.679],[39.355,48.699],[39.347,48.713],[39.36,48.736],[39.349,48.744],[39.34,48.766],[39.31,48.774],[39.27,48.752],[39.251,48.714],[39.231,48.711],[39.162,48.675],[39.104,48.65],[39.074,48.651],[39.0729,48.6506],[39.074,48.649],[39.069,48.644],[39.069,48.617],[39.046,48.596],[39.055,48.59],[39.077,48.585],[39.102,48.581],[39.094,48.563],[39.116,48.563],[39.129,48.552],[39.107,48.551],[39.106,48.546],[39.063,48.545],[39.07,48.54],[39.083,48.54],[39.068,48.526],[39.064,48.512],[39.094,48.474],[39.052,48.472],[39.036,48.477],[39.036,48.491],[39.016,48.477],[38.957,48.464],[38.963,48.434],[38.94,48.415],[38.935,48.398],[38.9291,48.3973]]]},"properties":{"id":"UA44060000000048093","name":"Луганський район","name_en":null,"oblast":"UA44"}},
{"type":"Feature","geometry":{"type":"Polygon","coordinates":[[[39.075,47.869],[39.082,47.869],[39.082,47.851],[39.15,47.841],[39.181,47.853],[39.237,47.853],[39.241,47.866],[39.352,47.866],[39.387,47.87],[39.412,47.829],[39.426,47.836],[39.442,47.854],[39.442,47.8547],[39.436,47.854],[39.43,47.856],[39.425,47.887],[39.445,47.901],[39.495,47.9],[39.435,47.937],[39.392,47.971],[39.384,47.991],[39.392,48.013],[39.413,48.019],[39.446,48.034],[39.457,48.031],[39.463,48.045],[39.443,48.049],[39.424,48.068],[39.414,48.132],[39.367,48.136],[39.387,48.162],[39.3879,48.1819],[39.387,48.182],[39.364,48.194],[39.354,48.235],[39.317,48.218],[39.263,48.21],[39.205,48.229],[39.147,48.292],[39.077,48.285],[39.051,48.29],[39.04,48.352],[39.002,48.352],[38.96,48.363],[38.915,48.358],[38.914,48.387],[38.927,48.387],[38.927,48.3952],[38.927,48.397],[38.9291,48.3973],[38.929,48.398],[38.891,48.394],[38.867,48.376],[38.835,48.373],[38.811,48.355],[38.797,48.301],[38.704,48.279],[38.622,48.25],[38.598,48.243],[38.5907,48.2397],[38.589,48.238],[38.589,48.2377],[38.589,48.236],[38.591,48.236],[38.59,48.228],[38.599,48.215],[38.614,48.205],[38.603,48.173],[38.665,48.151],[38.768,48.133],[38.821,48.117],[38.808,48.089],[38.818,48.084],[38.807,48.07],[38.829,48.066],[38.823,48.056],[38.826,48.031],[38.862,48.016],[39.041,48.008],[39.04,47.957],[39.075,47.954],[39.092,47.939],[39.066,47.896],[39.075,47.869]]]},"properties":{"id":"UA44080000000045512","name":"Ровеньківський район","name_en":null,"oblast":"UA44"}},
{"type":"Feature","geometry":{"type":"Polygon","coordinates":[[[38.045,49.151],[38.055,49.177],[38.096,49.192],[38.148,49.196],[38.195,49.174],[38.302,49.185],[38.374,49.183],[38.383,49.208],[38.357,49.208],[38.361,49.261],[38.398,49.267],[38.425,49.281],[38.442,49.296],[38.476,49.298],[38.476,49.283],[38.4774,49.2831],[38.503,49.284],[38.512,49.286],[38.536,49.286],[38.56,49.294],[38.584,49.343],[38.624,49.357],[38.619,49.388],[38.589,49.395],[38.583,49.4],[38.59,49.417],[38.608,49.419],[38.637,49.436],[38.673,49.427],[38.684,49.394],[38.679,49.372],[38.769,49.357],[38.82,49.374],[38.853,49.38],[38.89,49.379],[38.893,49.415],[38.863,49.428],[38.869,49.45],[38.901,49.471],[38.917,49.506],[38.917,49.533],[38.898,49.556],[38.895,49.585],[38.909,49.625],[38.955,49.672],[38.939,49.691],[38.888,49.718],[38.817,49.706],[38.777,49.712],[38.799,49.763],[38.794,49.778],[38.889,49.82],[38.9118,49.8183],[38.9122,49.8183],[38.913,49.8182],[38.913,49.819],[38.91,49.82],[38.914,49.828],[38.919,49.857],[38.897,49.872],[38.842,49.867],[38.825,49.88],[38.781,49.883],[38.734,49.906],[38.725,49.928],[38.693,49.937],[38.68,49.975],[38.647,49.957],[38.617,49.976],[38.585,49.979],[38.53,49.96],[38.489,49.965],[38.47,49.996],[38.433,50.002],[38.415,49.983],[38.352,50.007],[38.353,50.034],[38.33,50.086],[38.277,50.075],[38.178,50.081],[38.185,50.022],[38.22,49.98],[38.169,49.942],[38.123,49.943],[38.058,49.925],[38.045,49.916],[38.0329,49.9013],[38.031,49.899],[38.045,49.882],[38.092,49.846],[38.074,49.837],[38.017,49.838],[38.009,49.812],[38.052,49.784],[38.009,49.766],[37.999,49.754],[37.985,49.755],[37.976,49.769],[37.965,49.757],[37.95,49.732],[37.959,49.717],[37.975,49.707],[37.991,49.715],[37.998,49.7],[38.032,49.658],[37.995,49.649],[37.986,49.643],[37.974,49.613],[37.943,49.612],[37.941,49.595],[37.933,49.595],[37.937,49.582],[37.9,49.575],[37.885,49.549],[37.886,49.52],[37.846,49.522],[37.841,49.508],[37.8428,49.5025],[37.8443,49.5035],[37.845,49.504],[37.846,49.499],[37.838,49.493],[37.852,49.488],[37.845,49.446],[37.876,49.448],[37.879,49.418],[37.897,49.404],[37.897,49.397],[37.886,49.351],[37.887,49.341],[37.878,49.329],[37.884,49.314],[37.949,49.305],[37.959,49.284],[37.914,49.277],[37.913,49.26],[37.868,49.246],[37.873,49.239],[37.8743,49.235],[37.875,49.233],[37.8729,49.2328],[37.872,49.223],[37.889,49.211],[37.939,49.215],[37.933,49.214],[37.924,49.208],[37.922,49.205],[37.933,49.192],[37.892,49.176],[37.892,49.16],[37.926,49.143],[37.979,49.13],[38.041,49.126],[38.042,49.141],[38.0446,49.1496],[38.045,49.151]]]},"properties":{"id":"UA44100000000052765","name":"Сватівський район","name_en":"Svatove Raion","oblast":"UA44"}},
{"type":"Feature","geometry":{"type":"Polygon","coordinates":[[[38.8989,48.75],[38.88,48.75],[38.863,48.751],[38.86,48.749],[38.798,48.751],[38.789,48.764],[38.767,48.769],[38.757,48.762],[38.738,48.766],[38.728,48.76],[38.703,48.758],[38.682,48.76],[38.658,48.769],[38.67,48.806],[38.662,48.81],[38.671,48.813],[38.675,48.82],[38.672,48.826],[38.68,48.829],[38.691,48.837],[38.663,48.848],[38.659,48.858],[38.67,48.862],[38.683,48.86],[38.694,48.867],[38.718,48.873],[38.696,48.884],[38.762,48.927],[38.822,48.974],[38.82,49.005],[38.8,49.006],[38.82,49.02],[38.817,49.046],[38.8167,49.0541],[38.747,49.056],[38.716,49.042],[38.691,49.067],[38.696,49.089],[38.688,49.16],[38.613,49.177],[38.625,49.196],[38.503,49.204],[38.512,49.222],[38.474,49.247],[38.485,49.256],[38.484,49.269],[38.475,49.27],[38.476,49.283],[38.476,49.298],[38.442,49.296],[38.425,49.281],[38.398,49.267],[38.361,49.261],[38.357,49.208],[38.383,49.208],[38.374,49.183],[38.302,49.185],[38.195,49.174],[38.148,49.196],[38.096,49.192],[38.055,49.177],[38.045,49.151],[38.052,49.151],[38.064,49.148],[38.083,49.148],[38.063,49.062],[38.099,49],[38.1,48.992],[38.077,48.991],[38.053,48.985],[38.029,48.973],[38.007,48.947],[38.022,48.934],[38.037,48.936],[38.036,48.933],[38.038,48.931],[38.037,48.929],[38.033,48.928],[38.0376,48.9262],[38.038,48.926],[38.038,48.924],[38.039,48.924],[38.045,48.934],[38.054,48.939],[38.065,48.936],[38.091,48.939],[38.117,48.926],[38.199,48.927],[38.227,48.935],[38.228,48.859],[38.271,48.824],[38.313,48.827],[38.317,48.807],[38.278,48.804],[38.282,48.774],[38.262,48.75],[38.283,48.736],[38.319,48.733],[38.324,48.715],[38.307,48.683],[38.264,48.658],[38.225,48.654],[38.228,48.633],[38.263,48.636],[38.278,48.548],[38.275,48.54],[38.284,48.536],[38.318,48.509],[38.305,48.496],[38.292,48.497],[38.292,48.489],[38.301,48.488],[38.31,48.455],[38.344,48.436],[38.372,48.442],[38.383,48.428],[38.3929,48.4305],[38.3948,48.431],[38.403,48.433],[38.402,48.439],[38.433,48.4468],[38.434,48.447],[38.4343,48.4477],[38.436,48.452],[38.43,48.465],[38.452,48.472],[38.481,48.518],[38.46,48.531],[38.445,48.571],[38.398,48.58],[38.446,48.61],[38.45,48.651],[38.417,48.643],[38.419,48.678],[38.446,48.681],[38.478,48.67],[38.547,48.672],[38.531,48.688],[38.516,48.76],[38.522,48.763],[38.52,48.774],[38.529,48.772],[38.542,48.777],[38.56,48.778],[38.578,48.766],[38.604,48.758],[38.654,48.757],[38.678,48.752],[38.686,48.715],[38.757,48.703],[38.843,48.67],[38.884,48.693],[38.902,48.739],[38.898,48.745],[38.9009,48.75],[38.8989,48.75]]]},"properties":{"id":"UA44120000000092852","name":"Сіверськодонецький район","name_en":"Siverskodonetsk Raion","oblast":"UA44"}},
{"type":"Feature","geometry":{"type":"Polygon","coordinates":[[[38.913,49.8182],[38.9122,49.8183],[38.9118,49.8183],[38.889,49.82],[38.794,49.778],[38.799,49.763],[38.777,49.712],[38.817,49.706],[38.888,49.718],[38.939,49.691],[38.955,49.672],[38.909,49.625],[38.895,49.585],[38.898,49.556],[38.917,49.533],[38.917,49.506],[38.901,49.471],[38.869,49.45],[38.863,49.428],[38.893,49.415],[38.89,49.379],[38.853,49.38],[38.82,49.374],[38.769,49.357],[38.679,49.372],[38.684,49.394],[38.673,49.427],[38.637,49.436],[38.608,49.419],[38.59,49.417],[38.583,49.4],[38.589,49.395],[38.619,49.388],[38.624,49.357],[38.584,49.343],[38.56,49.294],[38.536,49.286],[38.512,49.286],[38.503,49.284],[38.4774,49.2831],[38.476,49.283],[38.475,49.27],[38.484,49.269],[38.485,49.256],[38.474,49.247],[38.512,49.222],[38.503,49.204],[38.625,49.196],[38.613,49.177],[38.688,49.16],[38.696,49.089],[38.691,49.067],[38.716,49.042],[38.747,49.056],[38.8167,49.0541],[38.819,49.054],[38.8189,49.056],[38.817,49.093],[38.879,49.121],[39.139,49.097],[39.144,49.127],[39.189,49.116],[39.226,49.111],[39.23,49.102],[39.244,49.093],[39.275,49.088],[39.306,49.099],[39.413,49.058],[39.435,49.078],[39.466,49.086],[39.504,49.088],[39.494,49.078],[39.501,49.072],[39.533,49.016],[39.535,48.991],[39.585,48.976],[39.626,49.003],[39.649,48.982],[39.658,48.983],[39.677,48.991],[39.666,49.001],[39.671,49.002],[39.674,49.04],[39.693,49.05],[39.768,49.039],[39.802,49.058],[39.883,49.063],[39.938,49.055],[39.94,49.083],[39.972,49.123],[40.031,49.179],[40.079,49.186],[40.138,49.239],[40.206,49.24],[40.229,49.26],[40.187,49.282],[40.184,49.304],[40.201,49.347],[40.157,49.372],[40.115,49.387],[40.079,49.411],[40.031,49.455],[40.04,49.52],[40.171,49.568],[40.14,49.597],[40.137,49.618],[40.065,49.6],[40.058,49.608],[39.951,49.599],[39.933,49.574],[39.896,49.561],[39.834,49.565],[39.807,49.559],[39.75,49.599],[39.66,49.616],[39.64,49.635],[39.614,49.693],[39.593,49.718],[39.611,49.735],[39.532,49.742],[39.483,49.757],[39.433,49.761],[39.379,49.74],[39.286,49.756],[39.252,49.777],[39.229,49.807],[39.227,49.841],[39.18,49.89],[39.13,49.862],[39.108,49.837],[39.067,49.817],[39.03,49.824],[38.952,49.799],[38.921,49.806],[38.916,49.818],[38.913,49.8182]]]},"properties":{"id":"UA44140000000031142","name":"Старобільський район","name_en":"Starobilsk Raion","oblast":"UA44"}},
{"type":"Feature","geometry":{"type":"Polygon","coordinates":[[[38.8989,48.75],[38.9009,48.75],[38.906,48.75],[38.917,48.743],[38.933,48.745],[38.933,48.736],[38.958,48.734],[38.961,48.736],[38.961,48.746],[38.97,48.743],[38.982,48.743],[38.999,48.724],[39.001,48.698],[39.016,48.695],[39.015,48.682],[39.021,48.671],[39.028,48.664],[39.015,48.657],[39.034,48.652],[39.038,48.647],[39.047,48.646],[39.069,48.649],[39.0729,48.6506],[39.074,48.651],[39.104,48.65],[39.162,48.675],[39.231,48.711],[39.251,48.714],[39.27,48.752],[39.31,48.774],[39.34,48.766],[39.349,48.744],[39.36,48.736],[39.347,48.713],[39.355,48.699],[39.39,48.679],[39.406,48.674],[39.409,48.659],[39.452,48.655],[39.454,48.639],[39.468,48.627],[39.484,48.628],[39.499,48.633],[39.516,48.633],[39.512,48.622],[39.528,48.611],[39.523,48.602],[39.531,48.584],[39.55,48.587],[39.577,48.583],[39.593,48.592],[39.596,48.575],[39.6098,48.5733],[39.612,48.573],[39.6122,48.5732],[39.62,48.581],[39.634,48.58],[39.672,48.588],[39.683,48.585],[39.692,48.585],[39.692,48.587],[39.6898,48.5876],[39.688,48.588],[39.685,48.591],[39.662,48.61],[39.717,48.654],[39.721,48.696],[39.711,48.724],[39.739,48.766],[39.77,48.766],[39.797,48.84],[39.885,48.821],[39.949,48.795],[39.976,48.792],[40.067,48.859],[40.06,48.904],[40.028,48.916],[40.003,48.902],[39.993,48.869],[39.949,48.877],[39.926,48.897],[39.853,48.892],[39.806,48.916],[39.78,48.939],[39.759,48.977],[39.723,48.98],[39.705,49],[39.69,48.997],[39.68,48.993],[39.679,48.991],[39.677,48.991],[39.658,48.983],[39.649,48.982],[39.626,49.003],[39.585,48.976],[39.535,48.991],[39.533,49.016],[39.501,49.072],[39.494,49.078],[39.504,49.088],[39.466,49.086],[39.435,49.078],[39.413,49.058],[39.306,49.099],[39.275,49.088],[39.244,49.093],[39.23,49.102],[39.226,49.111],[39.189,49.116],[39.144,49.127],[39.139,49.097],[38.879,49.121],[38.817,49.093],[38.8189,49.056],[38.819,49.054],[38.8167,49.0541],[38.817,49.046],[38.82,49.02],[38.8,49.006],[38.82,49.005],[38.822,48.974],[38.762,48.927],[38.696,48.884],[38.718,48.873],[38.694,48.867],[38.683,48.86],[38.67,48.862],[38.659,48.858],[38.663,48.848],[38.691,48.837],[38.68,48.829],[38.672,48.826],[38.675,48.82],[38.671,48.813],[38.662,48.81],[38.67,48.806],[38.658,48.769],[38.682,48.76],[38.703,48.758],[38.728,48.76],[38.738,48.766],[38.757,48.762],[38.767,48.769],[38.789,48.764],[38.798,48.751],[38.86,48.749],[38.863,48.751],[38.88,48.75],[38.8989,48.75]]]},"properties":{"id":"UA44160000000057142","name":"Щастинський район","name_en":"Shchastia Raion","oblast":"UA44"}},
{"type":"Feature","geometry":{"type":"Polygon","coordinates":[[[23.6374,49.5311],[23.614,49.533],[23.578,49.54],[23.555,49.495],[23.531,49.489],[23.497,49.489],[23.472,49.496],[23.426,49.484],[23.388,49.461],[23.316,49.453],[23.289,49.465],[23.26,49.402],[23.233,49.384],[23.237,49.367],[23.221,49.352],[23.154,49.361],[23.146,49.343],[23.133,49.338],[23.115,49.34],[23.117,49.326],[23.111,49.302],[23.13,49.295],[23.156,49.279],[23.16,49.267],[23.146,49.244],[23.162,49.237],[23.154,49.222],[23.185,49.211],[23.221,49.17],[23.183,49.145],[23.186,49.132],[23.157,49.119],[23.154,49.099],[23.171,49.081],[23.182,49.074],[23.186,49.069],[23.193,49.066],[23.21,49.055],[23.211,49.053],[23.2121,49.0528],[23.212,49.053],[23.215,49.054],[23.22,49.052],[23.239,49.036],[23.254,49.037],[23.272,49.055],[23.269,49.13],[23.318,49.153],[23.356,49.142],[23.383,49.163],[23.353,49.202],[23.419,49.207],[23.439,49.192],[23.488,49.192],[23.516,49.176],[23.507,49.146],[23.559,49.138],[23.595,49.214],[23.636,49.204],[23.67,49.22],[23.69,49.252],[23.663,49.268],[23.704,49.301],[23.726,49.303],[23.746,49.337],[23.78,49.34],[23.771,49.362],[23.789,49.378],[23.807,49.384],[23.787,49.4],[23.786,49.436],[23.768,49.455],[23.737,49.448],[23.742,49.485],[23.764,49.497],[23.755,49.495],[23.748,49.499],[23.743,49.495],[23.736,49.496],[23.737,49.499],[23.735,49.499],[23.724,49.501],[23.716,49.5],[23.712,49.516],[23.649,49.52],[23.64,49.526],[23.6374,49.5311]]]},"properties":{"id":"UA46020000000075920","name":"Дрогобицький район","name_en":"Drohobych Raion","oblast":"UA46"}},
{"type":"Feature","geometry":{"type":"Polygon","coordinates":[[[25.3482,50.0044],[25.348,50.003],[25.3477,50.003],[25.346,50.003],[25.329,50.012],[25.318,50.015],[25.196,50.13],[25.214,50.179],[25.169,50.201],[25.169,50.224],[25.202,50.254],[25.204,50.279],[25.158,50.289],[25.129,50.281],[25.112,50.284],[25.1117,50.2863],[25.084,50.292],[25.077,50.292],[25.064,50.298],[25.057,50.2993],[25.057,50.299],[25.059,50.296],[25.047,50.291],[25.044,50.282],[25.033,50.281],[25.036,50.273],[25.041,50.272],[25.053,50.258],[24.992,50.195],[24.919,50.182],[24.881,50.184],[24.832,50.163],[24.879,50.157],[24.881,50.149],[24.875,50.134],[24.87,50.106],[24.857,50.097],[24.747,50.125],[24.736,50.137],[24.705,50.136],[24.673,50.145],[24.667,50.13],[24.582,50.113],[24.5313,50.1169],[24.534,50.106],[24.538,50.105],[24.536,50.096],[24.464,50.088],[24.461,50.077],[24.464,50.062],[24.473,50.054],[24.493,50.061],[24.507,50.034],[24.541,50.034],[24.531,50.013],[24.5,50.019],[24.473,49.99],[24.459,49.986],[24.444,49.951],[24.437,49.894],[24.392,49.899],[24.362,49.889],[24.354,49.87],[24.452,49.847],[24.504,49.866],[24.552,49.846],[24.605,49.833],[24.609,49.773],[24.637,49.754],[24.694,49.74],[24.703,49.713],[24.748,49.722],[24.783,49.714],[24.789,49.678],[24.827,49.665],[24.824,49.651],[24.836,49.637],[24.85,49.606],[24.846,49.605],[24.8468,49.6018],[24.851,49.602],[24.865,49.604],[24.887,49.603],[24.907,49.616],[24.957,49.621],[24.982,49.638],[24.996,49.697],[25.021,49.736],[25.046,49.73],[25.068,49.713],[25.079,49.724],[25.114,49.746],[25.071,49.77],[25.089,49.788],[25.083,49.829],[25.142,49.818],[25.183,49.838],[25.238,49.825],[25.287,49.829],[25.304,49.853],[25.374,49.868],[25.388,49.897],[25.375,49.914],[25.388,49.935],[25.4,49.938],[25.416,49.935],[25.42,49.939],[25.424,49.939],[25.426,49.9381],[25.428,49.9373],[25.428,49.944],[25.405,49.948],[25.413,49.97],[25.403,49.987],[25.375,49.992],[25.362,49.997],[25.3482,50.0044]]]},"properties":{"id":"UA46040000000069196","name":"Золочівський район","name_en":"Zolochiv Raion","oblast":"UA46"}},
{"type":"Feature","geometry":{"type":"Polygon","coordinates":[[[23.913,49.947],[23.929,49.921],[23.925,49.906],[23.914,49.889],[23.894,49.891],[23.888,49.876],[23.883,49.851],[23.796,49.842],[23.716,49.844],[23.714,49.858],[23.679,49.852],[23.623,49.835],[23.583,49.856],[23.586,49.878],[23.55,49.879],[23.467,49.818],[23.442,49.823],[23.46,49.8],[23.451,49.779],[23.461,49.764],[23.439,49.759],[23.435,49.756],[23.4355,49.7541],[23.4358,49.7528],[23.436,49.752],[23.442,49.753],[23.448,49.749],[23.43,49.718],[23.418,49.689],[23.434,49.676],[23.466,49.704],[23.486,49.705],[23.497,49.68],[23.5,49.676],[23.507,49.678],[23.526,49.676],[23.539,49.677],[23.544,49.656],[23.58,49.638],[23.626,49.633],[23.625,49.578],[23.648,49.572],[23.641,49.541],[23.6376,49.5333],[23.637,49.532],[23.6374,49.5311],[23.64,49.526],[23.649,49.52],[23.712,49.516],[23.716,49.5],[23.724,49.501],[23.735,49.499],[23.737,49.499],[23.739,49.499],[23.742,49.499],[23.747,49.502],[23.759,49.502],[23.768,49.505],[23.771,49.515],[23.788,49.51],[23.8,49.53],[23.784,49.571],[23.799,49.596],[23.815,49.604],[23.846,49.579],[23.894,49.579],[23.933,49.569],[23.96,49.596],[23.915,49.615],[23.961,49.638],[24.013,49.624],[24.038,49.647],[24.07,49.632],[24.098,49.592],[24.128,49.578],[24.156,49.574],[24.175,49.581],[24.217,49.575],[24.305,49.537],[24.311,49.5],[24.317,49.496],[24.332,49.499],[24.348,49.494],[24.35,49.498],[24.38,49.496],[24.398,49.493],[24.4006,49.4937],[24.402,49.494],[24.4025,49.4948],[24.404,49.497],[24.41,49.498],[24.413,49.504],[24.441,49.511],[24.435,49.536],[24.482,49.543],[24.505,49.512],[24.576,49.526],[24.632,49.499],[24.698,49.491],[24.703,49.494],[24.7155,49.4953],[24.715,49.496],[24.7171,49.4968],[24.72,49.498],[24.721,49.571],[24.791,49.574],[24.834,49.601],[24.8447,49.6016],[24.8468,49.6018],[24.846,49.605],[24.85,49.606],[24.836,49.637],[24.824,49.651],[24.827,49.665],[24.789,49.678],[24.783,49.714],[24.748,49.722],[24.703,49.713],[24.694,49.74],[24.637,49.754],[24.609,49.773],[24.605,49.833],[24.552,49.846],[24.504,49.866],[24.452,49.847],[24.354,49.87],[24.362,49.889],[24.392,49.899],[24.437,49.894],[24.444,49.951],[24.459,49.986],[24.473,49.99],[24.5,50.019],[24.531,50.013],[24.541,50.034],[24.507,50.034],[24.493,50.061],[24.473,50.054],[24.464,50.062],[24.461,50.077],[24.464,50.088],[24.536,50.096],[24.538,50.105],[24.534,50.106],[24.5313,50.1169],[24.5308,50.1189],[24.527,50.134],[24.452,50.142],[24.457,50.16],[24.388,50.177],[24.349,50.176],[24.318,50.189],[24.317,50.197],[24.282,50.195],[24.243,50.198],[24.235,50.171],[24.218,50.163],[24.197,50.138],[24.177,50.151],[24.148,50.161],[24.131,50.134],[24.092,50.167],[24.098,50.186],[24.092,50.204],[23.974,50.204],[23.961,50.224],[23.91,50.222],[23.886,50.256],[23.844,50.257],[23.828,50.263],[23.805,50.28],[23.809,50.289],[23.798,50.301],[23.75,50.305],[23.684,50.301],[23.675,50.317],[23.678,50.33],[23.6757,50.3295],[23.638,50.321],[23.58,50.267],[23.447,50.2],[23.469,50.189],[23.486,50.188],[23.486,50.176],[23.49,50.168],[23.516,50.15],[23.528,50.175],[23.579,50.174],[23.598,50.144],[23.626,50.143],[23.651,50.116],[23.715,50.086],[23.773,50.068],[23.79,50.031],[23.808,50.025],[23.808,50.002],[23.811,49.994],[23.818,49.994],[23.897,49.973],[23.913,49.947]]]},"properties":{"id":"UA46060000000042587","name":"Львівський район","name_en":"Lviv Raion","oblast":"UA46"}},
{"type":"Feature","geometry":{"type":"Polygon","coordinates":[[[22.867,49.004],[22.867,49.002],[22.878,48.999],[22.898,49.004],[22.918,48.981],[22.918,48.97],[22.873,48.958],[22.871,48.946],[22.877,48.932],[22.885,48.925],[22.8859,48.9234],[22.889,48.918],[22.89,48.911],[22.903,48.9],[22.939,48.883],[22.97,48.874],[22.971,48.849],[23.001,48.83],[23.021,48.847],[23.04,48.85],[23.051,48.85],[23.058,48.845],[23.066,48.853],[23.086,48.854],[23.088,48.86],[23.132,48.852],[23.135,48.846],[23.1345,48.8445],[23.135,48.845],[23.137,48.8442],[23.14,48.843],[23.148,48.843],[23.159,48.874],[23.099,48.878],[23.086,48.899],[23.084,48.924],[23.096,48.927],[23.122,48.958],[23.123,49.007],[23.151,49.03],[23.189,49.038],[23.21,49.032],[23.223,49.041],[23.213,49.049],[23.2124,49.0514],[23.2121,49.0528],[23.211,49.053],[23.21,49.055],[23.193,49.066],[23.186,49.069],[23.182,49.074],[23.171,49.081],[23.154,49.099],[23.157,49.119],[23.186,49.132],[23.183,49.145],[23.221,49.17],[23.185,49.211],[23.154,49.222],[23.162,49.237],[23.146,49.244],[23.16,49.267],[23.156,49.279],[23.13,49.295],[23.111,49.302],[23.117,49.326],[23.115,49.34],[23.133,49.338],[23.146,49.343],[23.154,49.361],[23.221,49.352],[23.237,49.367],[23.233,49.384],[23.26,49.402],[23.289,49.465],[23.316,49.453],[23.388,49.461],[23.426,49.484],[23.472,49.496],[23.497,49.489],[23.531,49.489],[23.555,49.495],[23.578,49.54],[23.614,49.533],[23.6374,49.5311],[23.637,49.532],[23.6376,49.5333],[23.641,49.541],[23.648,49.572],[23.625,49.578],[23.626,49.633],[23.58,49.638],[23.544,49.656],[23.539,49.677],[23.526,49.676],[23.507,49.678],[23.5,49.676],[23.497,49.68],[23.486,49.705],[23.466,49.704],[23.434,49.676],[23.418,49.689],[23.43,49.718],[23.448,49.749],[23.442,49.753],[23.436,49.752],[23.4358,49.7528],[23.4355,49.7541],[23.427,49.753],[23.418,49.758],[23.391,49.756],[23.39,49.706],[23.404,49.685],[23.356,49.68],[23.349,49.667],[23.316,49.675],[23.301,49.653],[23.182,49.656],[23.094,49.65],[22.994,49.625],[22.973,49.638],[22.978,49.644],[22.995,49.639],[23.002,49.639],[22.992,49.647],[22.986,49.655],[22.949,49.688],[22.91,49.71],[22.892,49.707],[22.87,49.713],[22.854,49.713],[22.8493,49.7149],[22.849,49.715],[22.847,49.711],[22.803,49.693],[22.781,49.656],[22.685,49.574],[22.665,49.541],[22.64,49.531],[22.651,49.507],[22.696,49.494],[22.709,49.445],[22.746,49.36],[22.739,49.248],[22.714,49.227],[22.734,49.208],[22.706,49.174],[22.791,49.139],[22.882,49.082],[22.867,49.078],[22.866,49.039],[22.885,49.019],[22.89,49.008],[22.882,49.008],[22.875,49.005],[22.869,49.005],[22.867,49.004]]]},"properties":{"id":"UA46080000000017237","name":"Самбірський район","name_en":"Sambir Raion","oblast":"UA46"}},
{"type":"Feature","geometry":{"type":"Polygon","coordinates":[[[24.4006,49.4937],[24.398,49.493],[24.38,49.496],[24.35,49.498],[24.348,49.494],[24.332,49.499],[24.317,49.496],[24.311,49.5],[24.305,49.537],[24.217,49.575],[24.175,49.581],[24.156,49.574],[24.128,49.578],[24.098,49.592],[24.07,49.632],[24.038,49.647],[24.013,49.624],[23.961,49.638],[23.915,49.615],[23.96,49.596],[23.933,49.569],[23.894,49.579],[23.846,49.579],[23.815,49.604],[23.799,49.596],[23.784,49.571],[23.8,49.53],[23.788,49.51],[23.771,49.515],[23.768,49.505],[23.759,49.502],[23.747,49.502],[23.742,49.499],[23.739,49.499],[23.737,49.499],[23.736,49.496],[23.743,49.495],[23.748,49.499],[23.755,49.495],[23.764,49.497],[23.742,49.485],[23.737,49.448],[23.768,49.455],[23.786,49.436],[23.787,49.4],[23.807,49.384],[23.789,49.378],[23.771,49.362],[23.78,49.34],[23.746,49.337],[23.726,49.303],[23.704,49.301],[23.663,49.268],[23.69,49.252],[23.67,49.22],[23.636,49.204],[23.595,49.214],[23.559,49.138],[23.507,49.146],[23.516,49.176],[23.488,49.192],[23.439,49.192],[23.419,49.207],[23.353,49.202],[23.383,49.163],[23.356,49.142],[23.318,49.153],[23.269,49.13],[23.272,49.055],[23.254,49.037],[23.239,49.036],[23.22,49.052],[23.215,49.054],[23.212,49.053],[23.2121,49.0528],[23.2124,49.0514],[23.213,49.049],[23.223,49.041],[23.21,49.032],[23.189,49.038],[23.151,49.03],[23.123,49.007],[23.122,48.958],[23.096,48.927],[23.084,48.924],[23.086,48.899],[23.099,48.878],[23.159,48.874],[23.148,48.843],[23.14,48.843],[23.137,48.8442],[23.135,48.845],[23.1345,48.8445],[23.13,48.84],[23.133,48.833],[23.153,48.83],[23.189,48.782],[23.201,48.759],[23.27,48.761],[23.29,48.773],[23.313,48.759],[23.316,48.756],[23.3165,48.754],[23.317,48.752],[23.318,48.752],[23.326,48.752],[23.342,48.756],[23.362,48.77],[23.376,48.744],[23.43,48.725],[23.493,48.721],[23.512,48.734],[23.525,48.726],[23.538,48.724],[23.54,48.722],[23.5476,48.7239],[23.548,48.724],[23.5488,48.726],[23.55,48.729],[23.549,48.731],[23.551,48.734],[23.55,48.738],[23.557,48.754],[23.57,48.772],[23.579,48.778],[23.58,48.786],[23.559,48.82],[23.583,48.871],[23.609,48.876],[23.577,48.889],[23.563,48.911],[23.587,48.956],[23.567,48.974],[23.6,49],[23.674,49.035],[23.699,49.1],[23.72,49.093],[23.765,49.121],[23.796,49.107],[23.804,49.105],[23.81,49.109],[23.821,49.108],[23.829,49.112],[23.873,49.109],[23.908,49.099],[23.933,49.121],[23.97,49.137],[23.9807,49.1346],[24.001,49.13],[24.013,49.124],[24.013,49.117],[24.024,49.117],[24.037,49.124],[24.058,49.146],[24.1,49.145],[24.11,49.139],[24.139,49.142],[24.149,49.129],[24.172,49.143],[24.2,49.139],[24.235,49.143],[24.284,49.168],[24.383,49.188],[24.416,49.167],[24.436,49.173],[24.439,49.196],[24.435,49.219],[24.4473,49.2294],[24.445,49.229],[24.4427,49.2293],[24.427,49.231],[24.388,49.227],[24.357,49.232],[24.346,49.245],[24.35,49.262],[24.358,49.263],[24.363,49.28],[24.338,49.291],[24.305,49.276],[24.301,49.317],[24.341,49.311],[24.359,49.323],[24.38,49.31],[24.393,49.334],[24.397,49.359],[24.404,49.368],[24.386,49.394],[24.371,49.436],[24.41,49.446],[24.417,49.473],[24.412,49.474],[24.406,49.482],[24.4006,49.4937]]]},"properties":{"id":"UA46100000000023056","name":"Стрийський район","name_en":"Stryi Raion","oblast":"UA46"}},
{"type":"Feature","geometry":{"type":"Polygon","coordinates":[[[24.0955,50.6345],[24.091,50.624],[24.09,50.618],[24.098,50.6],[24.069,50.504],[24.034,50.446],[24.005,50.436],[23.997,50.413],[23.941,50.415],[23.803,50.406],[23.727,50.389],[23.702,50.376],[23.686,50.332],[23.676,50.33],[23.6757,50.3295],[23.678,50.33],[23.675,50.317],[23.684,50.301],[23.75,50.305],[23.798,50.301],[23.809,50.289],[23.805,50.28],[23.828,50.263],[23.844,50.257],[23.886,50.256],[23.91,50.222],[23.961,50.224],[23.974,50.204],[24.092,50.204],[24.098,50.186],[24.092,50.167],[24.131,50.134],[24.148,50.161],[24.177,50.151],[24.197,50.138],[24.218,50.163],[24.235,50.171],[24.243,50.198],[24.282,50.195],[24.317,50.197],[24.318,50.189],[24.349,50.176],[24.388,50.177],[24.457,50.16],[24.452,50.142],[24.527,50.134],[24.5308,50.1189],[24.5313,50.1169],[24.582,50.113],[24.667,50.13],[24.673,50.145],[24.705,50.136],[24.736,50.137],[24.747,50.125],[24.857,50.097],[24.87,50.106],[24.875,50.134],[24.881,50.149],[24.879,50.157],[24.832,50.163],[24.881,50.184],[24.919,50.182],[24.992,50.195],[25.053,50.258],[25.041,50.272],[25.036,50.273],[25.033,50.281],[25.044,50.282],[25.047,50.291],[25.059,50.296],[25.057,50.299],[25.057,50.2993],[25.055,50.2996],[25.053,50.3],[25.056,50.341],[25.016,50.341],[24.941,50.388],[24.938,50.382],[24.931,50.378],[24.941,50.364],[24.938,50.345],[24.86,50.349],[24.79,50.345],[24.767,50.337],[24.714,50.342],[24.721,50.373],[24.673,50.398],[24.596,50.413],[24.598,50.455],[24.58,50.459],[24.597,50.467],[24.596,50.478],[24.593,50.478],[24.59,50.488],[24.583,50.49],[24.563,50.488],[24.554,50.493],[24.547,50.534],[24.54,50.54],[24.54,50.542],[24.5411,50.5423],[24.531,50.553],[24.517,50.557],[24.488,50.557],[24.451,50.54],[24.407,50.561],[24.402,50.591],[24.323,50.601],[24.318,50.575],[24.231,50.584],[24.205,50.612],[24.179,50.619],[24.173,50.635],[24.152,50.646],[24.117,50.649],[24.097,50.638],[24.0955,50.6345]]]},"properties":{"id":"UA46120000000057093","name":"Шептицький район","name_en":"Sheptytskyi Raion","oblast":"UA46"}},
{"type":"Feature","geometry":{"type":"Polygon","coordinates":[[[23.913,49.947],[23.897,49.973],[23.818,49.994],[23.811,49.994],[23.808,50.002],[23.808,50.025],[23.79,50.031],[23.773,50.068],[23.715,50.086],[23.651,50.116],[23.626,50.143],[23.598,50.144],[23.579,50.174],[23.528,50.175],[23.516,50.15],[23.49,50.168],[23.486,50.176],[23.486,50.188],[23.469,50.189],[23.447,50.2],[23.377,50.159],[23.314,50.113],[23.279,50.101],[23.239,50.055],[23.103,49.939],[23.041,49.89],[22.995,49.843],[22.97,49.84],[22.954,49.804],[22.932,49.794],[22.873,49.742],[22.851,49.721],[22.8493,49.7149],[22.854,49.713],[22.87,49.713],[22.892,49.707],[22.91,49.71],[22.949,49.688],[22.986,49.655],[22.992,49.647],[23.002,49.639],[22.995,49.639],[22.978,49.644],[22.973,49.638],[22.994,49.625],[23.094,49.65],[23.182,49.656],[23.301,49.653],[23.316,49.675],[23.349,49.667],[23.356,49.68],[23.404,49.685],[23.39,49.706],[23.391,49.756],[23.418,49.758],[23.427,49.753],[23.4355,49.7541],[23.435,49.756],[23.439,49.759],[23.461,49.764],[23.451,49.779],[23.46,49.8],[23.442,49.823],[23.467,49.818],[23.55,49.879],[23.586,49.878],[23.583,49.856],[23.623,49.835],[23.679,49.852],[23.714,49.858],[23.716,49.844],[23.796,49.842],[23.883,49.851],[23.888,49.876],[23.894,49.891],[23.914,49.889],[23.925,49.906],[23.929,49.921],[23.913,49.947]]]},"properties":{"id":"UA46140000000036328","name":"Яворівський район","name_en":"Yavoriv Raion","oblast":"UA46"}},
{"type":"Feature","geometry":{"type":"Polygon","coordinates":[[[33.0231,46.9721],[33.0245,46.9736],[33.068,47.021],[33.094,47.038],[33.157,47.117],[33.105,47.138],[33.081,47.108],[33.101,47.099],[33.073,47.064],[33.051,47.071],[33.027,47.041],[32.933,47.08],[32.911,47.094],[32.919,47.144],[32.949,47.163],[32.962,47.189],[33.038,47.188],[33.068,47.201],[33.065,47.215],[33.099,47.223],[33.112,47.205],[33.132,47.202],[33.135,47.213],[33.128,47.223],[33.129,47.231],[33.145,47.231],[33.165,47.231],[33.185,47.238],[33.138,47.268],[33.106,47.281],[33.104,47.322],[33.122,47.325],[33.133,47.329],[33.138,47.333],[33.124,47.385],[33.115,47.39],[33.04,47.381],[33.03,47.421],[33.055,47.443],[33.071,47.411],[33.139,47.419],[33.124,47.508],[33.148,47.514],[33.143,47.544],[33.095,47.529],[33.09,47.555],[33.0932,47.5778],[33.0935,47.5798],[33.096,47.598],[32.987,47.592],[32.998,47.614],[32.974,47.722],[33.073,47.738],[33.067,47.783],[33.056,47.831],[33.079,47.921],[33.014,47.911],[32.996,47.984],[33.006,47.988],[33.0059,47.9882],[33.0034,47.9889],[33.003,47.989],[32.999,48.002],[32.999,48.01],[32.989,48.047],[32.945,48.041],[32.889,48.018],[32.895,47.985],[32.801,47.974],[32.79,47.993],[32.69,47.981],[32.698,47.948],[32.738,47.953],[32.747,47.932],[32.653,47.921],[32.678,47.908],[32.687,47.873],[32.659,47.819],[32.625,47.812],[32.435,47.789],[32.427,47.789],[32.422,47.801],[32.404,47.794],[32.387,47.798],[32.37,47.794],[32.369,47.789],[32.356,47.79],[32.302,47.823],[32.238,47.814],[32.224,47.791],[32.232,47.759],[32.2095,47.7561],[32.2076,47.7559],[32.22,47.712],[32.176,47.708],[32.192,47.615],[32.222,47.595],[32.154,47.591],[32.117,47.587],[32.112,47.584],[32.117,47.575],[32.1192,47.5668],[32.1207,47.567],[32.121,47.567],[32.123,47.562],[32.158,47.565],[32.162,47.541],[32.148,47.515],[32.107,47.488],[32.05,47.488],[32.06,47.443],[32.118,47.417],[32.133,47.345],[32.107,47.341],[32.126,47.277],[32.088,47.272],[32.105,47.213],[32.098,47.208],[32.114,47.17],[32.18,47.179],[32.23,47.184],[32.224,47.158],[32.245,47.147],[32.34,47.159],[32.323,47.137],[32.378,47.143],[32.38,47.135],[32.553,47.156],[32.565,47.113],[32.601,47.091],[32.618,47.03],[32.61,47.009],[32.543,47.001],[32.545,46.956],[32.518,46.952],[32.525,46.928],[32.572,46.933],[32.578,46.903],[32.569,46.887],[32.552,46.885],[32.549,46.882],[32.5453,46.8817],[32.5442,46.8817],[32.546,46.868],[32.57,46.872],[32.585,46.855],[32.618,46.853],[32.687,46.861],[32.697,46.822],[32.816,46.834],[32.815,46.839],[32.95,46.857],[32.947,46.87],[32.921,46.867],[32.916,46.884],[32.857,46.878],[32.842,46.899],[32.925,46.909],[32.927,46.913],[32.923,46.926],[32.981,46.933],[32.951,46.947],[32.935,46.986],[32.95,47.002],[33.023,46.972],[33.0231,46.9721]]]},"properties":{"id":"UA48020000000033544","name":"Баштанський район","name_en":"Bashtanka Raion","oblast":"UA48"}},
{"type":"Feature","geometry":{"type":"Polygon","coordinates":[[[30.745,47.693],[30.753,47.689],[30.755,47.683],[30.7753,47.6482],[30.776,47.647],[30.7779,47.6472],[30.788,47.648],[30.774,47.624],[30.778,47.585],[30.744,47.581],[30.773,47.545],[30.828,47.549],[30.875,47.544],[30.882,47.508],[30.851,47.504],[30.864,47.445],[30.851,47.419],[30.872,47.4],[30.884,47.358],[30.867,47.335],[30.892,47.32],[30.907,47.276],[30.996,47.289],[31.018,47.238],[31.08,47.253],[31.17,47.265],[31.177,47.224],[31.145,47.219],[31.156,47.182],[31.124,47.178],[31.119,47.191],[31.108,47.189],[31.115,47.168],[31.105,47.166],[31.109,47.155],[31.13,47.152],[31.157,47.156],[31.198,47.154],[31.201,47.171],[31.245,47.177],[31.269,47.171],[31.272,47.159],[31.2723,47.159],[31.272,47.16],[31.2737,47.1603],[31.29,47.163],[31.297,47.146],[31.383,47.146],[31.358,47.23],[31.368,47.255],[31.41,47.26],[31.4,47.3],[31.45,47.303],[31.498,47.297],[31.551,47.281],[31.576,47.304],[31.661,47.336],[31.632,47.348],[31.592,47.391],[31.617,47.397],[31.591,47.427],[31.603,47.441],[31.654,47.436],[31.72,47.444],[31.746,47.483],[31.752,47.509],[31.8,47.536],[31.782,47.5576],[31.811,47.566],[31.885,47.569],[31.888,47.556],[31.948,47.561],[31.954,47.542],[31.999,47.534],[32.096,47.552],[32.107,47.556],[32.105,47.565],[32.1192,47.5668],[32.117,47.575],[32.112,47.584],[32.117,47.587],[32.154,47.591],[32.222,47.595],[32.192,47.615],[32.176,47.708],[32.22,47.712],[32.2076,47.7559],[32.161,47.75],[32.154,47.755],[32.138,47.748],[32.116,47.755],[32.109,47.783],[32.089,47.781],[32.076,47.805],[32.054,47.816],[31.961,47.809],[31.964,47.798],[31.837,47.782],[31.826,47.817],[31.868,47.823],[31.856,47.865],[31.889,47.867],[31.884,47.878],[31.884,47.894],[31.875,47.911],[31.854,47.915],[31.843,47.963],[31.827,47.96],[31.802,47.96],[31.802,47.956],[31.788,47.954],[31.78,47.956],[31.772,47.951],[31.767,47.944],[31.752,47.943],[31.728,48.036],[31.782,48.043],[31.7669,48.1009],[31.7663,48.1028],[31.725,48.099],[31.695,48.094],[31.688,48.117],[31.685,48.121],[31.675,48.121],[31.643,48.116],[31.635,48.136],[31.582,48.13],[31.583,48.106],[31.54,48.109],[31.55,48.071],[31.471,48.064],[31.5,48.087],[31.487,48.131],[31.417,48.122],[31.403,48.11],[31.4031,48.1098],[31.4034,48.1083],[31.406,48.097],[31.397,48.096],[31.397,48.091],[31.411,48.039],[31.403,48.016],[31.4231,47.9985],[31.434,47.999],[31.477,47.851],[31.444,47.846],[31.455,47.81],[31.451,47.777],[31.417,47.772],[31.41,47.793],[31.374,47.788],[31.382,47.763],[31.294,47.75],[31.257,47.798],[31.273,47.847],[31.262,47.849],[31.25,47.889],[31.237,47.916],[31.194,47.923],[31.09,47.905],[31.048,47.876],[30.934,47.866],[30.848,47.842],[30.847,47.833],[30.773,47.822],[30.791,47.74],[30.767,47.734],[30.769,47.722],[30.746,47.714],[30.754,47.704],[30.74,47.702],[30.741,47.695],[30.745,47.693]]]},"properties":{"id":"UA48040000000011780","name":"Вознесенський район","name_en":"Voznesensk Raion","oblast":"UA48"}},
{"type":"Feature","geometry":{"type":"Polygon","coordinates":[[[31.2737,47.1603],[31.29,47.163],[31.297,47.146],[31.383,47.146],[31.358,47.23],[31.368,47.255],[31.41,47.26],[31.4,47.3],[31.45,47.303],[31.498,47.297],[31.551,47.281],[31.576,47.304],[31.661,47.336],[31.632,47.348],[31.592,47.391],[31.617,47.397],[31.591,47.427],[31.603,47.441],[31.654,47.436],[31.72,47.444],[31.746,47.483],[31.752,47.509],[31.8,47.536],[31.782,47.5576],[31.811,47.566],[31.885,47.569],[31.888,47.556],[31.948,47.561],[31.954,47.542],[31.999,47.534],[32.096,47.552],[32.107,47.556],[32.105,47.565],[32.1192,47.5668],[32.1207,47.567],[32.121,47.567],[32.123,47.562],[32.158,47.565],[32.162,47.541],[32.148,47.515],[32.107,47.488],[32.05,47.488],[32.06,47.443],[32.118,47.417],[32.133,47.345],[32.107,47.341],[32.126,47.277],[32.088,47.272],[32.105,47.213],[32.098,47.208],[32.114,47.17],[32.18,47.179],[32.23,47.184],[32.224,47.158],[32.245,47.147],[32.34,47.159],[32.323,47.137],[32.378,47.143],[32.38,47.135],[32.553,47.156],[32.565,47.113],[32.601,47.091],[32.618,47.03],[32.61,47.009],[32.543,47.001],[32.545,46.956],[32.518,46.952],[32.525,46.928],[32.572,46.933],[32.578,46.903],[32.569,46.887],[32.552,46.885],[32.549,46.882],[32.5453,46.8817],[32.5442,46.8817],[32.535,46.881],[32.542,46.849],[32.532,46.822],[32.468,46.816],[32.463,46.839],[32.367,46.828],[32.374,46.798],[32.341,46.794],[32.253,46.819],[32.211,46.805],[32.219,46.77],[32.172,46.751],[32.112,46.744],[32.077,46.73],[32.088,46.683],[32.022,46.677],[31.989,46.654],[31.931,46.652],[31.9281,46.5827],[31.928,46.5815],[31.928,46.581],[31.863,46.523],[31.846,46.497],[31.806,46.479],[31.811,46.361],[31.8039,46.3539],[31.798,46.348],[31.672,46.357],[31.542,46.381],[31.503,46.38],[31.381,46.407],[31.158,46.409],[31.1757,46.6258],[31.176,46.63],[31.185,46.661],[31.178,46.709],[31.155,46.727],[31.153,46.748],[31.177,46.769],[31.152,46.791],[31.155,46.836],[31.11,46.844],[31.092,46.88],[31.039,46.903],[31.0373,46.908],[31.0366,46.9099],[31.029,46.932],[31.022,46.937],[31.016,46.961],[31.086,46.983],[31.135,46.991],[31.143,46.98],[31.242,46.992],[31.229,47.023],[31.289,47.025],[31.304,47.049],[31.292,47.081],[31.291,47.093],[31.2723,47.159],[31.272,47.16],[31.2737,47.1603]],[[32.0886,46.9176],[32.0927,46.9241],[32.0905,46.9256],[32.0958,46.9271],[32.1193,46.939],[32.1352,46.9464],[32.1254,46.9555],[32.1043,46.9525],[32.1008,46.953],[32.0981,46.9555],[32.1019,46.9563],[32.1079,46.9643],[32.1089,46.964],[32.1129,46.9696],[32.1043,46.9771],[32.0991,46.9741],[32.0997,46.9855],[32.0781,46.9861],[32.0733,46.9831],[32.0704,46.9843],[32.0655,46.9838],[32.0617,46.9866],[32.0571,46.9875],[32.0544,46.9943],[32.0445,46.9968],[32.0378,46.9997],[32.0334,47.0069],[32.0251,47.0123],[32.0255,47.0145],[32.0245,47.0227],[32.0226,47.0228],[32.0195,47.0283],[32.0266,47.0294],[32.0312,47.0316],[32.0341,47.0352],[32.0354,47.0406],[32.0342,47.0454],[32.0348,47.0471],[32.0285,47.0475],[32.0242,47.047],[32.0032,47.042],[31.9972,47.0416],[31.9831,47.0436],[31.9779,47.0433],[31.9687,47.0387],[31.9572,47.0389],[31.951,47.0395],[31.9351,47.0383],[31.9293,47.0372],[31.9101,47.0305],[31.9037,47.0268],[31.9014,47.0244],[31.8946,47.0131],[31.8962,47.012],[31.8933,47.0103],[31.8869,47.0091],[31.886,47.0069],[31.8814,46.9865],[31.8805,46.9852],[31.8937,46.9833],[31.9137,46.9867],[31.9187,46.9879],[31.9198,46.9856],[31.9225,46.9864],[31.9257,46.9838],[31.9267,46.9812],[31.9232,46.9758],[31.9127,46.9679],[31.9071,46.9595],[31.9057,46.9585],[31.893,46.9534],[31.8896,46.9515],[31.8896,46.9488],[31.8957,46.9334],[31.9014,46.9323],[31.9056,46.9301],[31.9074,46.9263],[31.9119,46.9251],[31.9164,46.926],[31.9308,46.9211],[31.9404,46.9205],[31.9559,46.9182],[31.9569,46.9202],[31.9604,46.9198],[31.9671,46.9205],[31.9734,46.9229],[31.9777,46.9213],[31.9766,46.917],[31.987,46.9178],[31.9871,46.9193],[31.9933,46.9191],[32.0217,46.9224],[32.0209,46.9185],[32.0164,46.9095],[32.0099,46.8987],[32.0027,46.8888],[31.9917,46.8792],[31.9733,46.865],[31.9435,46.8434],[31.9175,46.8241],[31.9246,46.8227],[31.9488,46.8195],[31.9528,46.8196],[31.9577,46.8183],[31.9907,46.82],[31.9954,46.8259],[31.9992,46.832],[32.0095,46.8331],[32.0106,46.832],[32.0119,46.8263],[32.0298,46.8282],[32.0317,46.8368],[32.0324,46.8481],[32.0411,46.8491],[32.0434,46.8612],[32.0753,46.8733],[32.0823,46.8769],[32.0805,46.8777],[32.0868,46.8819],[32.0885,46.8854],[32.0944,46.8891],[32.1017,46.892],[32.1038,46.8949],[32.1049,46.8987],[32.1136,46.9072],[32.1129,46.909],[32.1074,46.9091],[32.1073,46.9135],[32.1017,46.9134],[32.1022,46.9113],[32.086,46.9091],[32.0837,46.9093],[32.0869,46.9117],[32.09,46.9163],[32.0886,46.9176]]]},"properties":{"id":"UA48060000000094390","name":"Миколаївський район","name_en":"Mykolaiv Raion","oblast":"UA48"}},
{"type":"Feature","geometry":{"type":"Polygon","coordinates":[[[32.0456,46.9816],[32.0464,46.9766],[32.045,46.9723],[32.0406,46.9704],[32.0374,46.9715],[32.0348,46.9699],[32.0392,46.966],[32.0381,46.9622],[32.0334,46.9639],[32.0232,46.9646],[32.0224,46.961],[31.9974,46.9625],[31.9802,46.9662],[31.9811,46.9679],[31.9798,46.9714],[31.9729,46.9751],[31.9725,46.9786],[31.971,46.9785],[31.9643,46.9831],[31.9439,46.9722],[31.9306,46.9839],[31.9267,46.9812],[31.9257,46.9838],[31.9225,46.9864],[31.9198,46.9856],[31.9187,46.9879],[31.9137,46.9867],[31.8937,46.9833],[31.8805,46.9852],[31.8814,46.9865],[31.886,47.0069],[31.8869,47.0091],[31.8933,47.0103],[31.8962,47.012],[31.8946,47.0131],[31.9014,47.0244],[31.9037,47.0268],[31.9101,47.0305],[31.9293,47.0372],[31.9351,47.0383],[31.951,47.0395],[31.9572,47.0389],[31.9687,47.0387],[31.9779,47.0433],[31.9831,47.0436],[31.9972,47.0416],[32.0032,47.042],[32.0242,47.047],[32.0285,47.0475],[32.0348,47.0471],[32.0342,47.0454],[32.0354,47.0406],[32.0341,47.0352],[32.0312,47.0316],[32.0266,47.0294],[32.0195,47.0283],[32.0226,47.0228],[32.0245,47.0227],[32.0255,47.0145],[32.0251,47.0123],[32.0334,47.0069],[32.0378,46.9997],[32.0445,46.9968],[32.0477,46.9884],[32.0456,46.9816]]]},"properties":{"id":"UA48060150010443183","name":"Центральний район","name_en":null,"oblast":"UA48","city":"Миколаїв"}},
{"type":"Feature","geometry":{"type":"Polygon","coordinates":[[[31.9439,46.9722],[31.9643,46.9831],[31.971,46.9785],[31.9725,46.9786],[31.9729,46.9751],[31.9798,46.9714],[31.9811,46.9679],[31.9802,46.9662],[31.9974,46.9625],[32.0224,46.961],[32.0211,46.9522],[32.0232,46.9497],[32.0209,46.9491],[32.0283,46.9361],[32.026,46.9364],[32.0114,46.9338],[32.0144,46.9323],[32.0217,46.9252],[32.0217,46.9224],[31.9933,46.9191],[31.9871,46.9193],[31.987,46.9178],[31.9766,46.917],[31.9777,46.9213],[31.9734,46.9229],[31.9671,46.9205],[31.9604,46.9198],[31.9569,46.9202],[31.9559,46.9182],[31.9404,46.9205],[31.9308,46.9211],[31.9164,46.926],[31.9119,46.9251],[31.9074,46.9263],[31.9056,46.9301],[31.9014,46.9323],[31.8957,46.9334],[31.8896,46.9488],[31.8896,46.9515],[31.893,46.9534],[31.9057,46.9585],[31.9071,46.9595],[31.9127,46.9679],[31.9232,46.9758],[31.9267,46.9812],[31.9306,46.9839],[31.9439,46.9722]]]},"properties":{"id":"UA48060150010139573","name":"Заводський район","name_en":null,"oblast":"UA48","city":"Миколаїв"}},
{"type":"Feature","geometry":{"type":"Polygon","coordinates":[[[32.0334,46.9639],[32.0381,46.9622],[32.0392,46.966],[32.0348,46.9699],[32.0374,46.9715],[32.0406,46.9704],[32.045,46.9723],[32.0464,46.9766],[32.0456,46.9816],[32.0477,46.9884],[32.0445,46.9968],[32.0544,46.9943],[32.0571,46.9875],[32.0617,46.9866],[32.0655,46.9838],[32.0704,46.9843],[32.0733,46.9831],[32.0781,46.9861],[32.0997,46.9855],[32.0991,46.9741],[32.1043,46.9771],[32.1129,46.9696],[32.1089,46.964],[32.1079,46.9643],[32.1019,46.9563],[32.0981,46.9555],[32.1008,46.953],[32.1043,46.9525],[32.1254,46.9555],[32.1352,46.9464],[32.1193,46.939],[32.0958,46.9271],[32.0905,46.9256],[32.0661,46.9182],[32.0653,46.9172],[32.0528,46.9226],[32.0498,46.9235],[32.0442,46.9233],[32.0391,46.9207],[32.0318,46.9218],[32.0284,46.9229],[32.0217,46.9224],[32.0217,46.9252],[32.0144,46.9323],[32.0114,46.9338],[32.026,46.9364],[32.0283,46.9361],[32.0209,46.9491],[32.0232,46.9497],[32.0211,46.9522],[32.0224,46.961],[32.0232,46.9646],[32.0334,46.9639]]]},"properties":{"id":"UA48060150010235917","name":"Інгульський район","name_en":null,"oblast":"UA48","city":"Миколаїв"}},
{"type":"Feature","geometry":{"type":"Polygon","coordinates":[[[32.0886,46.9176],[32.09,46.9163],[32.0869,46.9117],[32.0837,46.9093],[32.086,46.9091],[32.1022,46.9113],[32.1017,46.9134],[32.1073,46.9135],[32.1074,46.9091],[32.1129,46.909],[32.1136,46.9072],[32.1049,46.8987],[32.1038,46.8949],[32.1017,46.892],[32.0944,46.8891],[32.0885,46.8854],[32.0868,46.8819],[32.0805,46.8777],[32.0823,46.8769],[32.0753,46.8733],[32.0434,46.8612],[32.0411,46.8491],[32.0324,46.8481],[32.0317,46.8368],[32.0298,46.8282],[32.0119,46.8263],[32.0106,46.832],[32.0095,46.8331],[31.9992,46.832],[31.9954,46.8259],[31.9907,46.82],[31.9577,46.8183],[31.9528,46.8196],[31.9488,46.8195],[31.9246,46.8227],[31.9175,46.8241],[31.9435,46.8434],[31.9733,46.865],[31.9917,46.8792],[32.0027,46.8888],[32.0099,46.8987],[32.0164,46.9095],[32.0209,46.9185],[32.0217,46.9224],[32.0284,46.9229],[32.0318,46.9218],[32.0391,46.9207],[32.0442,46.9233],[32.0498,46.9235],[32.0528,46.9226],[32.0653,46.9172],[32.0661,46.9182],[32.0905,46.9256],[32.0927,46.9241],[32.0886,46.9176]]]},"properties":{"id":"UA48060150010393291","name":"Корабельний район","name_en":null,"oblast":"UA48","city":"Миколаїв"}},
{"type":"Feature","geometry":{"type":"Polygon","coordinates":[[[30.3099,48.1408],[30.316,48.118],[30.358,48.113],[30.358,48.1],[30.326,48.093],[30.283,48.084],[30.251,48.089],[30.234,48.062],[30.257,48.029],[30.258,48.02],[30.227,48.011],[30.278,47.955],[30.308,47.931],[30.299,47.923],[30.314,47.862],[30.332,47.811],[30.424,47.822],[30.417,47.786],[30.425,47.76],[30.39,47.752],[30.414,47.677],[30.421,47.635],[30.465,47.641],[30.4715,47.6192],[30.554,47.632],[30.613,47.637],[30.618,47.625],[30.664,47.636],[30.661,47.602],[30.719,47.609],[30.708,47.64],[30.7753,47.6482],[30.755,47.683],[30.753,47.689],[30.745,47.693],[30.741,47.695],[30.74,47.702],[30.754,47.704],[30.746,47.714],[30.769,47.722],[30.767,47.734],[30.791,47.74],[30.773,47.822],[30.847,47.833],[30.848,47.842],[30.934,47.866],[31.048,47.876],[31.09,47.905],[31.194,47.923],[31.237,47.916],[31.25,47.889],[31.262,47.849],[31.273,47.847],[31.257,47.798],[31.294,47.75],[31.382,47.763],[31.374,47.788],[31.41,47.793],[31.417,47.772],[31.451,47.777],[31.455,47.81],[31.444,47.846],[31.477,47.851],[31.434,47.999],[31.4231,47.9985],[31.403,48.016],[31.411,48.039],[31.397,48.091],[31.397,48.096],[31.406,48.097],[31.4034,48.1083],[31.395,48.107],[31.368,48.118],[31.329,48.113],[31.324,48.137],[31.236,48.116],[31.22,48.17],[31.181,48.178],[31.184,48.203],[31.163,48.222],[31.137,48.228],[31.0919,48.2232],[31.092,48.223],[31.055,48.219],[31.052,48.231],[30.982,48.221],[30.99,48.183],[30.932,48.183],[30.931,48.165],[30.854,48.16],[30.848,48.183],[30.792,48.167],[30.785,48.19],[30.649,48.184],[30.657,48.171],[30.624,48.166],[30.619,48.155],[30.555,48.155],[30.526,48.178],[30.505,48.157],[30.5,48.168],[30.489,48.169],[30.471,48.162],[30.435,48.172],[30.427,48.164],[30.39,48.165],[30.368,48.174],[30.328,48.16],[30.318,48.14],[30.3099,48.1408]]]},"properties":{"id":"UA48080000000082320","name":"Первомайський район","name_en":"Pervomaisk Raion","oblast":"UA48"}},
{"type":"Feature","geometry":{"type":"Polygon","coordinates":[[[30.7753,47.6482],[30.708,47.64],[30.719,47.609],[30.661,47.602],[30.664,47.636],[30.618,47.625],[30.613,47.637],[30.554,47.632],[30.4715,47.6192],[30.4721,47.6173],[30.479,47.594],[30.448,47.576],[30.298,47.556],[30.275,47.565],[30.219,47.552],[30.226,47.539],[30.169,47.53],[30.167,47.5],[30.117,47.493],[30.133,47.469],[30.108,47.437],[30.056,47.431],[30.021,47.441],[29.984,47.435],[29.9776,47.435],[29.976,47.435],[29.976,47.434],[29.974,47.433],[29.951,47.431],[29.952,47.424],[29.875,47.413],[29.887,47.366],[29.909,47.353],[29.891,47.328],[29.933,47.29],[29.957,47.315],[30.04,47.326],[30.073,47.285],[30.109,47.274],[30.117,47.239],[30.149,47.21],[30.172,47.111],[30.109,47.095],[30.137,46.979],[30.236,46.989],[30.246,46.949],[30.263,46.948],[30.257,46.975],[30.314,46.967],[30.316,46.922],[30.349,46.925],[30.371,46.841],[30.404,46.819],[30.4615,46.8259],[30.462,46.826],[30.4628,46.8273],[30.465,46.831],[30.464,46.844],[30.479,46.846],[30.488,46.819],[30.511,46.794],[30.547,46.81],[30.566,46.768],[30.659,46.779],[30.653,46.829],[30.679,46.84],[30.674,46.856],[30.639,46.891],[30.644,46.899],[30.694,46.907],[30.69,46.89],[30.708,46.881],[30.727,46.901],[30.803,46.917],[30.796,46.946],[30.844,46.953],[30.895,46.924],[30.898,46.88],[30.91,46.87],[31.004,46.896],[31.003,46.907],[31.0373,46.908],[31.0366,46.9099],[31.029,46.932],[31.022,46.937],[31.016,46.961],[31.086,46.983],[31.135,46.991],[31.143,46.98],[31.242,46.992],[31.229,47.023],[31.289,47.025],[31.304,47.049],[31.292,47.081],[31.291,47.093],[31.2723,47.159],[31.272,47.159],[31.269,47.171],[31.245,47.177],[31.201,47.171],[31.198,47.154],[31.157,47.156],[31.13,47.152],[31.109,47.155],[31.105,47.166],[31.115,47.168],[31.108,47.189],[31.119,47.191],[31.124,47.178],[31.156,47.182],[31.145,47.219],[31.177,47.224],[31.17,47.265],[31.08,47.253],[31.018,47.238],[30.996,47.289],[30.907,47.276],[30.892,47.32],[30.867,47.335],[30.884,47.358],[30.872,47.4],[30.851,47.419],[30.864,47.445],[30.851,47.504],[30.882,47.508],[30.875,47.544],[30.828,47.549],[30.773,47.545],[30.744,47.581],[30.778,47.585],[30.774,47.624],[30.788,47.648],[30.7779,47.6472],[30.776,47.647],[30.7753,47.6482]]]},"properties":{"id":"UA51020000000097683","name":"Березівський район","name_en":"Berezivka Raion","oblast":"UA51"}},
{"type":"Feature","geometry":{"type":"Polygon","coordinates":[[[30.5517,46.1834],[30.505,46.154],[30.489,46.154],[30.456,46.114],[30.393,46.195],[30.373,46.227],[30.268,46.267],[30.273,46.302],[30.3,46.345],[30.292,46.367],[30.272,46.375],[30.256,46.4],[30.262,46.408],[30.262,46.415],[30.228,46.442],[30.193,46.447],[30.173,46.419],[30.167,46.414],[30.163,46.415],[30.161,46.414],[30.149,46.408],[30.106,46.392],[30.086,46.373],[30.01,46.361],[29.988,46.385],[29.937,46.401],[29.89,46.374],[29.89,46.354],[29.808,46.386],[29.824,46.397],[29.791,46.422],[29.777,46.456],[29.751,46.471],[29.726,46.466],[29.733,46.436],[29.687,46.427],[29.659,46.436],[29.678,46.362],[29.604,46.355],[29.581,46.362],[29.567,46.417],[29.506,46.424],[29.486,46.448],[29.503,46.462],[29.448,46.5],[29.386,46.446],[29.3978,46.4263],[29.41,46.406],[29.431,46.405],[29.436,46.402],[29.45,46.383],[29.482,46.361],[29.408,46.338],[29.383,46.323],[29.459,46.307],[29.531,46.286],[29.604,46.294],[29.621,46.209],[29.605,46.197],[29.553,46.191],[29.515,46.2],[29.483,46.196],[29.473,46.146],[29.525,46.152],[29.533,46.096],[29.502,46.037],[29.551,46.043],[29.56,45.945],[29.59,45.948],[29.595,45.923],[29.496,45.91],[29.465,45.916],[29.437,45.863],[29.466,45.791],[29.402,45.793],[29.41,45.753],[29.375,45.738],[29.315,45.733],[29.3146,45.7326],[29.314,45.732],[29.3144,45.7305],[29.326,45.689],[29.417,45.698],[29.423,45.67],[29.461,45.674],[29.468,45.638],[29.491,45.613],[29.556,45.623],[29.553,45.644],[29.604,45.647],[29.608,45.615],[29.596,45.574],[29.598,45.556],[29.624,45.539],[29.651,45.528],[29.6513,45.5282],[29.678,45.55],[29.684,45.557],[29.773,45.611],[29.836,45.641],[29.918,45.691],[30.028,45.753],[30.087,45.794],[30.197,45.849],[30.256,45.89],[30.327,45.96],[30.43,46.045],[30.47,46.07],[30.514,46.123],[30.553,46.149],[30.561,46.157],[30.5655,46.1651],[30.566,46.166],[30.5517,46.1834]]]},"properties":{"id":"UA51040000000032911","name":"Білгород-Дністровський район","name_en":"Bilhorod-Dnistrovskyi Raion","oblast":"UA51"}},
{"type":"Feature","geometry":{"type":"Polygon","coordinates":[[[29.3978,46.4263],[29.397,46.426],[29.377,46.458],[29.352,46.505],[29.335,46.474],[29.307,46.466],[29.294,46.418],[29.263,46.407],[29.241,46.377],[29.208,46.386],[29.248,46.416],[29.229,46.431],[29.231,46.459],[29.256,46.485],[29.242,46.5],[29.237,46.559],[29.161,46.545],[29.162,46.516],[29.067,46.513],[29.038,46.507],[29.024,46.463],[28.93,46.459],[28.966,46.374],[28.992,46.336],[28.951,46.259],[29.066,46.196],[28.949,46.094],[29.004,46.049],[28.978,46.004],[28.776,45.972],[28.756,45.958],[28.753,45.928],[28.785,45.833],[28.696,45.819],[28.708,45.781],[28.625,45.767],[28.58,45.768],[28.589,45.73],[28.519,45.738],[28.505,45.701],[28.483,45.685],[28.487,45.659],[28.515,45.664],[28.5427,45.581],[28.552,45.553],[28.599,45.534],[28.66,45.521],[28.6438,45.4723],[28.651,45.464],[28.704,45.483],[28.77,45.495],[28.739,45.588],[28.883,45.606],[28.88,45.616],[28.948,45.627],[28.938,45.647],[28.986,45.655],[28.973,45.697],[29.024,45.702],[29.014,45.73],[29.044,45.734],[29.068,45.779],[29.101,45.8],[29.168,45.812],[29.184,45.792],[29.191,45.735],[29.207,45.705],[29.274,45.719],[29.3144,45.7305],[29.314,45.732],[29.3146,45.7326],[29.315,45.733],[29.375,45.738],[29.41,45.753],[29.402,45.793],[29.466,45.791],[29.437,45.863],[29.465,45.916],[29.496,45.91],[29.595,45.923],[29.59,45.948],[29.56,45.945],[29.551,46.043],[29.502,46.037],[29.533,46.096],[29.525,46.152],[29.473,46.146],[29.483,46.196],[29.515,46.2],[29.553,46.191],[29.605,46.197],[29.621,46.209],[29.604,46.294],[29.531,46.286],[29.459,46.307],[29.383,46.323],[29.408,46.338],[29.482,46.361],[29.45,46.383],[29.436,46.402],[29.431,46.405],[29.41,46.406],[29.3978,46.4263]]]},"properties":{"id":"UA51060000000057808","name":"Болградський район","name_en":"Bolhrad Raion","oblast":"UA51"}},
{"type":"Feature","geometry":{"type":"Polygon","coordinates":[[[29.3144,45.7305],[29.274,45.719],[29.207,45.705],[29.191,45.735],[29.184,45.792],[29.168,45.812],[29.101,45.8],[29.068,45.779],[29.044,45.734],[29.014,45.73],[29.024,45.702],[28.973,45.697],[28.986,45.655],[28.938,45.647],[28.948,45.627],[28.88,45.616],[28.883,45.606],[28.739,45.588],[28.77,45.495],[28.704,45.483],[28.651,45.464],[28.6438,45.4723],[28.66,45.521],[28.599,45.534],[28.552,45.553],[28.5427,45.581],[28.542,45.581],[28.49,45.572],[28.514,45.501],[28.422,45.486],[28.421,45.514],[28.304,45.548],[28.254,45.516],[28.213,45.467],[28.271,45.45],[28.286,45.433],[28.284,45.399],[28.335,45.33],[28.349,45.319],[28.531,45.262],[28.561,45.249],[28.642,45.242],[28.719,45.223],[28.782,45.237],[28.753,45.284],[28.794,45.292],[28.82,45.334],[28.849,45.315],[28.874,45.315],[28.934,45.279],[28.95,45.311],[29.044,45.36],[29.105,45.373],[29.18,45.399],[29.186,45.41],[29.238,45.432],[29.291,45.426],[29.333,45.447],[29.363,45.435],[29.429,45.442],[29.474,45.422],[29.55,45.408],[29.592,45.387],[29.65,45.339],[29.669,45.307],[29.677,45.269],[29.661,45.238],[29.688,45.204],[29.76,45.227],[29.755,45.267],[29.785,45.318],[29.764,45.368],[29.786,45.439],[29.78,45.471],[29.75,45.467],[29.731,45.486],[29.705,45.468],[29.673,45.464],[29.633,45.48],[29.625,45.502],[29.641,45.512],[29.652,45.524],[29.6513,45.5282],[29.651,45.528],[29.624,45.539],[29.598,45.556],[29.596,45.574],[29.608,45.615],[29.604,45.647],[29.553,45.644],[29.556,45.623],[29.491,45.613],[29.468,45.638],[29.461,45.674],[29.423,45.67],[29.417,45.698],[29.326,45.689],[29.3144,45.7305]]]},"properties":{"id":"UA51080000000061776","name":"Ізмаїльський район","name_en":"Izmail Raion","oblast":"UA51"}},
{"type":"Feature","geometry":{"type":"Polygon","coordinates":[[[30.615,46.226],[30.579,46.19],[30.566,46.165],[30.5655,46.1651],[30.566,46.166],[30.5517,46.1834],[30.505,46.154],[30.489,46.154],[30.456,46.114],[30.393,46.195],[30.373,46.227],[30.268,46.267],[30.273,46.302],[30.3,46.345],[30.292,46.367],[30.272,46.375],[30.256,46.4],[30.262,46.408],[30.262,46.415],[30.228,46.442],[30.193,46.447],[30.173,46.419],[30.167,46.414],[30.163,46.415],[30.161,46.414],[30.16,46.415],[30.16,46.426],[30.143,46.411],[30.111,46.431],[30.059,46.425],[29.993,46.461],[29.99,46.492],[29.935,46.493],[29.906,46.513],[29.887,46.547],[29.944,46.558],[29.946,46.567],[29.967,46.598],[29.953,46.634],[30.151,46.629],[30.128,46.676],[30.246,46.688],[30.318,46.691],[30.326,46.651],[30.278,46.646],[30.282,46.634],[30.339,46.64],[30.345,46.615],[30.375,46.618],[30.35,46.655],[30.398,46.659],[30.389,46.704],[30.329,46.706],[30.323,46.731],[30.383,46.747],[30.404,46.741],[30.494,46.757],[30.483,46.797],[30.462,46.824],[30.4615,46.8259],[30.462,46.826],[30.4628,46.8273],[30.465,46.831],[30.464,46.844],[30.479,46.846],[30.488,46.819],[30.511,46.794],[30.547,46.81],[30.566,46.768],[30.659,46.779],[30.653,46.829],[30.679,46.84],[30.674,46.856],[30.639,46.891],[30.644,46.899],[30.694,46.907],[30.69,46.89],[30.708,46.881],[30.727,46.901],[30.803,46.917],[30.796,46.946],[30.844,46.953],[30.895,46.924],[30.898,46.88],[30.91,46.87],[31.004,46.896],[31.003,46.907],[31.0373,46.908],[31.039,46.903],[31.092,46.88],[31.11,46.844],[31.155,46.836],[31.152,46.791],[31.177,46.769],[31.153,46.748],[31.155,46.727],[31.178,46.709],[31.185,46.661],[31.176,46.63],[31.1757,46.6258],[31.147,46.623],[31.131,46.615],[31.107,46.615],[30.96,46.582],[30.894,46.57],[30.819,46.546],[30.774,46.554],[30.737,46.528],[30.7369,46.5269],[30.7362,46.5275],[30.7411,46.5354],[30.748,46.541],[30.7477,46.542],[30.7523,46.5453],[30.7641,46.5513],[30.7742,46.5545],[30.7854,46.5567],[30.7869,46.5583],[30.7879,46.5645],[30.7929,46.5702],[30.7981,46.5697],[30.804,46.5707],[30.8118,46.5817],[30.8022,46.585],[30.8088,46.5949],[30.8057,46.594],[30.8029,46.5954],[30.8194,46.6076],[30.8314,46.6219],[30.8132,46.6291],[30.8109,46.6254],[30.8092,46.6259],[30.8068,46.6232],[30.8026,46.6244],[30.7959,46.6163],[30.7964,46.6139],[30.8042,46.611],[30.8012,46.605],[30.8095,46.6062],[30.8143,46.6043],[30.8047,46.5973],[30.8017,46.599],[30.7987,46.5979],[30.7979,46.6001],[30.7942,46.5995],[30.796,46.5951],[30.7953,46.5927],[30.7902,46.5958],[30.7903,46.5975],[30.7876,46.5978],[30.7839,46.5936],[30.786,46.5922],[30.7779,46.5853],[30.7752,46.586],[30.7704,46.5853],[30.7673,46.5836],[30.7639,46.5791],[30.7595,46.5804],[30.758,46.5759],[30.7558,46.5745],[30.7582,46.5689],[30.7576,46.5665],[30.7508,46.5637],[30.7428,46.5622],[30.7347,46.5619],[30.7318,46.5626],[30.7239,46.568],[30.7241,46.5731],[30.7208,46.5769],[30.7175,46.5759],[30.7196,46.5721],[30.7201,46.569],[30.726,46.5581],[30.7265,46.5557],[30.731,46.5521],[30.7251,46.5509],[30.7191,46.552],[30.7192,46.5534],[30.7088,46.5526],[30.7073,46.5539],[30.7014,46.555],[30.699,46.5565],[30.6915,46.5493],[30.6863,46.5464],[30.6778,46.5428],[30.6719,46.5431],[30.666,46.542],[30.6627,46.5428],[30.6589,46.5389],[30.6651,46.5389],[30.6679,46.541],[30.6744,46.5364],[30.6722,46.5363],[30.6734,46.5323],[30.676,46.528],[30.6764,46.5232],[30.6736,46.523],[30.6736,46.5204],[30.6803,46.5222],[30.6811,46.5202],[30.676,46.5159],[30.6717,46.5165],[30.6639,46.512],[30.6654,46.5116],[30.6671,46.5081],[30.6725,46.5093],[30.6767,46.5019],[30.6726,46.5009],[30.6737,46.4985],[30.6671,46.4987],[30.6665,46.5],[30.6588,46.4984],[30.6591,46.4928],[30.6438,46.4968],[30.6434,46.4954],[30.6384,46.4957],[30.6344,46.4942],[30.623,46.5068],[30.624,46.504],[30.6114,46.5028],[30.6155,46.4837],[30.6193,46.4655],[30.6292,46.4648],[30.6288,46.4669],[30.636,46.467],[30.6369,46.4613],[30.6447,46.4616],[30.6455,46.451],[30.6532,46.4511],[30.6527,46.4485],[30.6534,46.4353],[30.6499,46.4285],[30.6537,46.4275],[30.6622,46.4281],[30.6638,46.4259],[30.664,46.4222],[30.6747,46.4174],[30.6764,46.4136],[30.6775,46.4138],[30.6791,46.4098],[30.6831,46.41],[30.6843,46.4026],[30.7073,46.405],[30.7088,46.4036],[30.7071,46.3982],[30.7052,46.3965],[30.688,46.3938],[30.6898,46.3838],[30.6964,46.3845],[30.6963,46.3852],[30.7047,46.3859],[30.7052,46.3884],[30.7145,46.3898],[30.7139,46.3864],[30.7155,46.3832],[30.7138,46.3818],[30.7182,46.3824],[30.7187,46.3775],[30.7219,46.3752],[30.7139,46.3724],[30.714,46.3663],[30.716,46.365],[30.7068,46.358],[30.7067,46.3646],[30.7019,46.3641],[30.7021,46.3595],[30.6984,46.3581],[30.6984,46.3566],[30.6898,46.3559],[30.691,46.3495],[30.6919,46.3495],[30.6914,46.3429],[30.6977,46.3434],[30.7001,46.3427],[30.684,46.326],[30.615,46.226]]]},"properties":{"id":"UA51100000000095786","name":"Одеський район","name_en":"Odesa Raion","oblast":"UA51"}},
{"type":"Feature","geometry":{"type":"Polygon","coordinates":[[[30.6919,46.3495],[30.691,46.3495],[30.6898,46.3559],[30.6984,46.3566],[30.6984,46.3581],[30.7021,46.3595],[30.7019,46.3641],[30.7067,46.3646],[30.7068,46.358],[30.716,46.365],[30.714,46.3663],[30.7139,46.3724],[30.7219,46.3752],[30.7187,46.3775],[30.7182,46.3824],[30.7138,46.3818],[30.7155,46.3832],[30.7139,46.3864],[30.7145,46.3898],[30.7052,46.3884],[30.7047,46.3859],[30.6963,46.3852],[30.6964,46.3845],[30.6898,46.3838],[30.688,46.3938],[30.7052,46.3965],[30.7071,46.3982],[30.7088,46.4036],[30.7073,46.405],[30.6843,46.4026],[30.6831,46.41],[30.691,46.4118],[30.6897,46.4151],[30.6883,46.4294],[30.6968,46.4368],[30.6988,46.4355],[30.6945,46.4309],[30.6983,46.4269],[30.7109,46.4214],[30.7215,46.4292],[30.7169,46.4321],[30.7251,46.4377],[30.7415,46.4364],[30.7456,46.4379],[30.7525,46.4247],[30.7548,46.4197],[30.7522,46.417],[30.7537,46.4147],[30.7613,46.412],[30.7622,46.4152],[30.7687,46.424],[30.7669,46.4273],[30.7684,46.4285],[30.7717,46.4363],[30.7727,46.4413],[30.7715,46.4494],[30.7688,46.4517],[30.7687,46.4565],[30.7638,46.4602],[30.7629,46.4664],[30.7649,46.4712],[30.7658,46.4775],[30.7632,46.4805],[30.767,46.478],[30.774,46.436],[30.753,46.374],[30.714,46.357],[30.7022,46.3448],[30.7001,46.3427],[30.6977,46.3434],[30.6914,46.3429],[30.6919,46.3495]]]},"properties":{"id":"UA51100270010196805","name":"Київський район","name_en":null,"oblast":"UA51","city":"Одеса"}},
{"type":"Feature","geometry":{"type":"Polygon","coordinates":[[[30.6775,46.4138],[30.6764,46.4136],[30.6747,46.4174],[30.664,46.4222],[30.6638,46.4259],[30.6622,46.4281],[30.6537,46.4275],[30.6499,46.4285],[30.6534,46.4353],[30.6527,46.4485],[30.6532,46.4511],[30.6455,46.451],[30.6447,46.4616],[30.6369,46.4613],[30.636,46.467],[30.6288,46.4669],[30.6292,46.4648],[30.6193,46.4655],[30.6155,46.4837],[30.6114,46.5028],[30.624,46.504],[30.623,46.5068],[30.6344,46.4942],[30.6384,46.4957],[30.6434,46.4954],[30.6438,46.4968],[30.6591,46.4928],[30.6727,46.4907],[30.6767,46.4889],[30.6882,46.4806],[30.6917,46.4795],[30.6967,46.4803],[30.6959,46.4771],[30.6982,46.4765],[30.7042,46.4774],[30.7094,46.4751],[30.7258,46.4737],[30.7277,46.472],[30.7275,46.4624],[30.7321,46.4617],[30.7293,46.4583],[30.7286,46.4525],[30.7363,46.451],[30.7381,46.4521],[30.7456,46.4379],[30.7415,46.4364],[30.7251,46.4377],[30.7169,46.4321],[30.7215,46.4292],[30.7109,46.4214],[30.6983,46.4269],[30.6945,46.4309],[30.6988,46.4355],[30.6968,46.4368],[30.6883,46.4294],[30.6897,46.4151],[30.691,46.4118],[30.6831,46.41],[30.6791,46.4098],[30.6775,46.4138]]]},"properties":{"id":"UA51100270010275193","name":"Хаджибейський район","name_en":null,"oblast":"UA51","city":"Одеса"}},
{"type":"Feature","geometry":{"type":"Polygon","coordinates":[[[30.7687,46.4565],[30.7688,46.4517],[30.7715,46.4494],[30.7727,46.4413],[30.7717,46.4363],[30.7684,46.4285],[30.7669,46.4273],[30.7687,46.424],[30.7622,46.4152],[30.7613,46.412],[30.7537,46.4147],[30.7522,46.417],[30.7548,46.4197],[30.7525,46.4247],[30.7456,46.4379],[30.7381,46.4521],[30.7363,46.451],[30.7286,46.4525],[30.7293,46.4583],[30.7321,46.4617],[30.7275,46.4624],[30.7277,46.472],[30.7258,46.4737],[30.7094,46.4751],[30.7042,46.4774],[30.6982,46.4765],[30.6959,46.4771],[30.6967,46.4803],[30.6994,46.48],[30.7039,46.486],[30.7079,46.4844],[30.7121,46.4892],[30.7141,46.493],[30.7178,46.4967],[30.723,46.4972],[30.7271,46.496],[30.7248,46.5048],[30.7302,46.505],[30.7317,46.5014],[30.7312,46.4995],[30.7335,46.4967],[30.7376,46.4967],[30.7345,46.4943],[30.7379,46.4922],[30.7413,46.4949],[30.7431,46.4937],[30.7462,46.4916],[30.7473,46.4909],[30.7507,46.4887],[30.7522,46.4877],[30.7574,46.4843],[30.7632,46.4805],[30.7658,46.4775],[30.7649,46.4712],[30.7629,46.4664],[30.7638,46.4602],[30.7687,46.4565]]]},"properties":{"id":"UA51100270010320268","name":"Приморський район","name_en":null,"oblast":"UA51","city":"Одеса"}},
{"type":"Feature","geometry":{"type":"Polygon","coordinates":[[[30.7413,46.4949],[30.7379,46.4922],[30.7345,46.4943],[30.7376,46.4967],[30.7335,46.4967],[30.7312,46.4995],[30.7317,46.5014],[30.7302,46.505],[30.7248,46.5048],[30.7271,46.496],[30.723,46.4972],[30.7178,46.4967],[30.7141,46.493],[30.7121,46.4892],[30.7079,46.4844],[30.7039,46.486],[30.6994,46.48],[30.6967,46.4803],[30.6917,46.4795],[30.6882,46.4806],[30.6767,46.4889],[30.6727,46.4907],[30.6591,46.4928],[30.6588,46.4984],[30.6665,46.5],[30.6671,46.4987],[30.6737,46.4985],[30.6726,46.5009],[30.6767,46.5019],[30.6725,46.5093],[30.6671,46.5081],[30.6654,46.5116],[30.6639,46.512],[30.6717,46.5165],[30.676,46.5159],[30.6811,46.5202],[30.6803,46.5222],[30.6736,46.5204],[30.6736,46.523],[30.6764,46.5232],[30.676,46.528],[30.6734,46.5323],[30.6722,46.5363],[30.6744,46.5364],[30.6679,46.541],[30.6651,46.5389],[30.6589,46.5389],[30.6627,46.5428],[30.666,46.542],[30.6719,46.5431],[30.6778,46.5428],[30.6863,46.5464],[30.6915,46.5493],[30.699,46.5565],[30.7014,46.555],[30.7073,46.5539],[30.7088,46.5526],[30.7192,46.5534],[30.7191,46.552],[30.7251,46.5509],[30.731,46.5521],[30.7265,46.5557],[30.726,46.5581],[30.7201,46.569],[30.7196,46.5721],[30.7175,46.5759],[30.7208,46.5769],[30.7241,46.5731],[30.7239,46.568],[30.7318,46.5626],[30.7347,46.5619],[30.7428,46.5622],[30.7508,46.5637],[30.7576,46.5665],[30.7582,46.5689],[30.7558,46.5745],[30.758,46.5759],[30.7595,46.5804],[30.7639,46.5791],[30.7673,46.5836],[30.7704,46.5853],[30.7752,46.586],[30.7779,46.5853],[30.786,46.5922],[30.7839,46.5936],[30.7876,46.5978],[30.7903,46.5975],[30.7902,46.5958],[30.7953,46.5927],[30.796,46.5951],[30.7942,46.5995],[30.7979,46.6001],[30.7987,46.5979],[30.8017,46.599],[30.8047,46.5973],[30.8143,46.6043],[30.8095,46.6062],[30.8012,46.605],[30.8042,46.611],[30.7964,46.6139],[30.7959,46.6163],[30.8026,46.6244],[30.8068,46.6232],[30.8092,46.6259],[30.8109,46.6254],[30.8132,46.6291],[30.8314,46.6219],[30.8194,46.6076],[30.8029,46.5954],[30.8057,46.594],[30.8088,46.5949],[30.8022,46.585],[30.8118,46.5817],[30.804,46.5707],[30.7981,46.5697],[30.7929,46.5702],[30.7879,46.5645],[30.7869,46.5583],[30.7854,46.5567],[30.7742,46.5545],[30.7641,46.5513],[30.7523,46.5453],[30.7477,46.542],[30.748,46.541],[30.7411,46.5354],[30.7362,46.5275],[30.7369,46.5269],[30.7367,46.5238],[30.735,46.499],[30.7413,46.4949]]]},"properties":{"id":"UA51100270010413116","name":"Пересипський район","name_en":null,"oblast":"UA51","city":"Одеса"}},
{"type":"Feature","geometry":{"type":"Polygon","coordinates":[[[29.595,47.451],[29.574,47.474],[29.599,47.508],[29.709,47.522],[29.718,47.518],[29.825,47.53],[29.844,47.469],[29.891,47.46],[29.939,47.465],[29.948,47.437],[29.962,47.439],[29.963,47.436],[29.975,47.437],[29.976,47.435],[29.9776,47.435],[29.984,47.435],[30.021,47.441],[30.056,47.431],[30.108,47.437],[30.133,47.469],[30.117,47.493],[30.167,47.5],[30.169,47.53],[30.226,47.539],[30.219,47.552],[30.275,47.565],[30.298,47.556],[30.448,47.576],[30.479,47.594],[30.4721,47.6173],[30.4715,47.6192],[30.465,47.641],[30.421,47.635],[30.414,47.677],[30.39,47.752],[30.425,47.76],[30.417,47.786],[30.424,47.822],[30.332,47.811],[30.314,47.862],[30.299,47.923],[30.308,47.931],[30.278,47.955],[30.227,48.011],[30.258,48.02],[30.257,48.029],[30.234,48.062],[30.251,48.089],[30.283,48.084],[30.326,48.093],[30.358,48.1],[30.358,48.113],[30.316,48.118],[30.3099,48.1408],[30.309,48.144],[30.27,48.148],[30.26,48.149],[30.253,48.144],[30.24,48.142],[30.19,48.156],[30.165,48.146],[30.094,48.143],[30.08,48.148],[30.065,48.148],[30.063,48.153],[30.05,48.151],[30.033,48.18],[30.022,48.187],[30.01,48.183],[30.002,48.186],[30.001,48.196],[30.01,48.21],[29.93,48.234],[29.891,48.187],[29.841,48.214],[29.812,48.209],[29.793,48.202],[29.786,48.205],[29.785,48.209],[29.7817,48.2097],[29.78,48.21],[29.7797,48.2088],[29.779,48.206],[29.775,48.204],[29.768,48.204],[29.763,48.201],[29.714,48.202],[29.682,48.189],[29.668,48.122],[29.602,48.134],[29.593,48.117],[29.587,48.118],[29.585,48.114],[29.58,48.112],[29.584,48.109],[29.558,48.101],[29.527,48.099],[29.479,48.109],[29.473,48.123],[29.394,48.115],[29.352,48.09],[29.331,48.095],[29.306,48.091],[29.267,48.095],[29.268,48.107],[29.208,48.135],[29.134,48.154],[29.078,48.195],[29.071,48.194],[29.0649,48.1957],[29.064,48.196],[29.0632,48.1948],[29.062,48.193],[29.058,48.194],[29.059,48.187],[29.045,48.175],[29.042,48.157],[29.049,48.15],[28.945,48.158],[28.928,48.095],[28.854,48.08],[28.8478,48.08],[28.841,48.08],[28.851,48.06],[28.839,48.035],[28.925,47.959],[28.962,47.978],[29.032,47.942],[29.088,47.946],[29.087,47.978],[29.126,47.993],[29.175,47.993],[29.2,47.883],[29.263,47.889],[29.206,47.837],[29.197,47.82],[29.219,47.797],[29.247,47.81],[29.275,47.803],[29.248,47.752],[29.215,47.74],[29.203,47.719],[29.221,47.698],[29.208,47.629],[29.216,47.613],[29.166,47.572],[29.116,47.554],[29.151,47.506],[29.185,47.518],[29.181,47.449],[29.194,47.425],[29.241,47.46],[29.243,47.414],[29.273,47.434],[29.317,47.448],[29.336,47.37],[29.39,47.379],[29.383,47.345],[29.397,47.3],[29.487,47.305],[29.488,47.355],[29.517,47.364],[29.5729,47.3698],[29.575,47.37],[29.595,47.418],[29.595,47.451]]]},"properties":{"id":"UA51120000000021678","name":"Подільський район","name_en":"Podilsk Raion","oblast":"UA51"}},
{"type":"Feature","geometry":{"type":"Polygon","coordinates":[[[29.976,47.435],[29.975,47.437],[29.963,47.436],[29.962,47.439],[29.948,47.437],[29.939,47.465],[29.891,47.46],[29.844,47.469],[29.825,47.53],[29.718,47.518],[29.709,47.522],[29.599,47.508],[29.574,47.474],[29.595,47.451],[29.595,47.418],[29.575,47.37],[29.5729,47.3698],[29.579,47.351],[29.597,47.258],[29.551,47.252],[29.579,47.137],[29.506,47.129],[29.53,47.074],[29.549,47.093],[29.612,47.099],[29.627,47.046],[29.601,47.042],[29.595,46.964],[29.639,46.954],[29.648,46.918],[29.7008,46.9239],[29.731,46.916],[29.749,46.86],[29.849,46.874],[29.883,46.885],[29.883,46.849],[29.905,46.819],[29.952,46.839],[29.971,46.823],[29.934,46.806],[29.973,46.753],[29.97,46.689],[29.945,46.65],[29.953,46.634],[30.151,46.629],[30.128,46.676],[30.246,46.688],[30.318,46.691],[30.326,46.651],[30.278,46.646],[30.282,46.634],[30.339,46.64],[30.345,46.615],[30.375,46.618],[30.35,46.655],[30.398,46.659],[30.389,46.704],[30.329,46.706],[30.323,46.731],[30.383,46.747],[30.404,46.741],[30.494,46.757],[30.483,46.797],[30.462,46.824],[30.4615,46.8259],[30.404,46.819],[30.371,46.841],[30.349,46.925],[30.316,46.922],[30.314,46.967],[30.257,46.975],[30.263,46.948],[30.246,46.949],[30.236,46.989],[30.137,46.979],[30.109,47.095],[30.172,47.111],[30.149,47.21],[30.117,47.239],[30.109,47.274],[30.073,47.285],[30.04,47.326],[29.957,47.315],[29.933,47.29],[29.891,47.328],[29.909,47.353],[29.887,47.366],[29.875,47.413],[29.952,47.424],[29.951,47.431],[29.974,47.433],[29.976,47.434],[29.976,47.435]]]},"properties":{"id":"UA51140000000094970","name":"Роздільнянський район","name_en":"Rozdilna Raion","oblast":"UA51"}},
{"type":"Feature","geometry":{"type":"Polygon","coordinates":[[[32.726,49.723],[32.725,49.71],[32.695,49.672],[32.696,49.663],[32.689,49.661],[32.6891,49.6608],[32.6899,49.6592],[32.691,49.657],[32.711,49.63],[32.706,49.615],[32.714,49.599],[32.733,49.595],[32.739,49.585],[32.75,49.582],[32.746,49.575],[32.752,49.566],[32.749,49.525],[32.711,49.501],[32.677,49.5],[32.669,49.489],[32.665,49.46],[32.651,49.44],[32.679,49.424],[32.677,49.399],[32.691,49.383],[32.713,49.384],[32.737,49.354],[32.689,49.353],[32.652,49.357],[32.595,49.379],[32.573,49.38],[32.556,49.385],[32.547,49.382],[32.53,49.39],[32.525,49.402],[32.51,49.409],[32.491,49.393],[32.491,49.384],[32.462,49.35],[32.471,49.34],[32.471,49.336],[32.4672,49.3284],[32.469,49.329],[32.4697,49.3286],[32.493,49.314],[32.506,49.308],[32.599,49.276],[32.658,49.248],[32.712,49.259],[32.747,49.245],[32.798,49.24],[32.815,49.25],[32.85,49.25],[32.86,49.246],[32.86,49.2457],[32.86,49.244],[32.874,49.239],[32.891,49.231],[32.937,49.229],[32.983,49.239],[32.987,49.206],[33.028,49.187],[33.102,49.184],[33.119,49.175],[33.157,49.129],[33.161,49.094],[33.199,49.073],[33.25,49.085],[33.249,49.148],[33.261,49.152],[33.272,49.134],[33.284,49.123],[33.303,49.118],[33.288,49.098],[33.287,49.083],[33.31,49.062],[33.325,49.023],[33.297,49.004],[33.323,48.962],[33.402,48.927],[33.4,48.952],[33.432,48.956],[33.475,48.951],[33.498,48.926],[33.537,48.93],[33.547,48.912],[33.576,48.91],[33.59,48.916],[33.61,48.938],[33.637,48.973],[33.665,48.977],[33.68,48.956],[33.722,48.939],[33.762,48.945],[33.829,48.933],[33.862,48.912],[33.891,48.903],[33.8933,48.9009],[33.8946,48.8998],[33.901,48.894],[33.92,48.882],[33.926,48.879],[33.93,48.879],[33.93,48.8808],[33.93,48.881],[34.011,48.934],[33.976,48.958],[33.926,48.978],[33.882,48.987],[33.882,49.015],[33.928,49.014],[33.963,49.025],[33.985,49.084],[34.046,49.076],[34.056,49.113],[34.088,49.114],[34.094,49.177],[34.043,49.183],[34.029,49.237],[34.005,49.25],[34.027,49.277],[33.989,49.311],[33.979,49.368],[33.914,49.363],[33.873,49.386],[33.869,49.407],[33.818,49.405],[33.802,49.409],[33.789,49.427],[33.807,49.454],[33.804,49.476],[33.775,49.472],[33.771,49.481],[33.738,49.499],[33.724,49.498],[33.702,49.504],[33.696,49.51],[33.641,49.521],[33.617,49.576],[33.54,49.59],[33.488,49.607],[33.488,49.609],[33.49,49.612],[33.49,49.6121],[33.4904,49.6135],[33.464,49.616],[33.464,49.619],[33.44,49.624],[33.448,49.637],[33.409,49.643],[33.382,49.658],[33.366,49.65],[33.32,49.65],[33.281,49.64],[33.252,49.663],[33.143,49.661],[33.152,49.693],[33.06,49.715],[33.053,49.733],[33.018,49.756],[32.922,49.774],[32.911,49.791],[32.857,49.808],[32.851,49.789],[32.817,49.786],[32.814,49.782],[32.816,49.772],[32.822,49.766],[32.819,49.756],[32.797,49.755],[32.758,49.743],[32.722,49.739],[32.726,49.723]]]},"properties":{"id":"UA53020000000034761","name":"Кременчуцький район","name_en":"Kremenchuk Raion","oblast":"UA53"}},
{"type":"Feature","geometry":{"type":"Polygon","coordinates":[[[32.938,50.43],[32.937,50.43],[32.9354,50.4313],[32.919,50.43],[32.9,50.408],[32.838,50.376],[32.811,50.377],[32.787,50.369],[32.793,50.348],[32.75,50.361],[32.585,50.356],[32.525,50.347],[32.487,50.369],[32.493,50.397],[32.446,50.399],[32.339,50.429],[32.295,50.399],[32.29,50.38],[32.251,50.375],[32.219,50.359],[32.159,50.353],[32.1438,50.3494],[32.1422,50.3491],[32.142,50.349],[32.1425,50.3483],[32.1434,50.3471],[32.151,50.337],[32.138,50.305],[32.083,50.282],[32.099,50.276],[32.089,50.246],[32.096,50.237],[32.1132,50.2297],[32.1182,50.2275],[32.124,50.225],[32.111,50.212],[32.155,50.187],[32.176,50.164],[32.298,50.141],[32.303,50.121],[32.261,50.082],[32.313,50.038],[32.334,50.057],[32.364,50.033],[32.378,49.98],[32.427,49.96],[32.413,49.903],[32.433,49.888],[32.373,49.874],[32.437,49.821],[32.449,49.795],[32.503,49.803],[32.514,49.773],[32.555,49.773],[32.573,49.702],[32.662,49.68],[32.684,49.661],[32.689,49.659],[32.6899,49.6592],[32.6891,49.6608],[32.689,49.661],[32.696,49.663],[32.695,49.672],[32.725,49.71],[32.726,49.723],[32.722,49.739],[32.758,49.743],[32.797,49.755],[32.819,49.756],[32.822,49.766],[32.816,49.772],[32.814,49.782],[32.817,49.786],[32.851,49.789],[32.857,49.808],[32.911,49.791],[32.922,49.774],[33.018,49.756],[33.053,49.733],[33.06,49.715],[33.152,49.693],[33.143,49.661],[33.252,49.663],[33.281,49.64],[33.32,49.65],[33.366,49.65],[33.382,49.658],[33.409,49.643],[33.448,49.637],[33.44,49.624],[33.464,49.619],[33.464,49.616],[33.4904,49.6135],[33.491,49.616],[33.509,49.634],[33.499,49.693],[33.546,49.738],[33.539,49.768],[33.58,49.785],[33.579,49.819],[33.565,49.832],[33.484,49.856],[33.467,49.854],[33.46,49.848],[33.45,49.852],[33.438,49.85],[33.397,49.886],[33.366,49.89],[33.382,49.943],[33.306,49.979],[33.294,49.993],[33.294,50.012],[33.367,50.025],[33.387,50.059],[33.383,50.068],[33.396,50.076],[33.403,50.087],[33.388,50.088],[33.376,50.111],[33.393,50.144],[33.377,50.148],[33.347,50.168],[33.343,50.174],[33.343,50.189],[33.336,50.199],[33.309,50.194],[33.287,50.184],[33.259,50.149],[33.22,50.149],[33.212,50.17],[33.151,50.189],[33.15,50.234],[33.126,50.243],[33.125,50.262],[33.136,50.268],[33.133,50.281],[33.12,50.289],[33.108,50.283],[33.09,50.324],[33.041,50.338],[33.061,50.367],[33.051,50.385],[33,50.382],[33.015,50.408],[32.989,50.423],[32.961,50.417],[32.945,50.43],[32.938,50.43]],[[33.2106,49.867],[33.2,49.883],[33.217,49.905],[33.207,49.923],[33.28,49.964],[33.326,49.954],[33.294,49.931],[33.242,49.918],[33.263,49.902],[33.236,49.86],[33.2106,49.867]]]},"properties":{"id":"UA53040000000081308","name":"Лубенський район","name_en":"Lubny Raion","oblast":"UA53"}},
{"type":"Feature","geometry":{"type":"MultiPolygon","coordinates":[[[[33.6977,49.512],[33.7,49.512],[33.696,49.533],[33.677,49.563],[33.683,49.59],[33.744,49.592],[33.792,49.583],[33.809,49.604],[33.868,49.617],[33.868,49.647],[33.909,49.648],[33.931,49.663],[33.948,49.661],[33.94,49.703],[34.033,49.701],[34.068,49.73],[34.047,49.741],[34.045,49.756],[34.124,49.767],[34.141,49.795],[34.224,49.803],[34.232,49.822],[34.232,49.859],[34.252,49.869],[34.234,49.884],[34.243,49.898],[34.266,49.896],[34.285,49.9],[34.291,49.905],[34.285,49.918],[34.262,49.93],[34.256,49.944],[34.289,49.948],[34.286,49.964],[34.243,49.961],[34.238,49.998],[34.21,50.02],[34.212,50.039],[34.192,50.04],[34.138,50.065],[34.091,50.062],[34.053,50.079],[34.036,50.111],[34.079,50.123],[34.087,50.148],[34.129,50.158],[34.141,50.212],[34.207,50.308],[34.227,50.316],[34.224,50.325],[34.235,50.33],[34.226,50.337],[34.238,50.345],[34.252,50.343],[34.272,50.345],[34.272,50.353],[34.304,50.352],[34.313,50.344],[34.335,50.345],[34.344,50.354],[34.361,50.353],[34.368,50.362],[34.3764,50.3602],[34.3804,50.3594],[34.392,50.366],[34.392,50.3664],[34.389,50.366],[34.3874,50.3665],[34.373,50.371],[34.342,50.389],[34.287,50.412],[34.251,50.44],[34.254,50.49],[34.249,50.515],[34.2454,50.523],[34.245,50.524],[34.2455,50.525],[34.241,50.525],[34.231,50.528],[34.229,50.527],[34.219,50.534],[34.172,50.526],[34.104,50.505],[34.062,50.517],[34.039,50.506],[33.955,50.548],[33.914,50.515],[33.893,50.535],[33.874,50.534],[33.812,50.517],[33.849,50.499],[33.828,50.483],[33.787,50.479],[33.786,50.462],[33.734,50.46],[33.718,50.469],[33.615,50.484],[33.573,50.496],[33.539,50.491],[33.376,50.499],[33.375,50.522],[33.32,50.521],[33.276,50.555],[33.242,50.54],[33.242,50.529],[33.233,50.513],[33.227,50.509],[33.221,50.505],[33.194,50.509],[33.179,50.522],[33.119,50.506],[33.1,50.519],[33.073,50.52],[33.07,50.519],[33.066,50.5203],[33.064,50.521],[33.0618,50.5199],[33.058,50.518],[33.042,50.503],[33.022,50.503],[33.026,50.493],[33.012,50.481],[33.014,50.472],[32.99,50.479],[32.988,50.475],[32.974,50.477],[32.969,50.474],[32.978,50.463],[32.967,50.459],[32.965,50.454],[32.969,50.45],[32.959,50.443],[32.949,50.447],[32.932,50.438],[32.932,50.434],[32.9354,50.4313],[32.937,50.43],[32.938,50.43],[32.945,50.43],[32.961,50.417],[32.989,50.423],[33.015,50.408],[33,50.382],[33.051,50.385],[33.061,50.367],[33.041,50.338],[33.09,50.324],[33.108,50.283],[33.12,50.289],[33.133,50.281],[33.136,50.268],[33.125,50.262],[33.126,50.243],[33.15,50.234],[33.151,50.189],[33.212,50.17],[33.22,50.149],[33.259,50.149],[33.287,50.184],[33.309,50.194],[33.336,50.199],[33.343,50.189],[33.343,50.174],[33.347,50.168],[33.377,50.148],[33.393,50.144],[33.376,50.111],[33.388,50.088],[33.403,50.087],[33.396,50.076],[33.383,50.068],[33.387,50.059],[33.367,50.025],[33.294,50.012],[33.294,49.993],[33.306,49.979],[33.382,49.943],[33.366,49.89],[33.397,49.886],[33.438,49.85],[33.45,49.852],[33.46,49.848],[33.467,49.854],[33.484,49.856],[33.565,49.832],[33.579,49.819],[33.58,49.785],[33.539,49.768],[33.546,49.738],[33.499,49.693],[33.509,49.634],[33.491,49.616],[33.4904,49.6135],[33.49,49.6121],[33.49,49.612],[33.488,49.609],[33.488,49.607],[33.54,49.59],[33.617,49.576],[33.641,49.521],[33.696,49.51],[33.697,49.512],[33.6977,49.512]]],[[[33.2106,49.867],[33.236,49.86],[33.263,49.902],[33.242,49.918],[33.294,49.931],[33.326,49.954],[33.28,49.964],[33.207,49.923],[33.217,49.905],[33.2,49.883],[33.2106,49.867]]]]},"properties":{"id":"UA53060000000045271","name":"Миргородський район","name_en":"Myrhorod Raion","oblast":"UA53"}},
{"type":"Feature","geometry":{"type":"Polygon","coordinates":[[[33.93,48.879],[33.946,48.878],[33.981,48.865],[34.012,48.866],[34.034,48.843],[34.074,48.823],[34.126,48.814],[34.125,48.784],[34.171,48.777],[34.25,48.743],[34.286,48.743],[34.296,48.738],[34.292,48.727],[34.292,48.725],[34.292,48.723],[34.2933,48.7223],[34.294,48.722],[34.308,48.729],[34.304,48.734],[34.315,48.738],[34.299,48.786],[34.298,48.82],[34.33,48.821],[34.338,48.872],[34.301,48.896],[34.313,48.941],[34.354,48.983],[34.333,49.008],[34.417,49.054],[34.406,49.075],[34.411,49.09],[34.465,49.063],[34.543,49.053],[34.575,49.062],[34.567,49.082],[34.59,49.104],[34.601,49.108],[34.608,49.115],[34.622,49.12],[34.6238,49.1212],[34.625,49.122],[34.625,49.124],[34.637,49.123],[34.649,49.13],[34.708,49.129],[34.765,49.149],[34.777,49.175],[34.805,49.167],[34.822,49.187],[34.853,49.19],[34.899,49.148],[34.947,49.191],[34.976,49.18],[35.005,49.154],[35.011,49.151],[35.01,49.148],[35.017,49.149],[35.0181,49.1501],[35.019,49.151],[35.0187,49.1518],[34.981,49.25],[35.007,49.301],[35.037,49.331],[35.088,49.3],[35.17,49.295],[35.242,49.296],[35.274,49.283],[35.289,49.296],[35.28,49.318],[35.376,49.398],[35.349,49.406],[35.365,49.448],[35.317,49.456],[35.332,49.504],[35.433,49.487],[35.482,49.483],[35.485,49.517],[35.43,49.527],[35.434,49.541],[35.428,49.55],[35.41,49.561],[35.476,49.565],[35.487,49.572],[35.453,49.631],[35.427,49.657],[35.435,49.665],[35.4342,49.6722],[35.434,49.674],[35.432,49.674],[35.426,49.674],[35.421,49.672],[35.39,49.671],[35.385,49.668],[35.345,49.666],[35.331,49.683],[35.266,49.686],[35.26,49.734],[35.223,49.738],[35.206,49.757],[35.203,49.795],[35.223,49.808],[35.22,49.831],[35.14,49.861],[35.074,49.859],[35.033,49.888],[35.014,49.877],[34.94,49.904],[34.913,49.936],[34.893,49.933],[34.867,49.959],[34.858,49.987],[34.903,50.031],[34.966,50.074],[34.938,50.097],[34.934,50.135],[34.939,50.145],[34.9405,50.1511],[34.941,50.153],[34.9402,50.1531],[34.902,50.16],[34.855,50.163],[34.798,50.161],[34.762,50.147],[34.734,50.161],[34.699,50.151],[34.698,50.112],[34.569,50.126],[34.547,50.133],[34.54,50.142],[34.539,50.155],[34.528,50.155],[34.535,50.172],[34.527,50.18],[34.572,50.228],[34.523,50.262],[34.508,50.286],[34.456,50.288],[34.401,50.319],[34.412,50.337],[34.382,50.359],[34.3804,50.3594],[34.3764,50.3602],[34.368,50.362],[34.361,50.353],[34.344,50.354],[34.335,50.345],[34.313,50.344],[34.304,50.352],[34.272,50.353],[34.272,50.345],[34.252,50.343],[34.238,50.345],[34.226,50.337],[34.235,50.33],[34.224,50.325],[34.227,50.316],[34.207,50.308],[34.141,50.212],[34.129,50.158],[34.087,50.148],[34.079,50.123],[34.036,50.111],[34.053,50.079],[34.091,50.062],[34.138,50.065],[34.192,50.04],[34.212,50.039],[34.21,50.02],[34.238,49.998],[34.243,49.961],[34.286,49.964],[34.289,49.948],[34.256,49.944],[34.262,49.93],[34.285,49.918],[34.291,49.905],[34.285,49.9],[34.266,49.896],[34.243,49.898],[34.234,49.884],[34.252,49.869],[34.232,49.859],[34.232,49.822],[34.224,49.803],[34.141,49.795],[34.124,49.767],[34.045,49.756],[34.047,49.741],[34.068,49.73],[34.033,49.701],[33.94,49.703],[33.948,49.661],[33.931,49.663],[33.909,49.648],[33.868,49.647],[33.868,49.617],[33.809,49.604],[33.792,49.583],[33.744,49.592],[33.683,49.59],[33.677,49.563],[33.696,49.533],[33.7,49.512],[33.6977,49.512],[33.697,49.512],[33.696,49.51],[33.702,49.504],[33.724,49.498],[33.738,49.499],[33.771,49.481],[33.775,49.472],[33.804,49.476],[33.807,49.454],[33.789,49.427],[33.802,49.409],[33.818,49.405],[33.869,49.407],[33.873,49.386],[33.914,49.363],[33.979,49.368],[33.989,49.311],[34.027,49.277],[34.005,49.25],[34.029,49.237],[34.043,49.183],[34.094,49.177],[34.088,49.114],[34.056,49.113],[34.046,49.076],[33.985,49.084],[33.963,49.025],[33.928,49.014],[33.882,49.015],[33.882,48.987],[33.926,48.978],[33.976,48.958],[34.011,48.934],[33.93,48.881],[33.93,48.8808],[33.93,48.879]]]},"properties":{"id":"UA53080000000068029","name":"Полтавський район","name_en":"Poltava Raion","oblast":"UA53"}},
{"type":"Feature","geometry":{"type":"Polygon","coordinates":[[[25.947,51.233],[25.996,51.229],[26.052,51.191],[26.058,51.1857],[26.058,51.186],[26.071,51.2],[26.108,51.207],[26.159,51.233],[26.257,51.236],[26.268,51.254],[26.182,51.3],[26.232,51.335],[26.244,51.303],[26.342,51.326],[26.33,51.339],[26.33,51.344],[26.337,51.356],[26.358,51.355],[26.362,51.364],[26.382,51.379],[26.426,51.387],[26.447,51.405],[26.427,51.428],[26.377,51.419],[26.358,51.463],[26.308,51.459],[26.285,51.47],[26.318,51.494],[26.226,51.549],[26.296,51.557],[26.275,51.608],[26.297,51.64],[26.259,51.661],[26.168,51.698],[26.194,51.699],[26.228,51.729],[26.24,51.734],[26.279,51.728],[26.312,51.711],[26.346,51.711],[26.327,51.751],[26.346,51.768],[26.439,51.763],[26.466,51.789],[26.471,51.801],[26.4729,51.8009],[26.471,51.814],[26.428,51.834],[26.397,51.832],[26.372,51.863],[26.304,51.861],[26.273,51.872],[26.156,51.866],[26.095,51.913],[25.987,51.933],[25.924,51.916],[25.82,51.929],[25.825,51.944],[25.764,51.95],[25.756,51.925],[25.707,51.917],[25.593,51.926],[25.629,51.904],[25.677,51.903],[25.709,51.896],[25.689,51.88],[25.668,51.873],[25.656,51.859],[25.65,51.855],[25.65,51.851],[25.646,51.852],[25.641,51.848],[25.651,51.818],[25.645,51.799],[25.684,51.757],[25.65,51.708],[25.65,51.693],[25.609,51.64],[25.589,51.643],[25.556,51.625],[25.565,51.604],[25.58,51.61],[25.585,51.596],[25.6,51.581],[25.597,51.561],[25.566,51.54],[25.596,51.524],[25.551,51.519],[25.556,51.502],[25.611,51.508],[25.642,51.48],[25.647,51.418],[25.672,51.418],[25.7,51.396],[25.724,51.401],[25.761,51.401],[25.756,51.382],[25.807,51.376],[25.832,51.388],[25.831,51.334],[25.848,51.321],[25.877,51.316],[25.878,51.307],[25.922,51.287],[25.936,51.271],[25.942,51.253],[25.948,51.252],[25.947,51.233]]]},"properties":{"id":"UA56020000000011586","name":"Вараський район","name_en":"Varash Raion","oblast":"UA56"}},
{"type":"Feature","geometry":{"type":"Polygon","coordinates":[[[25.1117,50.2863],[25.112,50.284],[25.129,50.281],[25.158,50.289],[25.204,50.279],[25.202,50.254],[25.169,50.224],[25.169,50.201],[25.214,50.179],[25.196,50.13],[25.318,50.015],[25.329,50.012],[25.346,50.003],[25.3477,50.003],[25.348,50.003],[25.3482,50.0044],[25.35,50.017],[25.36,50.016],[25.364,50.045],[25.432,50.052],[25.455,50.093],[25.49,50.101],[25.485,50.115],[25.449,50.125],[25.45,50.15],[25.476,50.165],[25.555,50.149],[25.576,50.175],[25.626,50.151],[25.684,50.176],[25.725,50.172],[25.858,50.19],[25.898,50.233],[25.924,50.247],[25.924,50.254],[25.961,50.256],[25.969,50.245],[25.991,50.242],[26.018,50.228],[26.065,50.256],[26.078,50.249],[26.1121,50.2412],[26.1127,50.2433],[26.115,50.251],[26.128,50.272],[26.061,50.268],[25.994,50.31],[25.972,50.351],[25.926,50.367],[25.931,50.394],[25.976,50.394],[26.057,50.382],[26.055,50.443],[26.103,50.501],[26.092,50.532],[26.025,50.504],[25.999,50.507],[25.972,50.52],[25.99,50.536],[25.956,50.544],[25.941,50.535],[25.923,50.551],[25.907,50.559],[25.913,50.566],[25.913,50.585],[25.905,50.594],[25.854,50.608],[25.813,50.608],[25.8269,50.619],[25.826,50.619],[25.817,50.627],[25.815,50.637],[25.792,50.666],[25.743,50.669],[25.694,50.703],[25.693,50.724],[25.628,50.713],[25.514,50.684],[25.461,50.661],[25.415,50.665],[25.389,50.675],[25.388,50.657],[25.38,50.65],[25.37,50.653],[25.359,50.648],[25.363,50.64],[25.388,50.63],[25.399,50.606],[25.293,50.612],[25.319,50.585],[25.311,50.545],[25.271,50.532],[25.15,50.546],[25.133,50.548],[25.123,50.553],[25.123,50.529],[25.145,50.522],[25.162,50.503],[25.146,50.438],[25.174,50.402],[25.21,50.372],[25.184,50.363],[25.143,50.369],[25.167,50.33],[25.11,50.311],[25.108,50.299],[25.112,50.295],[25.1137,50.2881],[25.114,50.287],[25.113,50.286],[25.1117,50.2863]]]},"properties":{"id":"UA56040000000062179","name":"Дубенський район","name_en":"Dubno Raion","oblast":"UA56"}},
{"type":"Feature","geometry":{"type":"Polygon","coordinates":[[[26.058,51.1857],[26.058,51.185],[26.058,51.183],[26.065,51.177],[26.057,51.173],[26.058,51.144],[26.005,51.126],[25.959,51.127],[25.942,51.083],[26.017,51.082],[26.091,51.049],[26.106,51.006],[26.085,51.004],[26.078,50.99],[26.083,50.974],[26.045,50.973],[26,50.966],[25.992,50.962],[25.984,50.962],[25.966,50.958],[25.966,50.956],[26,50.935],[25.991,50.865],[26.035,50.851],[26.015,50.825],[25.9,50.831],[25.886,50.765],[25.871,50.741],[25.877,50.707],[25.869,50.688],[25.822,50.647],[25.842,50.631],[25.8294,50.621],[25.8269,50.619],[25.813,50.608],[25.854,50.608],[25.905,50.594],[25.913,50.585],[25.913,50.566],[25.907,50.559],[25.923,50.551],[25.941,50.535],[25.956,50.544],[25.99,50.536],[25.972,50.52],[25.999,50.507],[26.025,50.504],[26.092,50.532],[26.103,50.501],[26.055,50.443],[26.057,50.382],[25.976,50.394],[25.931,50.394],[25.926,50.367],[25.972,50.351],[25.994,50.31],[26.061,50.268],[26.128,50.272],[26.115,50.251],[26.1127,50.2433],[26.1121,50.2412],[26.112,50.241],[26.167,50.23],[26.192,50.262],[26.211,50.231],[26.178,50.197],[26.218,50.181],[26.2187,50.18],[26.22,50.178],[26.2202,50.1779],[26.224,50.176],[26.225,50.173],[26.229,50.171],[26.275,50.178],[26.295,50.187],[26.333,50.234],[26.399,50.264],[26.472,50.259],[26.497,50.268],[26.516,50.295],[26.588,50.339],[26.602,50.367],[26.649,50.364],[26.683,50.388],[26.693,50.419],[26.716,50.439],[26.738,50.444],[26.736,50.461],[26.767,50.46],[26.786,50.502],[26.857,50.508],[26.881,50.534],[26.9,50.545],[26.916,50.536],[26.945,50.53],[26.967,50.528],[27.049,50.551],[27.072,50.574],[27.129,50.588],[27.127,50.576],[27.129,50.565],[27.13,50.56],[27.136,50.559],[27.144,50.562],[27.19,50.56],[27.1952,50.5607],[27.1979,50.5611],[27.232,50.566],[27.216,50.588],[27.226,50.606],[27.199,50.62],[27.215,50.639],[27.223,50.672],[27.245,50.672],[27.274,50.712],[27.271,50.764],[27.244,50.771],[27.235,50.796],[27.236,50.84],[27.25,50.857],[27.245,50.87],[27.254,50.881],[27.257,50.893],[27.258,50.897],[27.251,50.901],[27.222,50.914],[27.217,50.925],[27.238,50.934],[27.239,50.946],[27.204,50.992],[27.2034,50.9921],[27.2016,50.9924],[27.176,50.997],[27.137,51.029],[27.142,51.047],[27.134,51.057],[27.111,51.062],[27.088,51.062],[27.07,51.088],[26.973,51.135],[26.889,51.135],[26.87,51.141],[26.784,51.134],[26.764,51.124],[26.743,51.13],[26.721,51.117],[26.716,51.105],[26.687,51.096],[26.664,51.125],[26.665,51.147],[26.634,51.164],[26.637,51.182],[26.601,51.186],[26.568,51.179],[26.53,51.165],[26.495,51.147],[26.474,51.13],[26.511,51.091],[26.501,51.084],[26.48,51.091],[26.451,51.09],[26.467,51.079],[26.488,51.08],[26.473,51.059],[26.482,51.034],[26.469,51.034],[26.436,51.052],[26.354,51.054],[26.364,51.079],[26.347,51.094],[26.316,51.095],[26.301,51.113],[26.23,51.119],[26.201,51.141],[26.198,51.16],[26.166,51.151],[26.158,51.169],[26.083,51.17],[26.117,51.196],[26.111,51.199],[26.113,51.203],[26.1109,51.2058],[26.11,51.207],[26.108,51.207],[26.071,51.2],[26.058,51.186],[26.058,51.1857]]]},"properties":{"id":"UA56060000000041446","name":"Рівненський район","name_en":"Rivne Raion","oblast":"UA56"}},
{"type":"Feature","geometry":{"type":"Polygon","coordinates":[[[27.6716,51.5175],[27.679,51.519],[27.677,51.539],[27.724,51.562],[27.736,51.594],[27.689,51.614],[27.615,51.609],[27.551,51.638],[27.506,51.63],[27.511,51.59],[27.483,51.594],[27.456,51.621],[27.393,51.606],[27.266,51.607],[27.246,51.621],[27.274,51.646],[27.251,51.668],[27.209,51.669],[27.203,51.774],[26.994,51.77],[26.948,51.737],[26.877,51.749],[26.847,51.767],[26.791,51.758],[26.761,51.776],[26.758,51.803],[26.695,51.824],[26.612,51.825],[26.551,51.813],[26.546,51.797],[26.4729,51.8009],[26.471,51.801],[26.466,51.789],[26.439,51.763],[26.346,51.768],[26.327,51.751],[26.346,51.711],[26.312,51.711],[26.279,51.728],[26.24,51.734],[26.228,51.729],[26.194,51.699],[26.168,51.698],[26.259,51.661],[26.297,51.64],[26.275,51.608],[26.296,51.557],[26.226,51.549],[26.318,51.494],[26.285,51.47],[26.308,51.459],[26.358,51.463],[26.377,51.419],[26.427,51.428],[26.447,51.405],[26.426,51.387],[26.382,51.379],[26.362,51.364],[26.358,51.355],[26.337,51.356],[26.33,51.344],[26.33,51.339],[26.342,51.326],[26.244,51.303],[26.232,51.335],[26.182,51.3],[26.268,51.254],[26.257,51.236],[26.159,51.233],[26.108,51.207],[26.11,51.207],[26.1109,51.2058],[26.113,51.203],[26.111,51.199],[26.117,51.196],[26.083,51.17],[26.158,51.169],[26.166,51.151],[26.198,51.16],[26.201,51.141],[26.23,51.119],[26.301,51.113],[26.316,51.095],[26.347,51.094],[26.364,51.079],[26.354,51.054],[26.436,51.052],[26.469,51.034],[26.482,51.034],[26.473,51.059],[26.488,51.08],[26.467,51.079],[26.451,51.09],[26.48,51.091],[26.501,51.084],[26.511,51.091],[26.474,51.13],[26.495,51.147],[26.53,51.165],[26.568,51.179],[26.601,51.186],[26.637,51.182],[26.634,51.164],[26.665,51.147],[26.664,51.125],[26.687,51.096],[26.716,51.105],[26.721,51.117],[26.743,51.13],[26.764,51.124],[26.784,51.134],[26.87,51.141],[26.889,51.135],[26.973,51.135],[27.07,51.088],[27.088,51.062],[27.111,51.062],[27.134,51.057],[27.142,51.047],[27.137,51.029],[27.176,50.997],[27.2016,50.9924],[27.2034,50.9921],[27.201,51],[27.227,51.007],[27.23,51.022],[27.271,51.031],[27.279,51.039],[27.326,51.041],[27.319,51.052],[27.326,51.069],[27.324,51.08],[27.335,51.082],[27.335,51.0825],[27.3342,51.0827],[27.333,51.083],[27.3333,51.0839],[27.335,51.089],[27.353,51.088],[27.366,51.098],[27.363,51.144],[27.396,51.17],[27.393,51.172],[27.405,51.187],[27.402,51.188],[27.4,51.202],[27.416,51.203],[27.468,51.247],[27.44,51.312],[27.489,51.316],[27.521,51.342],[27.525,51.366],[27.494,51.374],[27.491,51.409],[27.503,51.453],[27.534,51.432],[27.582,51.429],[27.578,51.479],[27.624,51.484],[27.646,51.498],[27.667,51.498],[27.662,51.518],[27.669,51.519],[27.6716,51.5175]]]},"properties":{"id":"UA56080000000096146","name":"Сарненський район","name_en":"Sarny Raion","oblast":"UA56"}},
{"type":"Feature","geometry":{"type":"Polygon","coordinates":[[[33.987,51.514],[33.984,51.501],[34,51.479],[33.942,51.473],[33.916,51.463],[33.908,51.464],[33.905,51.449],[33.885,51.444],[33.885,51.48],[33.835,51.514],[33.786,51.515],[33.758,51.535],[33.737,51.612],[33.683,51.628],[33.678,51.649],[33.642,51.645],[33.608,51.668],[33.605,51.672],[33.596,51.67],[33.579,51.663],[33.512,51.702],[33.46,51.716],[33.402,51.719],[33.355,51.696],[33.342,51.682],[33.329,51.684],[33.309,51.676],[33.302,51.681],[33.287,51.684],[33.255,51.664],[33.249,51.667],[33.233,51.664],[33.227,51.66],[33.214,51.671],[33.207,51.672],[33.2,51.684],[33.171,51.68],[33.167,51.68],[33.1643,51.68],[33.142,51.68],[33.124,51.651],[33.154,51.641],[33.153,51.609],[33.192,51.574],[33.158,51.57],[33.156,51.555],[33.185,51.537],[33.193,51.522],[33.16,51.496],[33.135,51.495],[33.112,51.429],[33.133,51.416],[33.107,51.367],[33.061,51.372],[33.06,51.385],[33.044,51.387],[33.058,51.405],[33.044,51.405],[33.016,51.397],[33.022,51.384],[33.039,51.368],[33.034,51.358],[33.035,51.35],[33.043,51.341],[33.064,51.346],[33.073,51.338],[33.07,51.333],[33.0692,51.333],[33.0695,51.3315],[33.07,51.329],[33.076,51.324],[33.08,51.323],[33.074,51.316],[33.078,51.312],[33.07,51.254],[33.031,51.227],[33.043,51.205],[32.989,51.196],[32.962,51.163],[32.994,51.143],[32.944,51.09],[33.042,51.083],[33.07,51.07],[33.085,51.041],[33.062,51.017],[33.051,51.011],[33.042,50.996],[33.042,50.993],[33.05,50.989],[33.078,50.983],[33.077,50.993],[33.118,51.008],[33.141,50.968],[33.18,50.96],[33.186,50.963],[33.1997,50.963],[33.201,50.963],[33.201,50.961],[33.217,50.975],[33.279,50.983],[33.389,50.967],[33.444,50.966],[33.453,50.986],[33.509,50.984],[33.514,51.004],[33.513,51.031],[33.557,51.039],[33.583,51.022],[33.609,51.02],[33.632,51.027],[33.644,51.021],[33.645,51.003],[33.674,50.993],[33.659,50.97],[33.706,50.963],[33.717,50.979],[33.76,50.985],[33.801,50.98],[33.853,50.993],[33.896,50.981],[33.9,50.991],[33.927,51.009],[33.935,51.009],[33.948,51.025],[33.97,51.035],[33.969,51.07],[33.984,51.069],[33.989,51.067],[33.999,51.068],[34.011,51.066],[34.0129,51.0641],[34.013,51.065],[34.014,51.0656],[34.018,51.068],[34.021,51.08],[34.068,51.092],[34.082,51.125],[34.107,51.145],[34.118,51.179],[34.146,51.197],[34.138,51.216],[34.15,51.236],[34.169,51.249],[34.209,51.261],[34.225,51.266],[34.232,51.2656],[34.232,51.267],[34.235,51.269],[34.233,51.273],[34.239,51.292],[34.316,51.328],[34.337,51.367],[34.287,51.376],[34.229,51.421],[34.256,51.44],[34.267,51.474],[34.292,51.479],[34.292,51.486],[34.292,51.487],[34.288,51.491],[34.275,51.492],[34.253,51.503],[34.19,51.497],[34.187,51.511],[34.193,51.518],[34.18,51.523],[34.176,51.528],[34.165,51.518],[34.149,51.511],[34.128,51.508],[34.084,51.515],[34.053,51.551],[34.024,51.529],[33.987,51.524],[33.987,51.514]]]},"properties":{"id":"UA59020000000081905","name":"Конотопський район","name_en":"Konotop Raion","oblast":"UA59"}},
{"type":"Feature","geometry":{"type":"Polygon","coordinates":[[[34.3804,50.3594],[34.382,50.359],[34.412,50.337],[34.401,50.319],[34.456,50.288],[34.508,50.286],[34.523,50.262],[34.572,50.228],[34.527,50.18],[34.535,50.172],[34.528,50.155],[34.539,50.155],[34.54,50.142],[34.547,50.133],[34.569,50.126],[34.698,50.112],[34.699,50.151],[34.734,50.161],[34.762,50.147],[34.798,50.161],[34.855,50.163],[34.902,50.16],[34.9402,50.1531],[34.964,50.156],[34.972,50.162],[34.961,50.184],[34.993,50.185],[35.006,50.182],[35.006,50.18],[35.008,50.185],[35.031,50.182],[35.04,50.166],[35.058,50.186],[35.067,50.189],[35.069,50.197],[35.075,50.201],[35.069,50.207],[35.105,50.215],[35.147,50.243],[35.191,50.229],[35.26,50.235],[35.26,50.261],[35.268,50.266],[35.299,50.263],[35.296,50.289],[35.33,50.32],[35.439,50.318],[35.496,50.294],[35.515,50.318],[35.573,50.321],[35.593,50.332],[35.638,50.314],[35.674,50.327],[35.68,50.342],[35.653,50.346],[35.657,50.352],[35.6576,50.3521],[35.628,50.355],[35.585,50.394],[35.587,50.45],[35.539,50.46],[35.477,50.489],[35.436,50.532],[35.44,50.543],[35.4395,50.5434],[35.439,50.542],[35.434,50.545],[35.426,50.546],[35.41,50.552],[35.399,50.548],[35.392,50.537],[35.356,50.542],[35.318,50.537],[35.263,50.517],[35.27,50.543],[35.27,50.557],[35.276,50.564],[35.246,50.586],[35.233,50.572],[35.157,50.58],[35.177,50.631],[35.178,50.672],[35.151,50.678],[35.116,50.667],[35.079,50.68],[35.069,50.669],[35.059,50.68],[35.044,50.682],[35.025,50.676],[35.019,50.696],[35.042,50.706],[35.05,50.731],[35.01,50.741],[34.967,50.737],[34.952,50.732],[34.944,50.741],[34.927,50.731],[34.934,50.724],[34.939,50.721],[34.94,50.697],[34.888,50.672],[34.863,50.624],[34.808,50.607],[34.799,50.594],[34.781,50.584],[34.775,50.564],[34.745,50.57],[34.733,50.539],[34.713,50.518],[34.644,50.499],[34.585,50.469],[34.578,50.448],[34.514,50.449],[34.494,50.413],[34.462,50.386],[34.425,50.383],[34.403,50.374],[34.396,50.367],[34.392,50.3664],[34.392,50.366],[34.3804,50.3594]]]},"properties":{"id":"UA59040000000045652","name":"Охтирський район","name_en":"Okhtyrka Raion","oblast":"UA59"}},
{"type":"Feature","geometry":{"type":"Polygon","coordinates":[[[34.2455,50.525],[34.246,50.526],[34.24,50.532],[34.237,50.552],[34.225,50.553],[34.223,50.569],[34.231,50.57],[34.224,50.587],[34.222,50.599],[34.226,50.601],[34.153,50.656],[34.139,50.671],[34.08,50.707],[34.129,50.731],[34.176,50.766],[34.16,50.775],[34.16,50.81],[34.182,50.837],[34.183,50.869],[34.167,50.881],[34.129,50.87],[34.094,50.937],[34.046,50.948],[34.064,50.964],[34.068,51.011],[34.046,51.014],[34.012,51.053],[34.0129,51.0641],[34.011,51.066],[33.999,51.068],[33.989,51.067],[33.984,51.069],[33.969,51.07],[33.97,51.035],[33.948,51.025],[33.935,51.009],[33.927,51.009],[33.9,50.991],[33.896,50.981],[33.853,50.993],[33.801,50.98],[33.76,50.985],[33.717,50.979],[33.706,50.963],[33.659,50.97],[33.674,50.993],[33.645,51.003],[33.644,51.021],[33.632,51.027],[33.609,51.02],[33.583,51.022],[33.557,51.039],[33.513,51.031],[33.514,51.004],[33.509,50.984],[33.453,50.986],[33.444,50.966],[33.389,50.967],[33.279,50.983],[33.217,50.975],[33.201,50.961],[33.201,50.934],[33.198,50.921],[33.212,50.901],[33.2,50.89],[33.177,50.892],[33.17,50.886],[33.18,50.87],[33.174,50.855],[33.186,50.85],[33.155,50.824],[33.167,50.815],[33.17,50.8],[33.16,50.786],[33.19,50.751],[33.241,50.731],[33.138,50.71],[33.152,50.695],[33.148,50.654],[33.123,50.639],[33.102,50.591],[33.098,50.579],[33.075,50.556],[33.051,50.541],[33.064,50.524],[33.062,50.522],[33.066,50.521],[33.066,50.5203],[33.07,50.519],[33.073,50.52],[33.1,50.519],[33.119,50.506],[33.179,50.522],[33.194,50.509],[33.221,50.505],[33.227,50.509],[33.233,50.513],[33.242,50.529],[33.242,50.54],[33.276,50.555],[33.32,50.521],[33.375,50.522],[33.376,50.499],[33.539,50.491],[33.573,50.496],[33.615,50.484],[33.718,50.469],[33.734,50.46],[33.786,50.462],[33.787,50.479],[33.828,50.483],[33.849,50.499],[33.812,50.517],[33.874,50.534],[33.893,50.535],[33.914,50.515],[33.955,50.548],[34.039,50.506],[34.062,50.517],[34.104,50.505],[34.172,50.526],[34.219,50.534],[34.229,50.527],[34.231,50.528],[34.241,50.525],[34.2455,50.525]]]},"properties":{"id":"UA59060000000086008","name":"Роменський район","name_en":"Romny Raion","oblast":"UA59"}},
{"type":"Feature","geometry":{"type":"Polygon","coordinates":[[[34.306,51.239],[34.331,51.241],[34.384,51.275],[34.414,51.263],[34.513,51.243],[34.542,51.254],[34.579,51.235],[34.6,51.252],[34.665,51.243],[34.669,51.199],[34.716,51.173],[34.731,51.183],[34.818,51.17],[34.862,51.2],[34.898,51.194],[34.98,51.237],[35.059,51.216],[35.071,51.235],[35.12,51.233],[35.144,51.202],[35.124,51.165],[35.143,51.135],[35.169,51.127],[35.178,51.1],[35.167,51.077],[35.213,51.047],[35.304,51.08],[35.351,51.063],[35.376,51.068],[35.407,51.049],[35.404,51.022],[35.359,51.004],[35.33,51.009],[35.353,50.973],[35.333,50.936],[35.394,50.925],[35.382,50.894],[35.42,50.844],[35.411,50.806],[35.45,50.784],[35.49,50.777],[35.466,50.735],[35.474,50.725],[35.463,50.665],[35.393,50.642],[35.427,50.603],[35.393,50.58],[35.429,50.563],[35.44,50.545],[35.4395,50.5434],[35.439,50.542],[35.434,50.545],[35.426,50.546],[35.41,50.552],[35.399,50.548],[35.392,50.537],[35.356,50.542],[35.318,50.537],[35.263,50.517],[35.27,50.543],[35.27,50.557],[35.276,50.564],[35.246,50.586],[35.233,50.572],[35.157,50.58],[35.177,50.631],[35.178,50.672],[35.151,50.678],[35.116,50.667],[35.079,50.68],[35.069,50.669],[35.059,50.68],[35.044,50.682],[35.025,50.676],[35.019,50.696],[35.042,50.706],[35.05,50.731],[35.01,50.741],[34.967,50.737],[34.952,50.732],[34.944,50.741],[34.927,50.731],[34.934,50.724],[34.939,50.721],[34.94,50.697],[34.888,50.672],[34.863,50.624],[34.808,50.607],[34.799,50.594],[34.781,50.584],[34.775,50.564],[34.745,50.57],[34.733,50.539],[34.713,50.518],[34.644,50.499],[34.585,50.469],[34.578,50.448],[34.514,50.449],[34.494,50.413],[34.462,50.386],[34.425,50.383],[34.403,50.374],[34.396,50.367],[34.392,50.3664],[34.389,50.366],[34.3874,50.3665],[34.373,50.371],[34.342,50.389],[34.287,50.412],[34.251,50.44],[34.254,50.49],[34.249,50.515],[34.2454,50.523],[34.245,50.524],[34.2455,50.525],[34.246,50.526],[34.24,50.532],[34.237,50.552],[34.225,50.553],[34.223,50.569],[34.231,50.57],[34.224,50.587],[34.222,50.599],[34.226,50.601],[34.153,50.656],[34.139,50.671],[34.08,50.707],[34.129,50.731],[34.176,50.766],[34.16,50.775],[34.16,50.81],[34.182,50.837],[34.183,50.869],[34.167,50.881],[34.129,50.87],[34.094,50.937],[34.046,50.948],[34.064,50.964],[34.068,51.011],[34.046,51.014],[34.012,51.053],[34.0129,51.0641],[34.013,51.065],[34.014,51.0656],[34.018,51.068],[34.021,51.08],[34.068,51.092],[34.082,51.125],[34.107,51.145],[34.118,51.179],[34.146,51.197],[34.138,51.216],[34.15,51.236],[34.169,51.249],[34.209,51.261],[34.225,51.266],[34.232,51.2656],[34.244,51.265],[34.306,51.239]],[[34.8597,50.9267],[34.856,50.9284],[34.8569,50.9301],[34.8539,50.9335],[34.8625,50.9339],[34.8665,50.9351],[34.868,50.9368],[34.8676,50.9396],[34.8649,50.9408],[34.867,50.9451],[34.8645,50.9463],[34.86,50.9466],[34.8587,50.948],[34.8653,50.9491],[34.8635,50.956],[34.8608,50.9584],[34.8557,50.9575],[34.856,50.9553],[34.8514,50.954],[34.8472,50.955],[34.8434,50.9544],[34.8412,50.9519],[34.8366,50.9517],[34.8266,50.9448],[34.8161,50.9424],[34.8124,50.94],[34.8024,50.9487],[34.7981,50.9535],[34.7959,50.9588],[34.7957,50.9562],[34.7896,50.9549],[34.7858,50.9586],[34.788,50.9597],[34.785,50.9611],[34.7833,50.9637],[34.7791,50.9638],[34.7617,50.9601],[34.7343,50.9516],[34.7289,50.9516],[34.7203,50.9448],[34.7185,50.9448],[34.7201,50.9393],[34.7195,50.9383],[34.6998,50.9399],[34.6911,50.9378],[34.6932,50.9358],[34.6922,50.9318],[34.6962,50.93],[34.7096,50.9303],[34.7142,50.9282],[34.7194,50.9299],[34.7226,50.9277],[34.7291,50.9271],[34.7307,50.9238],[34.7275,50.921],[34.7287,50.9202],[34.7344,50.9217],[34.7399,50.9187],[34.7447,50.9199],[34.753,50.9194],[34.7522,50.9133],[34.7554,50.9126],[34.7522,50.8995],[34.7466,50.8978],[34.7509,50.8948],[34.7494,50.8938],[34.7538,50.8915],[34.7467,50.8879],[34.7518,50.8863],[34.7476,50.8838],[34.7493,50.8831],[34.7565,50.8782],[34.7552,50.8773],[34.767,50.8701],[34.7568,50.8638],[34.7423,50.8623],[34.7451,50.8581],[34.7393,50.8568],[34.7425,50.8548],[34.7799,50.8577],[34.7864,50.8597],[34.7829,50.8609],[34.7597,50.8593],[34.758,50.8637],[34.7609,50.8657],[34.7654,50.8625],[34.7712,50.866],[34.7741,50.8663],[34.7773,50.8684],[34.7907,50.8595],[34.7933,50.863],[34.7995,50.8674],[34.8037,50.8678],[34.8034,50.8692],[34.8138,50.8693],[34.8169,50.8665],[34.8246,50.8632],[34.8308,50.8572],[34.8345,50.855],[34.8395,50.8501],[34.8439,50.8474],[34.8426,50.8446],[34.8488,50.8387],[34.8527,50.8369],[34.8708,50.844],[34.8727,50.8457],[34.8746,50.8434],[34.8961,50.8441],[34.8929,50.8505],[34.8891,50.8537],[34.8956,50.8552],[34.9053,50.8504],[34.9109,50.8547],[34.9145,50.8558],[34.9113,50.8601],[34.9181,50.8661],[34.9083,50.8737],[34.8885,50.8812],[34.8604,50.8908],[34.8577,50.892],[34.8542,50.8968],[34.8566,50.8953],[34.8608,50.896],[34.8588,50.8986],[34.8628,50.8993],[34.8657,50.8986],[34.8607,50.9222],[34.8597,50.9267]]]},"properties":{"id":"UA59080000000057897","name":"Сумський район","name_en":"Sumy Raion","oblast":"UA59"}},
{"type":"Feature","geometry":{"type":"Polygon","coordinates":[[[34.7593,50.8885],[34.762,50.8896],[34.7687,50.8885],[34.7737,50.8919],[34.7712,50.8977],[34.776,50.9017],[34.7795,50.9028],[34.7849,50.9029],[34.7885,50.9047],[34.7948,50.9095],[34.799,50.9137],[34.8071,50.9136],[34.8093,50.9116],[34.8084,50.9088],[34.8154,50.9107],[34.8184,50.9125],[34.8216,50.9174],[34.8247,50.9208],[34.825,50.9236],[34.8333,50.9231],[34.836,50.9219],[34.8384,50.9178],[34.8441,50.9171],[34.8607,50.9222],[34.8657,50.8986],[34.8628,50.8993],[34.8588,50.8986],[34.8608,50.896],[34.8566,50.8953],[34.8542,50.8968],[34.8577,50.892],[34.8604,50.8908],[34.8885,50.8812],[34.9083,50.8737],[34.9181,50.8661],[34.9113,50.8601],[34.9145,50.8558],[34.9109,50.8547],[34.9053,50.8504],[34.8956,50.8552],[34.8891,50.8537],[34.8929,50.8505],[34.8961,50.8441],[34.8746,50.8434],[34.8727,50.8457],[34.8708,50.844],[34.8527,50.8369],[34.8488,50.8387],[34.8426,50.8446],[34.8439,50.8474],[34.8395,50.8501],[34.8345,50.855],[34.8308,50.8572],[34.8246,50.8632],[34.8169,50.8665],[34.8138,50.8693],[34.8034,50.8692],[34.8037,50.8678],[34.7995,50.8674],[34.7933,50.863],[34.7907,50.8595],[34.7773,50.8684],[34.7741,50.8663],[34.7712,50.866],[34.7654,50.8625],[34.7609,50.8657],[34.758,50.8637],[34.7597,50.8593],[34.7829,50.8609],[34.7864,50.8597],[34.7799,50.8577],[34.7425,50.8548],[34.7393,50.8568],[34.7451,50.8581],[34.7423,50.8623],[34.7568,50.8638],[34.767,50.8701],[34.7552,50.8773],[34.7565,50.8782],[34.7493,50.8831],[34.7537,50.8844],[34.7593,50.8885]]]},"properties":{"id":"UA59080270010111002","name":"Зарічний район","name_en":null,"oblast":"UA59","city":"Суми"}},
{"type":"Feature","geometry":{"type":"Polygon","coordinates":[[[34.7518,50.8863],[34.7467,50.8879],[34.7538,50.8915],[34.7494,50.8938],[34.7509,50.8948],[34.7466,50.8978],[34.7522,50.8995],[34.7554,50.9126],[34.7522,50.9133],[34.753,50.9194],[34.7447,50.9199],[34.7399,50.9187],[34.7344,50.9217],[34.7287,50.9202],[34.7275,50.921],[34.7307,50.9238],[34.7291,50.9271],[34.7226,50.9277],[34.7194,50.9299],[34.7142,50.9282],[34.7096,50.9303],[34.6962,50.93],[34.6922,50.9318],[34.6932,50.9358],[34.6911,50.9378],[34.6998,50.9399],[34.7195,50.9383],[34.7201,50.9393],[34.7185,50.9448],[34.7203,50.9448],[34.7289,50.9516],[34.7343,50.9516],[34.7617,50.9601],[34.7791,50.9638],[34.7833,50.9637],[34.785,50.9611],[34.788,50.9597],[34.7858,50.9586],[34.7896,50.9549],[34.7957,50.9562],[34.7959,50.9588],[34.7981,50.9535],[34.8024,50.9487],[34.8124,50.94],[34.8161,50.9424],[34.8266,50.9448],[34.8366,50.9517],[34.8412,50.9519],[34.8434,50.9544],[34.8472,50.955],[34.8514,50.954],[34.856,50.9553],[34.8557,50.9575],[34.8608,50.9584],[34.8635,50.956],[34.8653,50.9491],[34.8587,50.948],[34.86,50.9466],[34.8645,50.9463],[34.867,50.9451],[34.8649,50.9408],[34.8676,50.9396],[34.868,50.9368],[34.8665,50.9351],[34.8625,50.9339],[34.8539,50.9335],[34.8569,50.9301],[34.856,50.9284],[34.8597,50.9267],[34.8607,50.9222],[34.8441,50.9171],[34.8384,50.9178],[34.836,50.9219],[34.8333,50.9231],[34.825,50.9236],[34.8247,50.9208],[34.8216,50.9174],[34.8184,50.9125],[34.8154,50.9107],[34.8084,50.9088],[34.8093,50.9116],[34.8071,50.9136],[34.799,50.9137],[34.7948,50.9095],[34.7885,50.9047],[34.7849,50.9029],[34.7795,50.9028],[34.776,50.9017],[34.7712,50.8977],[34.7737,50.8919],[34.7687,50.8885],[34.762,50.8896],[34.7593,50.8885],[34.7537,50.8844],[34.7493,50.8831],[34.7476,50.8838],[34.7518,50.8863]]]},"properties":{"id":"UA59080270010287243","name":"Ковпаківський район","name_en":null,"oblast":"UA59","city":"Суми"}},
{"type":"Feature","geometry":{"type":"Polygon","coordinates":[[[33.987,51.514],[33.987,51.524],[34.024,51.529],[34.053,51.551],[34.084,51.515],[34.128,51.508],[34.149,51.511],[34.165,51.518],[34.176,51.528],[34.18,51.523],[34.193,51.518],[34.187,51.511],[34.19,51.497],[34.253,51.503],[34.275,51.492],[34.288,51.491],[34.292,51.487],[34.292,51.486],[34.299,51.493],[34.296,51.534],[34.261,51.534],[34.258,51.561],[34.212,51.601],[34.183,51.598],[34.168,51.647],[34.113,51.65],[34.109,51.677],[34.161,51.685],[34.212,51.702],[34.292,51.704],[34.316,51.715],[34.402,51.714],[34.441,51.739],[34.44,51.759],[34.41,51.783],[34.417,51.825],[34.364,51.86],[34.305,51.885],[34.274,51.889],[34.251,51.917],[34.204,51.941],[34.19,51.97],[34.144,51.969],[34.141,52.001],[34.095,52.011],[34.084,52.059],[34.088,52.102],[34.116,52.143],[34.056,52.172],[34.054,52.202],[34.017,52.203],[34.001,52.228],[33.94,52.251],[33.946,52.284],[33.911,52.31],[33.875,52.308],[33.837,52.362],[33.797,52.368],[33.684,52.359],[33.666,52.345],[33.603,52.335],[33.559,52.303],[33.505,52.307],[33.519,52.356],[33.451,52.358],[33.438,52.353],[33.446,52.344],[33.4291,52.3468],[33.428,52.347],[33.422,52.332],[33.405,52.323],[33.39,52.292],[33.352,52.221],[33.328,52.216],[33.324,52.195],[33.312,52.193],[33.309,52.184],[33.318,52.181],[33.321,52.17],[33.339,52.146],[33.415,52.123],[33.444,52.097],[33.438,52.087],[33.493,52.082],[33.499,52.088],[33.499,52.039],[33.464,52.04],[33.427,52.027],[33.404,52.051],[33.384,52.049],[33.345,52.03],[33.316,52.033],[33.312,52.025],[33.317,52.018],[33.304,52.012],[33.336,52.005],[33.348,51.998],[33.349,51.983],[33.384,51.971],[33.355,51.932],[33.318,51.938],[33.302,51.934],[33.296,51.936],[33.289,51.924],[33.255,51.927],[33.197,51.911],[33.189,51.914],[33.183,51.904],[33.174,51.906],[33.18,51.888],[33.144,51.879],[33.122,51.864],[33.121,51.811],[33.108,51.793],[33.1,51.79],[33.099,51.7843],[33.084,51.782],[33.078,51.773],[33.092,51.766],[33.093,51.759],[33.106,51.742],[33.137,51.726],[33.155,51.702],[33.166,51.693],[33.145,51.684],[33.165,51.681],[33.1643,51.68],[33.167,51.68],[33.171,51.68],[33.2,51.684],[33.207,51.672],[33.214,51.671],[33.227,51.66],[33.233,51.664],[33.249,51.667],[33.255,51.664],[33.287,51.684],[33.302,51.681],[33.309,51.676],[33.329,51.684],[33.342,51.682],[33.355,51.696],[33.402,51.719],[33.46,51.716],[33.512,51.702],[33.579,51.663],[33.596,51.67],[33.605,51.672],[33.608,51.668],[33.642,51.645],[33.678,51.649],[33.683,51.628],[33.737,51.612],[33.758,51.535],[33.786,51.515],[33.835,51.514],[33.885,51.48],[33.885,51.444],[33.905,51.449],[33.908,51.464],[33.916,51.463],[33.942,51.473],[34,51.479],[33.984,51.501],[33.987,51.514]]]},"properties":{"id":"UA59100000000036457","name":"Шосткинський район","name_en":"Shostka Raion","oblast":"UA59"}},
{"type":"Feature","geometry":{"type":"Polygon","coordinates":[[[25.428,49.9373],[25.431,49.936],[25.424,49.931],[25.421,49.915],[25.438,49.906],[25.463,49.887],[25.472,49.871],[25.477,49.825],[25.509,49.816],[25.534,49.78],[25.576,49.803],[25.615,49.811],[25.665,49.848],[25.685,49.825],[25.724,49.803],[25.74,49.812],[25.903,49.803],[25.916,49.788],[25.876,49.773],[25.863,49.74],[25.91,49.717],[26.021,49.716],[26.078,49.724],[26.161,49.717],[26.164,49.728],[26.19,49.718],[26.1915,49.7153],[26.205,49.727],[26.213,49.736],[26.242,49.746],[26.228,49.786],[26.194,49.82],[26.184,49.836],[26.184,49.845],[26.178,49.846],[26.181,49.851],[26.1988,49.866],[26.193,49.871],[26.176,49.874],[26.162,49.887],[26.132,49.898],[26.164,49.923],[26.144,49.959],[26.172,49.995],[26.179,50.023],[26.221,50.059],[26.2,50.066],[26.198,50.099],[26.273,50.104],[26.208,50.153],[26.219,50.165],[26.21,50.174],[26.212,50.177],[26.2187,50.18],[26.218,50.181],[26.178,50.197],[26.211,50.231],[26.192,50.262],[26.167,50.23],[26.112,50.241],[26.1121,50.2412],[26.078,50.249],[26.065,50.256],[26.018,50.228],[25.991,50.242],[25.969,50.245],[25.961,50.256],[25.924,50.254],[25.924,50.247],[25.898,50.233],[25.858,50.19],[25.725,50.172],[25.684,50.176],[25.626,50.151],[25.576,50.175],[25.555,50.149],[25.476,50.165],[25.45,50.15],[25.449,50.125],[25.485,50.115],[25.49,50.101],[25.455,50.093],[25.432,50.052],[25.364,50.045],[25.36,50.016],[25.35,50.017],[25.3482,50.0044],[25.362,49.997],[25.375,49.992],[25.403,49.987],[25.413,49.97],[25.405,49.948],[25.428,49.944],[25.428,49.9373]]]},"properties":{"id":"UA61020000000016944","name":"Кременецький район","name_en":"Kremenets Raion","oblast":"UA61"}},
{"type":"Feature","geometry":{"type":"Polygon","coordinates":[[[24.8871,49.1965],[24.913,49.184],[24.913,49.182],[24.923,49.179],[24.935,49.172],[24.973,49.168],[24.988,49.182],[25.075,49.167],[25.088,49.173],[25.19,49.178],[25.258,49.187],[25.296,49.214],[25.368,49.201],[25.372,49.196],[25.404,49.185],[25.411,49.201],[25.42,49.201],[25.427,49.213],[25.436,49.209],[25.464,49.211],[25.52,49.185],[25.505,49.16],[25.54,49.133],[25.624,49.13],[25.642,49.163],[25.664,49.173],[25.683,49.161],[25.694,49.175],[25.719,49.181],[25.724,49.173],[25.718,49.171],[25.731,49.169],[25.743,49.173],[25.762,49.136],[25.777,49.138],[25.783,49.142],[25.782,49.147],[25.79,49.149],[25.811,49.159],[25.855,49.202],[25.852,49.206],[25.849,49.205],[25.831,49.212],[25.838,49.228],[25.839,49.24],[25.833,49.243],[25.85,49.26],[25.856,49.276],[25.925,49.285],[25.941,49.299],[25.92,49.304],[25.898,49.319],[25.896,49.366],[25.917,49.376],[25.942,49.365],[25.971,49.358],[25.977,49.36],[26.073,49.363],[26.127,49.368],[26.168,49.383],[26.216,49.374],[26.2221,49.3747],[26.2205,49.376],[26.218,49.378],[26.219,49.38],[26.229,49.383],[26.23,49.397],[26.224,49.402],[26.227,49.408],[26.214,49.418],[26.2,49.422],[26.192,49.43],[26.187,49.481],[26.165,49.493],[26.142,49.508],[26.145,49.515],[26.156,49.521],[26.158,49.533],[26.176,49.551],[26.19,49.558],[26.218,49.552],[26.206,49.576],[26.214,49.59],[26.205,49.596],[26.198,49.609],[26.208,49.611],[26.215,49.62],[26.225,49.624],[26.231,49.638],[26.252,49.634],[26.268,49.668],[26.241,49.693],[26.227,49.697],[26.209,49.707],[26.193,49.709],[26.19,49.714],[26.1902,49.7142],[26.1915,49.7153],[26.19,49.718],[26.164,49.728],[26.161,49.717],[26.078,49.724],[26.021,49.716],[25.91,49.717],[25.863,49.74],[25.876,49.773],[25.916,49.788],[25.903,49.803],[25.74,49.812],[25.724,49.803],[25.685,49.825],[25.665,49.848],[25.615,49.811],[25.576,49.803],[25.534,49.78],[25.509,49.816],[25.477,49.825],[25.472,49.871],[25.463,49.887],[25.438,49.906],[25.421,49.915],[25.424,49.931],[25.431,49.936],[25.428,49.9373],[25.426,49.9381],[25.424,49.939],[25.42,49.939],[25.416,49.935],[25.4,49.938],[25.388,49.935],[25.375,49.914],[25.388,49.897],[25.374,49.868],[25.304,49.853],[25.287,49.829],[25.238,49.825],[25.183,49.838],[25.142,49.818],[25.083,49.829],[25.089,49.788],[25.071,49.77],[25.114,49.746],[25.079,49.724],[25.068,49.713],[25.046,49.73],[25.021,49.736],[24.996,49.697],[24.982,49.638],[24.957,49.621],[24.907,49.616],[24.887,49.603],[24.865,49.604],[24.851,49.602],[24.8468,49.6018],[24.8447,49.6016],[24.834,49.601],[24.791,49.574],[24.721,49.571],[24.72,49.498],[24.7171,49.4968],[24.715,49.496],[24.7155,49.4953],[24.717,49.493],[24.724,49.494],[24.728,49.491],[24.728,49.48],[24.75,49.449],[24.77,49.431],[24.772,49.393],[24.777,49.382],[24.775,49.377],[24.791,49.381],[24.799,49.381],[24.812,49.388],[24.823,49.384],[24.835,49.359],[24.827,49.285],[24.842,49.262],[24.902,49.241],[24.932,49.235],[24.898,49.216],[24.886,49.199],[24.886,49.197],[24.8871,49.1965]]]},"properties":{"id":"UA61040000000090285","name":"Тернопільський район","name_en":"Ternopil Raion","oblast":"UA61"}},
{"type":"Feature","geometry":{"type":"Polygon","coordinates":[[[26.234,48.702],[26.245,48.734],[26.247,48.757],[26.231,48.805],[26.255,48.808],[26.26,48.816],[26.251,48.824],[26.24,48.819],[26.233,48.828],[26.22,48.834],[26.223,48.848],[26.218,48.853],[26.207,48.854],[26.213,48.864],[26.207,48.875],[26.215,48.883],[26.195,48.933],[26.213,48.982],[26.215,49.014],[26.208,49.038],[26.189,49.047],[26.184,49.057],[26.196,49.064],[26.216,49.07],[26.215,49.075],[26.195,49.074],[26.198,49.088],[26.206,49.1],[26.196,49.137],[26.201,49.157],[26.211,49.16],[26.211,49.168],[26.21,49.166],[26.2072,49.1666],[26.19,49.17],[26.182,49.194],[26.201,49.245],[26.231,49.247],[26.257,49.265],[26.243,49.271],[26.24,49.277],[26.258,49.291],[26.246,49.298],[26.245,49.301],[26.251,49.305],[26.246,49.315],[26.225,49.326],[26.224,49.34],[26.227,49.348],[26.235,49.354],[26.243,49.369],[26.223,49.374],[26.2221,49.3747],[26.216,49.374],[26.168,49.383],[26.127,49.368],[26.073,49.363],[25.977,49.36],[25.971,49.358],[25.942,49.365],[25.917,49.376],[25.896,49.366],[25.898,49.319],[25.92,49.304],[25.941,49.299],[25.925,49.285],[25.856,49.276],[25.85,49.26],[25.833,49.243],[25.839,49.24],[25.838,49.228],[25.831,49.212],[25.849,49.205],[25.852,49.206],[25.855,49.202],[25.811,49.159],[25.79,49.149],[25.782,49.147],[25.783,49.142],[25.777,49.138],[25.762,49.136],[25.743,49.173],[25.731,49.169],[25.718,49.171],[25.724,49.173],[25.719,49.181],[25.694,49.175],[25.683,49.161],[25.664,49.173],[25.642,49.163],[25.624,49.13],[25.54,49.133],[25.505,49.16],[25.52,49.185],[25.464,49.211],[25.436,49.209],[25.427,49.213],[25.42,49.201],[25.411,49.201],[25.404,49.185],[25.372,49.196],[25.368,49.201],[25.296,49.214],[25.258,49.187],[25.19,49.178],[25.088,49.173],[25.075,49.167],[24.988,49.182],[24.973,49.168],[24.935,49.172],[24.923,49.179],[24.913,49.182],[24.913,49.184],[24.8871,49.1965],[24.886,49.197],[24.886,49.199],[24.855,49.178],[24.899,49.128],[24.982,49.117],[24.971,49.096],[24.99,49.085],[24.99,49.072],[24.966,49.073],[24.941,49.082],[24.915,49.084],[24.908,49.08],[24.902,49.056],[24.904,49.049],[24.911,49.05],[24.915,49.044],[24.971,49.009],[25.018,49.01],[25.056,48.99],[25.088,48.983],[25.109,48.963],[25.146,48.945],[25.138,48.935],[25.12,48.929],[25.117,48.924],[25.119,48.916],[25.135,48.89],[25.137,48.877],[25.135,48.871],[25.139,48.868],[25.163,48.864],[25.174,48.873],[25.175,48.882],[25.168,48.893],[25.199,48.914],[25.192,48.922],[25.213,48.921],[25.218,48.926],[25.231,48.932],[25.237,48.92],[25.228,48.909],[25.23,48.889],[25.208,48.851],[25.23,48.848],[25.238,48.865],[25.26,48.866],[25.283,48.862],[25.291,48.844],[25.313,48.846],[25.325,48.843],[25.325,48.839],[25.325,48.837],[25.3258,48.837],[25.34,48.837],[25.336,48.851],[25.354,48.859],[25.427,48.842],[25.449,48.84],[25.51,48.804],[25.564,48.793],[25.597,48.766],[25.631,48.753],[25.609,48.727],[25.609,48.721],[25.616,48.715],[25.642,48.712],[25.652,48.705],[25.645,48.694],[25.625,48.686],[25.62,48.677],[25.629,48.671],[25.6376,48.6699],[25.6405,48.6695],[25.644,48.669],[25.652,48.666],[25.682,48.663],[25.706,48.664],[25.724,48.639],[25.741,48.632],[25.748,48.638],[25.748,48.648],[25.761,48.666],[25.78,48.675],[25.806,48.666],[25.854,48.62],[25.846,48.603],[25.904,48.586],[25.934,48.59],[25.975,48.62],[26.01,48.609],[26.03,48.618],[26.03,48.638],[26.039,48.648],[26.056,48.645],[26.065,48.607],[26.043,48.585],[26.089,48.539],[26.106,48.538],[26.1176,48.5434],[26.1182,48.5437],[26.123,48.546],[26.129,48.556],[26.125,48.569],[26.106,48.582],[26.097,48.598],[26.099,48.611],[26.124,48.617],[26.144,48.598],[26.146,48.545],[26.168,48.527],[26.2,48.525],[26.262,48.539],[26.293,48.513],[26.355,48.506],[26.389,48.533],[26.433,48.534],[26.4435,48.5375],[26.445,48.538],[26.4448,48.5392],[26.444,48.543],[26.434,48.549],[26.408,48.543],[26.388,48.564],[26.353,48.561],[26.361,48.589],[26.325,48.6],[26.327,48.612],[26.317,48.623],[26.325,48.632],[26.309,48.648],[26.277,48.65],[26.281,48.669],[26.267,48.673],[26.248,48.669],[26.243,48.679],[26.246,48.685],[26.23,48.683],[26.222,48.686],[26.222,48.692],[26.237,48.693],[26.234,48.702]]]},"properties":{"id":"UA61060000000068766","name":"Чортківський район","name_en":"Chortkiv Raion","oblast":"UA61"}},
{"type":"Feature","geometry":{"type":"Polygon","coordinates":[[[35.4342,49.6722],[35.463,49.673],[35.573,49.645],[35.619,49.656],[35.623,49.69],[35.661,49.695],[35.664,49.691],[35.695,49.702],[35.6989,49.7051],[35.7,49.706],[35.6994,49.7067],[35.687,49.721],[35.675,49.731],[35.687,49.782],[35.715,49.791],[35.703,49.823],[35.749,49.828],[35.77,49.817],[35.822,49.812],[35.825,49.858],[35.848,49.868],[35.874,49.874],[35.867,49.878],[35.874,49.889],[35.877,49.901],[35.876,49.912],[35.864,49.913],[35.829,49.933],[35.793,49.95],[35.793,49.955],[35.816,49.972],[35.818,49.991],[35.794,50.034],[35.856,50.082],[35.867,50.077],[35.872,50.081],[35.89,50.079],[35.89,50.081],[35.904,50.089],[35.911,50.089],[35.916,50.084],[35.915,50.092],[35.917,50.096],[35.945,50.092],[35.951,50.106],[35.996,50.107],[35.987,50.117],[35.991,50.136],[36.014,50.132],[36.037,50.18],[36.079,50.179],[36.073,50.202],[36.055,50.214],[36.094,50.224],[36.1,50.236],[36.122,50.24],[36.122,50.25],[36.177,50.287],[36.16,50.321],[36.173,50.347],[36.153,50.359],[36.113,50.367],[36.16,50.389],[36.178,50.402],[36.1774,50.4027],[36.169,50.413],[36.161,50.433],[36.086,50.45],[36.038,50.451],[35.958,50.435],[35.889,50.44],[35.872,50.424],[35.832,50.435],[35.792,50.417],[35.802,50.398],[35.739,50.356],[35.673,50.356],[35.6576,50.3521],[35.657,50.352],[35.653,50.346],[35.68,50.342],[35.674,50.327],[35.638,50.314],[35.593,50.332],[35.573,50.321],[35.515,50.318],[35.496,50.294],[35.439,50.318],[35.33,50.32],[35.296,50.289],[35.299,50.263],[35.268,50.266],[35.26,50.261],[35.26,50.235],[35.191,50.229],[35.147,50.243],[35.105,50.215],[35.069,50.207],[35.075,50.201],[35.069,50.197],[35.067,50.189],[35.058,50.186],[35.04,50.166],[35.031,50.182],[35.008,50.185],[35.006,50.18],[35.006,50.182],[34.993,50.185],[34.961,50.184],[34.972,50.162],[34.964,50.156],[34.9402,50.1531],[34.941,50.153],[34.9405,50.1511],[34.939,50.145],[34.934,50.135],[34.938,50.097],[34.966,50.074],[34.903,50.031],[34.858,49.987],[34.867,49.959],[34.893,49.933],[34.913,49.936],[34.94,49.904],[35.014,49.877],[35.033,49.888],[35.074,49.859],[35.14,49.861],[35.22,49.831],[35.223,49.808],[35.203,49.795],[35.206,49.757],[35.223,49.738],[35.26,49.734],[35.266,49.686],[35.331,49.683],[35.345,49.666],[35.385,49.668],[35.39,49.671],[35.421,49.672],[35.426,49.674],[35.432,49.674],[35.434,49.674],[35.4342,49.6722]]]},"properties":{"id":"UA63020000000066931","name":"Богодухівський район","name_en":"Bohodukhiv Raion","oblast":"UA63"}},
{"type":"Feature","geometry":{"type":"Polygon","coordinates":[[[36.4443,49.5339],[36.451,49.507],[36.516,49.503],[36.509,49.484],[36.511,49.466],[36.492,49.471],[36.48,49.477],[36.47,49.474],[36.468,49.472],[36.462,49.472],[36.4625,49.4704],[36.4628,49.4695],[36.463,49.469],[36.481,49.454],[36.449,49.388],[36.552,49.354],[36.551,49.327],[36.571,49.308],[36.613,49.296],[36.563,49.271],[36.594,49.241],[36.645,49.227],[36.63,49.197],[36.654,49.194],[36.641,49.16],[36.591,49.103],[36.628,49.083],[36.643,49.017],[36.72,49.031],[36.751,49.012],[36.776,48.955],[36.809,48.911],[36.76,48.892],[36.728,48.858],[36.714,48.865],[36.703,48.865],[36.701,48.858],[36.691,48.852],[36.682,48.851],[36.681,48.846],[36.687,48.815],[36.704,48.807],[36.7188,48.8055],[36.7214,48.8053],[36.734,48.804],[36.783,48.79],[36.788,48.78],[36.84,48.772],[36.855,48.799],[36.966,48.793],[37.037,48.745],[37.044,48.767],[36.997,48.788],[37.024,48.817],[37.079,48.817],[37.099,48.85],[37.193,48.814],[37.196,48.85],[37.191,48.869],[37.198,48.88],[37.217,48.889],[37.225,48.903],[37.267,48.905],[37.27,48.922],[37.329,48.921],[37.333,48.936],[37.296,48.969],[37.345,49.002],[37.374,48.995],[37.385,49.047],[37.418,49.06],[37.482,49.057],[37.507,49.069],[37.489,49.102],[37.547,49.111],[37.586,49.125],[37.554,49.168],[37.504,49.187],[37.514,49.199],[37.549,49.212],[37.569,49.23],[37.614,49.232],[37.712,49.219],[37.797,49.201],[37.844,49.2],[37.851,49.221],[37.861,49.232],[37.8729,49.2328],[37.875,49.233],[37.8743,49.235],[37.873,49.239],[37.868,49.246],[37.913,49.26],[37.914,49.277],[37.959,49.284],[37.949,49.305],[37.884,49.314],[37.878,49.329],[37.887,49.341],[37.886,49.351],[37.897,49.397],[37.897,49.404],[37.879,49.418],[37.876,49.448],[37.845,49.446],[37.852,49.488],[37.838,49.493],[37.846,49.499],[37.845,49.504],[37.8443,49.5035],[37.8428,49.5025],[37.842,49.502],[37.843,49.501],[37.836,49.497],[37.773,49.499],[37.722,49.517],[37.699,49.518],[37.692,49.5],[37.685,49.5],[37.666,49.49],[37.644,49.491],[37.636,49.468],[37.622,49.451],[37.59,49.435],[37.521,49.453],[37.455,49.486],[37.411,49.522],[37.38,49.517],[37.39,49.544],[37.373,49.551],[37.296,49.525],[37.231,49.543],[37.173,49.543],[37.167,49.595],[37.143,49.601],[37.107,49.583],[37.061,49.613],[37.036,49.623],[37.003,49.623],[37.005,49.63],[37.003,49.634],[36.982,49.651],[36.9818,49.6509],[36.9798,49.6499],[36.974,49.647],[36.973,49.643],[36.943,49.632],[36.934,49.634],[36.919,49.601],[36.901,49.6],[36.857,49.604],[36.856,49.638],[36.8,49.637],[36.798,49.62],[36.759,49.61],[36.758,49.601],[36.701,49.589],[36.699,49.571],[36.622,49.59],[36.605,49.565],[36.592,49.565],[36.566,49.546],[36.527,49.552],[36.5,49.525],[36.4443,49.5339]]]},"properties":{"id":"UA63040000000023521","name":"Ізюмський район","name_en":"Izium Raion","oblast":"UA63"}},
{"type":"Feature","geometry":{"type":"Polygon","coordinates":[[[36.081,49.516],[36.068,49.542],[36.081,49.571],[36.102,49.59],[36.073,49.615],[36.0668,49.6158],[36.065,49.616],[36.065,49.6161],[36.064,49.616],[36.034,49.618],[36.031,49.623],[35.965,49.634],[35.956,49.619],[35.866,49.583],[35.848,49.598],[35.855,49.608],[35.849,49.632],[35.837,49.646],[35.789,49.636],[35.783,49.622],[35.76,49.62],[35.744,49.627],[35.737,49.651],[35.714,49.652],[35.718,49.675],[35.745,49.698],[35.7,49.707],[35.6994,49.7067],[35.7,49.706],[35.6989,49.7051],[35.695,49.702],[35.664,49.691],[35.661,49.695],[35.623,49.69],[35.619,49.656],[35.573,49.645],[35.463,49.673],[35.4342,49.6722],[35.435,49.665],[35.427,49.657],[35.453,49.631],[35.487,49.572],[35.476,49.565],[35.41,49.561],[35.428,49.55],[35.434,49.541],[35.43,49.527],[35.485,49.517],[35.482,49.483],[35.433,49.487],[35.332,49.504],[35.317,49.456],[35.365,49.448],[35.349,49.406],[35.376,49.398],[35.28,49.318],[35.289,49.296],[35.274,49.283],[35.242,49.296],[35.17,49.295],[35.088,49.3],[35.037,49.331],[35.007,49.301],[34.981,49.25],[35.0187,49.1518],[35.019,49.151],[35.0181,49.1501],[35.033,49.152],[35.041,49.155],[35.044,49.154],[35.068,49.165],[35.082,49.141],[35.086,49.14],[35.093,49.143],[35.087,49.146],[35.097,49.155],[35.111,49.156],[35.12,49.161],[35.131,49.153],[35.146,49.149],[35.16,49.16],[35.187,49.162],[35.189,49.137],[35.2,49.135],[35.215,49.127],[35.21,49.125],[35.208,49.119],[35.19,49.116],[35.23,49.1],[35.258,49.112],[35.268,49.104],[35.268,49.095],[35.277,49.089],[35.31,49.087],[35.301,49.071],[35.342,49.044],[35.351,49.04],[35.362,49.041],[35.366,49.036],[35.372,49.034],[35.375,49.031],[35.379,49.032],[35.385,49.026],[35.401,49.029],[35.399,49.018],[35.41,49.011],[35.428,49.01],[35.484,48.972],[35.512,48.98],[35.564,48.973],[35.627,48.982],[35.648,48.973],[35.696,48.965],[35.691,48.944],[35.764,48.954],[35.788,48.946],[35.801,48.926],[35.809,48.926],[35.8149,48.928],[35.815,48.928],[35.8156,48.9298],[35.816,48.931],[35.814,48.932],[35.81,48.939],[35.821,48.939],[35.828,48.946],[35.944,48.977],[35.939,48.998],[35.9412,48.9985],[35.943,48.999],[35.945,49.003],[35.952,48.997],[35.973,49.004],[35.997,48.985],[36.033,48.978],[36.048,48.989],[36.117,49.048],[36.203,49.078],[36.23,49.083],[36.273,49.103],[36.256,49.128],[36.167,49.111],[36.172,49.135],[36.163,49.199],[36.143,49.215],[36.131,49.253],[36.062,49.257],[36.073,49.286],[36.03,49.312],[36.043,49.338],[36.011,49.357],[36.001,49.399],[35.987,49.402],[35.99,49.428],[35.998,49.457],[35.982,49.462],[35.986,49.503],[36.079,49.504],[36.084,49.516],[36.081,49.516]]]},"properties":{"id":"UA63060000000053698","name":"Берестинський район","name_en":"Berestyn Raion","oblast":"UA63"}},
{"type":"Feature","geometry":{"type":"Polygon","coordinates":[[[38.0329,49.9013],[38.023,49.91],[38.045,49.933],[38.006,49.968],[37.966,49.98],[37.926,50.036],[37.894,50.052],[37.825,50.069],[37.798,50.085],[37.756,50.08],[37.708,50.128],[37.64,50.18],[37.615,50.22],[37.628,50.24],[37.63,50.315],[37.556,50.331],[37.5359,50.3348],[37.5352,50.3336],[37.5354,50.3335],[37.535,50.3333],[37.532,50.328],[37.53,50.316],[37.421,50.289],[37.426,50.254],[37.369,50.222],[37.38,50.193],[37.32,50.18],[37.305,50.136],[37.271,50.125],[37.263,50.105],[37.24,50.107],[37.197,50.125],[37.159,50.107],[37.17,50.066],[37.154,49.99],[37.177,49.982],[37.17,49.973],[37.171,49.97],[37.166,49.966],[37.162,49.967],[37.155,49.961],[37.136,49.948],[37.178,49.942],[37.186,49.917],[37.19,49.838],[37.149,49.825],[37.114,49.789],[37.097,49.789],[37.077,49.796],[37.071,49.775],[37.058,49.771],[37.019,49.79],[36.975,49.767],[37,49.716],[37.025,49.711],[36.986,49.67],[36.969,49.661],[36.9818,49.6509],[36.982,49.651],[37.003,49.634],[37.005,49.63],[37.003,49.623],[37.036,49.623],[37.061,49.613],[37.107,49.583],[37.143,49.601],[37.167,49.595],[37.173,49.543],[37.231,49.543],[37.296,49.525],[37.373,49.551],[37.39,49.544],[37.38,49.517],[37.411,49.522],[37.455,49.486],[37.521,49.453],[37.59,49.435],[37.622,49.451],[37.636,49.468],[37.644,49.491],[37.666,49.49],[37.685,49.5],[37.692,49.5],[37.699,49.518],[37.722,49.517],[37.773,49.499],[37.836,49.497],[37.843,49.501],[37.842,49.502],[37.8428,49.5025],[37.841,49.508],[37.846,49.522],[37.886,49.52],[37.885,49.549],[37.9,49.575],[37.937,49.582],[37.933,49.595],[37.941,49.595],[37.943,49.612],[37.974,49.613],[37.986,49.643],[37.995,49.649],[38.032,49.658],[37.998,49.7],[37.991,49.715],[37.975,49.707],[37.959,49.717],[37.95,49.732],[37.965,49.757],[37.976,49.769],[37.985,49.755],[37.999,49.754],[38.009,49.766],[38.052,49.784],[38.009,49.812],[38.017,49.838],[38.074,49.837],[38.092,49.846],[38.045,49.882],[38.031,49.899],[38.0329,49.9013]]]},"properties":{"id":"UA63080000000032022","name":"Куп’янський район","name_en":"Kupiansk Raion","oblast":"UA63"}},
{"type":"Feature","geometry":{"type":"Polygon","coordinates":[[[36.7371,48.6267],[36.733,48.645],[36.721,48.655],[36.726,48.659],[36.717,48.672],[36.717,48.678],[36.714,48.678],[36.717,48.684],[36.717,48.69],[36.734,48.704],[36.715,48.735],[36.708,48.767],[36.691,48.769],[36.688,48.777],[36.702,48.785],[36.7188,48.8055],[36.704,48.807],[36.687,48.815],[36.681,48.846],[36.682,48.851],[36.691,48.852],[36.701,48.858],[36.703,48.865],[36.714,48.865],[36.728,48.858],[36.76,48.892],[36.809,48.911],[36.776,48.955],[36.751,49.012],[36.72,49.031],[36.643,49.017],[36.628,49.083],[36.591,49.103],[36.641,49.16],[36.654,49.194],[36.63,49.197],[36.645,49.227],[36.594,49.241],[36.563,49.271],[36.613,49.296],[36.571,49.308],[36.551,49.327],[36.552,49.354],[36.449,49.388],[36.481,49.454],[36.463,49.469],[36.4628,49.4695],[36.445,49.461],[36.437,49.458],[36.383,49.468],[36.382,49.506],[36.367,49.508],[36.354,49.521],[36.343,49.523],[36.337,49.52],[36.336,49.526],[36.276,49.542],[36.242,49.507],[36.241,49.501],[36.228,49.507],[36.211,49.511],[36.198,49.508],[36.184,49.517],[36.176,49.536],[36.135,49.538],[36.133,49.516],[36.084,49.516],[36.079,49.504],[35.986,49.503],[35.982,49.462],[35.998,49.457],[35.99,49.428],[35.987,49.402],[36.001,49.399],[36.011,49.357],[36.043,49.338],[36.03,49.312],[36.073,49.286],[36.062,49.257],[36.131,49.253],[36.143,49.215],[36.163,49.199],[36.172,49.135],[36.167,49.111],[36.256,49.128],[36.273,49.103],[36.23,49.083],[36.203,49.078],[36.117,49.048],[36.048,48.989],[36.033,48.978],[35.997,48.985],[35.973,49.004],[35.952,48.997],[35.945,49.003],[35.943,48.999],[35.9412,48.9985],[35.939,48.998],[35.988,48.969],[35.995,48.938],[36.042,48.916],[36.011,48.887],[36.038,48.873],[36.018,48.854],[36.075,48.832],[36.065,48.807],[36.107,48.808],[36.129,48.805],[36.157,48.784],[36.16,48.749],[36.143,48.723],[36.243,48.673],[36.282,48.658],[36.265,48.647],[36.259,48.624],[36.25,48.62],[36.26,48.616],[36.269,48.608],[36.318,48.587],[36.27,48.544],[36.2951,48.5305],[36.2969,48.5321],[36.324,48.557],[36.355,48.541],[36.39,48.565],[36.38,48.571],[36.423,48.613],[36.483,48.665],[36.591,48.604],[36.654,48.61],[36.672,48.626],[36.705,48.624],[36.713,48.624],[36.7371,48.6267]]]},"properties":{"id":"UA63100000000059237","name":"Лозівський район","name_en":"Lozova Raion","oblast":"UA63"}},
{"type":"Feature","geometry":{"type":"Polygon","coordinates":[[[35.675,49.731],[35.687,49.782],[35.715,49.791],[35.703,49.823],[35.749,49.828],[35.77,49.817],[35.822,49.812],[35.825,49.858],[35.848,49.868],[35.874,49.874],[35.867,49.878],[35.874,49.889],[35.877,49.901],[35.876,49.912],[35.864,49.913],[35.829,49.933],[35.793,49.95],[35.793,49.955],[35.816,49.972],[35.818,49.991],[35.794,50.034],[35.856,50.082],[35.867,50.077],[35.872,50.081],[35.89,50.079],[35.89,50.081],[35.904,50.089],[35.911,50.089],[35.916,50.084],[35.915,50.092],[35.917,50.096],[35.945,50.092],[35.951,50.106],[35.996,50.107],[35.987,50.117],[35.991,50.136],[36.014,50.132],[36.037,50.18],[36.079,50.179],[36.073,50.202],[36.055,50.214],[36.094,50.224],[36.1,50.236],[36.122,50.24],[36.122,50.25],[36.177,50.287],[36.16,50.321],[36.173,50.347],[36.153,50.359],[36.113,50.367],[36.16,50.389],[36.178,50.402],[36.1774,50.4027],[36.184,50.407],[36.194,50.405],[36.285,50.336],[36.276,50.325],[36.297,50.293],[36.364,50.288],[36.406,50.312],[36.488,50.313],[36.524,50.288],[36.585,50.287],[36.592,50.27],[36.562,50.251],[36.613,50.225],[36.619,50.228],[36.64,50.223],[36.648,50.219],[36.664,50.223],[36.663,50.222],[36.656,50.217],[36.659,50.208],[36.669,50.211],[36.69,50.199],[36.692,50.191],[36.703,50.182],[36.695,50.179],[36.688,50.17],[36.672,50.167],[36.687,50.151],[36.668,50.149],[36.684,50.135],[36.687,50.122],[36.672,50.113],[36.665,50.113],[36.666,50.107],[36.653,50.103],[36.634,50.111],[36.591,50.103],[36.583,50.097],[36.569,50.097],[36.567,50.099],[36.555,50.09],[36.548,50.081],[36.567,50.034],[36.603,50.033],[36.622,50.023],[36.624,49.985],[36.647,49.971],[36.601,49.938],[36.608,49.93],[36.601,49.922],[36.588,49.919],[36.571,49.924],[36.561,49.906],[36.539,49.911],[36.533,49.887],[36.476,49.88],[36.461,49.881],[36.449,49.871],[36.432,49.87],[36.427,49.864],[36.422,49.849],[36.408,49.816],[36.422,49.799],[36.414,49.795],[36.403,49.794],[36.389,49.796],[36.389,49.793],[36.379,49.791],[36.374,49.797],[36.343,49.792],[36.325,49.798],[36.322,49.82],[36.305,49.826],[36.295,49.823],[36.289,49.829],[36.279,49.829],[36.283,49.822],[36.266,49.819],[36.243,49.822],[36.231,49.814],[36.169,49.827],[36.159,49.822],[36.155,49.823],[36.152,49.819],[36.128,49.807],[36.119,49.785],[36.149,49.787],[36.159,49.779],[36.155,49.767],[36.148,49.761],[36.11,49.759],[36.093,49.77],[36.082,49.771],[36.081,49.768],[36.07,49.763],[36.061,49.763],[35.986,49.763],[35.966,49.756],[35.981,49.738],[36.018,49.73],[36.015,49.704],[36.066,49.702],[36.072,49.673],[36.038,49.675],[36.055,49.652],[36.06,49.633],[36.066,49.624],[36.065,49.6161],[36.064,49.616],[36.034,49.618],[36.031,49.623],[35.965,49.634],[35.956,49.619],[35.866,49.583],[35.848,49.598],[35.855,49.608],[35.849,49.632],[35.837,49.646],[35.789,49.636],[35.783,49.622],[35.76,49.62],[35.744,49.627],[35.737,49.651],[35.714,49.652],[35.718,49.675],[35.745,49.698],[35.7,49.707],[35.6994,49.7067],[35.687,49.721],[35.675,49.731]],[[36.408,50.0099],[36.4023,50.0075],[36.3955,50.0037],[36.386,50.0009],[36.3763,49.997],[36.3721,49.9946],[36.3705,49.9938],[36.3702,49.9945],[36.3613,49.9983],[36.3597,50.0004],[36.3684,50.0031],[36.3576,50.0076],[36.362,50.0101],[36.3609,50.0107],[36.3817,50.0222],[36.3704,50.0313],[36.3693,50.0312],[36.3748,50.0376],[36.3546,50.0467],[36.3612,50.0543],[36.3628,50.0572],[36.36,50.0556],[36.3523,50.0625],[36.3361,50.0736],[36.333,50.0748],[36.3478,50.0649],[36.3386,50.0621],[36.3357,50.0628],[36.3357,50.0605],[36.3277,50.0594],[36.3246,50.0569],[36.3183,50.0541],[36.3118,50.0528],[36.3101,50.0594],[36.3075,50.0591],[36.3008,50.0664],[36.2986,50.0672],[36.297,50.0656],[36.2913,50.0646],[36.2893,50.0675],[36.2775,50.0705],[36.2748,50.0749],[36.2742,50.08],[36.2687,50.0796],[36.2611,50.0835],[36.2608,50.085],[36.2606,50.0863],[36.2629,50.0886],[36.2659,50.0935],[36.265,50.0953],[36.2676,50.0992],[36.2736,50.1008],[36.2717,50.1016],[36.2703,50.1048],[36.2656,50.1025],[36.2545,50.1014],[36.2508,50.0994],[36.2445,50.0932],[36.2309,50.09],[36.2209,50.0879],[36.2158,50.0842],[36.2063,50.0761],[36.2047,50.0761],[36.1957,50.0686],[36.1995,50.0669],[36.1966,50.0637],[36.1831,50.0555],[36.1781,50.0554],[36.1789,50.0535],[36.169,50.0502],[36.1728,50.0426],[36.1697,50.0439],[36.1677,50.05],[36.1542,50.0461],[36.1562,50.042],[36.1589,50.0389],[36.164,50.0355],[36.1617,50.0331],[36.158,50.0327],[36.1616,50.0294],[36.1602,50.0175],[36.1657,50.0093],[36.1628,50.0097],[36.1475,50.0085],[36.1422,50.0101],[36.1393,50.0119],[36.1317,50.0135],[36.1292,50.0131],[36.1266,50.0166],[36.1208,50.0166],[36.12,50.0075],[36.1241,50.0063],[36.1259,50.0041],[36.1241,50.0016],[36.128,49.9976],[36.1276,49.9915],[36.1105,49.9901],[36.1056,49.983],[36.1142,49.9817],[36.115,49.9765],[36.1183,49.977],[36.1198,49.9736],[36.1272,49.9738],[36.129,49.9683],[36.1289,49.9652],[36.1258,49.963],[36.1357,49.9638],[36.1301,49.9613],[36.128,49.9568],[36.128,49.9522],[36.1303,49.9522],[36.1322,49.9496],[36.1308,49.948],[36.1325,49.9408],[36.1347,49.9402],[36.1299,49.9257],[36.1312,49.9225],[36.1391,49.9241],[36.1421,49.9231],[36.1447,49.9252],[36.1493,49.9242],[36.1473,49.9269],[36.1499,49.9289],[36.1573,49.9279],[36.159,49.9267],[36.1601,49.9294],[36.1697,49.9283],[36.1702,49.9257],[36.1632,49.9203],[36.1632,49.9176],[36.1701,49.9176],[36.1758,49.921],[36.1865,49.9204],[36.1897,49.9211],[36.1958,49.9208],[36.1988,49.9202],[36.2052,49.9141],[36.2051,49.9123],[36.2127,49.9118],[36.2179,49.9068],[36.2157,49.9048],[36.2149,49.9009],[36.2124,49.8997],[36.2122,49.8911],[36.2157,49.8889],[36.2182,49.8888],[36.2245,49.8857],[36.2315,49.8898],[36.2355,49.8904],[36.2376,49.8868],[36.2388,49.8823],[36.2422,49.8793],[36.2491,49.8785],[36.2505,49.8822],[36.2605,49.8832],[36.2604,49.8855],[36.2678,49.8868],[36.2713,49.8856],[36.2754,49.882],[36.2828,49.8823],[36.284,49.8816],[36.2915,49.8836],[36.2995,49.8821],[36.2912,49.8868],[36.2905,49.8866],[36.2851,49.8967],[36.278,49.9113],[36.2843,49.9126],[36.2881,49.9122],[36.29,49.919],[36.2953,49.9216],[36.3026,49.9225],[36.304,49.9236],[36.3102,49.9243],[36.3093,49.9227],[36.3128,49.9214],[36.3136,49.9233],[36.318,49.9237],[36.3193,49.9252],[36.326,49.9218],[36.3371,49.9178],[36.3455,49.9255],[36.3555,49.9303],[36.3576,49.9327],[36.361,49.9316],[36.3681,49.9274],[36.3715,49.9262],[36.372,49.9221],[36.3738,49.92],[36.3799,49.9162],[36.3752,49.9132],[36.3804,49.9085],[36.3896,49.9088],[36.3935,49.9074],[36.3943,49.9059],[36.3875,49.9015],[36.3921,49.8988],[36.3987,49.9031],[36.4064,49.8982],[36.4126,49.9005],[36.4186,49.9015],[36.4302,49.898],[36.4331,49.9042],[36.4467,49.9051],[36.4497,49.9048],[36.4527,49.908],[36.4555,49.9082],[36.4541,49.9098],[36.4491,49.9221],[36.4507,49.9256],[36.4533,49.927],[36.4484,49.9293],[36.4395,49.9324],[36.4364,49.9365],[36.4374,49.9396],[36.4362,49.9459],[36.4315,49.9586],[36.4206,49.9838],[36.4205,49.9837],[36.4115,50.0049],[36.408,50.0099]]]},"properties":{"id":"UA63120000000091135","name":"Харківський район","name_en":"Kharkiv Raion","oblast":"UA63"}},
{"type":"Feature","geometry":{"type":"Polygon","coordinates":[[[36.2285,50.082],[36.2299,50.077],[36.2391,50.0811],[36.2583,50.0872],[36.2606,50.0863],[36.2608,50.085],[36.2604,50.0849],[36.265,50.0671],[36.2752,50.0456],[36.2747,50.0432],[36.2534,50.0215],[36.238,50.0079],[36.2362,50.0054],[36.2326,49.9951],[36.2328,49.9898],[36.2302,49.9875],[36.2271,49.9885],[36.2256,49.9941],[36.2242,49.9955],[36.214,49.9978],[36.2123,49.9997],[36.213,50.0026],[36.2117,50.0072],[36.1926,50.0249],[36.1898,50.0255],[36.1862,50.0349],[36.1809,50.042],[36.1728,50.0426],[36.169,50.0502],[36.1789,50.0535],[36.1781,50.0554],[36.1831,50.0555],[36.1966,50.0637],[36.1995,50.0669],[36.1957,50.0686],[36.2047,50.0761],[36.2063,50.0761],[36.2158,50.0842],[36.2209,50.0879],[36.2309,50.09],[36.2331,50.0866],[36.2285,50.082]]]},"properties":{"id":"UA63120270010948820","name":"Шевченківський район","name_en":null,"oblast":"UA63","city":"Харків"}},
{"type":"Feature","geometry":{"type":"Polygon","coordinates":[[[36.1862,50.0349],[36.1898,50.0255],[36.1926,50.0249],[36.2117,50.0072],[36.213,50.0026],[36.2123,49.9997],[36.214,49.9978],[36.2242,49.9955],[36.2256,49.9941],[36.2271,49.9885],[36.1972,49.9862],[36.1907,49.9854],[36.177,49.9809],[36.1415,49.9646],[36.1357,49.9638],[36.1258,49.963],[36.1289,49.9652],[36.129,49.9683],[36.1272,49.9738],[36.1198,49.9736],[36.1183,49.977],[36.115,49.9765],[36.1142,49.9817],[36.1056,49.983],[36.1105,49.9901],[36.1276,49.9915],[36.128,49.9976],[36.1241,50.0016],[36.1259,50.0041],[36.1241,50.0063],[36.12,50.0075],[36.1208,50.0166],[36.1266,50.0166],[36.1292,50.0131],[36.1317,50.0135],[36.1393,50.0119],[36.1422,50.0101],[36.1475,50.0085],[36.1628,50.0097],[36.1657,50.0093],[36.1602,50.0175],[36.1616,50.0294],[36.158,50.0327],[36.1617,50.0331],[36.164,50.0355],[36.1589,50.0389],[36.1562,50.042],[36.1542,50.0461],[36.1677,50.05],[36.1697,50.0439],[36.1728,50.0426],[36.1809,50.042],[36.1862,50.0349]]]},"properties":{"id":"UA63120270010877312","name":"Холодногірський район","name_en":null,"oblast":"UA63","city":"Харків"}},
{"type":"Feature","geometry":{"type":"Polygon","coordinates":[[[36.177,49.9809],[36.1907,49.9854],[36.1972,49.9862],[36.2271,49.9885],[36.2233,49.9853],[36.226,49.9849],[36.222,49.9789],[36.223,49.977],[36.2233,49.971],[36.2221,49.9688],[36.2304,49.9662],[36.2329,49.9644],[36.2325,49.9623],[36.2252,49.9593],[36.2145,49.9524],[36.2074,49.9471],[36.2038,49.9456],[36.204,49.9433],[36.2088,49.9405],[36.2094,49.939],[36.2031,49.9371],[36.2043,49.9346],[36.2027,49.933],[36.1953,49.9288],[36.1937,49.9229],[36.1958,49.9208],[36.1897,49.9211],[36.1865,49.9204],[36.1758,49.921],[36.1701,49.9176],[36.1632,49.9176],[36.1632,49.9203],[36.1702,49.9257],[36.1697,49.9283],[36.1601,49.9294],[36.159,49.9267],[36.1573,49.9279],[36.1499,49.9289],[36.1473,49.9269],[36.1493,49.9242],[36.1447,49.9252],[36.1421,49.9231],[36.1391,49.9241],[36.1312,49.9225],[36.1299,49.9257],[36.1347,49.9402],[36.1325,49.9408],[36.1308,49.948],[36.1322,49.9496],[36.1303,49.9522],[36.128,49.9522],[36.128,49.9568],[36.1301,49.9613],[36.1357,49.9638],[36.1415,49.9646],[36.177,49.9809]]]},"properties":{"id":"UA63120270010565081","name":"Новобаварський район","name_en":null,"oblast":"UA63","city":"Харків"}},
{"type":"Feature","geometry":{"type":"Polygon","coordinates":[[[36.2328,49.9898],[36.2412,49.9888],[36.2503,49.9895],[36.2549,49.9904],[36.2627,49.9907],[36.2647,49.9901],[36.2613,49.9872],[36.2502,49.9778],[36.2583,49.9724],[36.2594,49.9702],[36.2586,49.9639],[36.2599,49.9525],[36.26,49.9442],[36.2618,49.9326],[36.2625,49.9309],[36.2747,49.9169],[36.278,49.9113],[36.2851,49.8967],[36.2905,49.8866],[36.2912,49.8868],[36.2995,49.8821],[36.2915,49.8836],[36.284,49.8816],[36.2828,49.8823],[36.2754,49.882],[36.2713,49.8856],[36.2678,49.8868],[36.2604,49.8855],[36.2605,49.8832],[36.2505,49.8822],[36.2491,49.8785],[36.2422,49.8793],[36.2388,49.8823],[36.2376,49.8868],[36.2355,49.8904],[36.2315,49.8898],[36.2245,49.8857],[36.2182,49.8888],[36.2157,49.8889],[36.2122,49.8911],[36.2124,49.8997],[36.2149,49.9009],[36.2157,49.9048],[36.2179,49.9068],[36.2127,49.9118],[36.2051,49.9123],[36.2052,49.9141],[36.1988,49.9202],[36.1958,49.9208],[36.1937,49.9229],[36.1953,49.9288],[36.2027,49.933],[36.2043,49.9346],[36.2031,49.9371],[36.2094,49.939],[36.2088,49.9405],[36.204,49.9433],[36.2038,49.9456],[36.2074,49.9471],[36.2145,49.9524],[36.2252,49.9593],[36.2325,49.9623],[36.2329,49.9644],[36.2304,49.9662],[36.2221,49.9688],[36.2233,49.971],[36.223,49.977],[36.222,49.9789],[36.226,49.9849],[36.2233,49.9853],[36.2271,49.9885],[36.2302,49.9875],[36.2328,49.9898]]]},"properties":{"id":"UA63120270010681864","name":"Основ’янський район","name_en":null,"oblast":"UA63","city":"Харків"}},
{"type":"Feature","geometry":{"type":"Polygon","coordinates":[[[36.3979,49.9768],[36.4042,49.9775],[36.4083,49.9786],[36.4205,49.9837],[36.4206,49.9838],[36.4315,49.9586],[36.4362,49.9459],[36.4374,49.9396],[36.4364,49.9365],[36.4395,49.9324],[36.4484,49.9293],[36.4533,49.927],[36.4507,49.9256],[36.4491,49.9221],[36.4541,49.9098],[36.4555,49.9082],[36.4527,49.908],[36.4497,49.9048],[36.4467,49.9051],[36.4331,49.9042],[36.4302,49.898],[36.4186,49.9015],[36.4126,49.9005],[36.4064,49.8982],[36.3987,49.9031],[36.3921,49.8988],[36.3875,49.9015],[36.3943,49.9059],[36.3935,49.9074],[36.3896,49.9088],[36.3804,49.9085],[36.3752,49.9132],[36.3799,49.9162],[36.3738,49.92],[36.372,49.9221],[36.3715,49.9262],[36.3681,49.9274],[36.361,49.9316],[36.3576,49.9327],[36.3555,49.9303],[36.3455,49.9255],[36.3383,49.9267],[36.3319,49.9271],[36.327,49.9313],[36.3372,49.9352],[36.3367,49.9376],[36.3416,49.9378],[36.3517,49.9399],[36.3558,49.9419],[36.3569,49.9464],[36.3603,49.9553],[36.3636,49.9542],[36.3703,49.9622],[36.3718,49.9627],[36.3762,49.9683],[36.3761,49.9699],[36.3727,49.9761],[36.3894,49.9772],[36.3979,49.9768]]]},"properties":{"id":"UA63120270010158723","name":"Індустріальний район","name_en":null,"oblast":"UA63","city":"Харків"}},
{"type":"Feature","geometry":{"type":"Polygon","coordinates":[[[36.2824,49.9805],[36.2987,49.9731],[36.2996,49.9727],[36.2946,49.9597],[36.2887,49.9601],[36.2872,49.9592],[36.2948,49.9573],[36.2973,49.9549],[36.2959,49.9524],[36.286,49.9515],[36.2866,49.95],[36.2814,49.949],[36.2815,49.9462],[36.2853,49.9462],[36.3018,49.9515],[36.3037,49.958],[36.3084,49.9575],[36.3298,49.9535],[36.3268,49.9468],[36.3275,49.9414],[36.3289,49.9394],[36.3027,49.9358],[36.3113,49.9299],[36.3075,49.9273],[36.3102,49.9243],[36.304,49.9236],[36.3026,49.9225],[36.2953,49.9216],[36.29,49.919],[36.2881,49.9122],[36.2843,49.9126],[36.278,49.9113],[36.2747,49.9169],[36.2625,49.9309],[36.2618,49.9326],[36.26,49.9442],[36.2599,49.9525],[36.2586,49.9639],[36.2594,49.9702],[36.2583,49.9724],[36.2502,49.9778],[36.2613,49.9872],[36.2734,49.9859],[36.2824,49.9805]]]},"properties":{"id":"UA63120270010736370","name":"Слобідський район","name_en":null,"oblast":"UA63","city":"Харків"}},
{"type":"Feature","geometry":{"type":"Polygon","coordinates":[[[36.3817,50.0222],[36.3609,50.0107],[36.362,50.0101],[36.3576,50.0076],[36.3684,50.0031],[36.3597,50.0004],[36.3613,49.9983],[36.3702,49.9945],[36.3705,49.9938],[36.3641,49.9912],[36.3403,49.9883],[36.3302,49.9861],[36.3243,49.9864],[36.312,49.9882],[36.3101,49.9757],[36.309,49.9724],[36.3042,49.9766],[36.3006,49.9779],[36.2987,49.9731],[36.2824,49.9805],[36.2734,49.9859],[36.2613,49.9872],[36.2647,49.9901],[36.2627,49.9907],[36.2549,49.9904],[36.2503,49.9895],[36.2412,49.9888],[36.2409,49.9907],[36.2439,49.9924],[36.2546,49.9945],[36.2578,49.9979],[36.2637,49.9998],[36.2721,49.9992],[36.2772,49.9925],[36.2897,49.9966],[36.3001,50.0006],[36.3041,49.9998],[36.3276,50.0148],[36.3459,50.0367],[36.3693,50.0312],[36.3704,50.0313],[36.3817,50.0222]]]},"properties":{"id":"UA63120270010315719","name":"Салтівський район","name_en":null,"oblast":"UA63","city":"Харків"}},
{"type":"Feature","geometry":{"type":"Polygon","coordinates":[[[36.309,49.9724],[36.3101,49.9757],[36.312,49.9882],[36.3243,49.9864],[36.3302,49.9861],[36.3403,49.9883],[36.3641,49.9912],[36.3705,49.9938],[36.3721,49.9946],[36.3763,49.997],[36.386,50.0009],[36.3955,50.0037],[36.4023,50.0075],[36.408,50.0099],[36.4115,50.0049],[36.4205,49.9837],[36.4083,49.9786],[36.4042,49.9775],[36.3979,49.9768],[36.3894,49.9772],[36.3727,49.9761],[36.3761,49.9699],[36.3762,49.9683],[36.3718,49.9627],[36.3703,49.9622],[36.3636,49.9542],[36.3603,49.9553],[36.3569,49.9464],[36.3558,49.9419],[36.3517,49.9399],[36.3416,49.9378],[36.3367,49.9376],[36.3372,49.9352],[36.327,49.9313],[36.3319,49.9271],[36.3383,49.9267],[36.3455,49.9255],[36.3371,49.9178],[36.326,49.9218],[36.3193,49.9252],[36.318,49.9237],[36.3136,49.9233],[36.3128,49.9214],[36.3093,49.9227],[36.3102,49.9243],[36.3075,49.9273],[36.3113,49.9299],[36.3027,49.9358],[36.3289,49.9394],[36.3275,49.9414],[36.3268,49.9468],[36.3298,49.9535],[36.3084,49.9575],[36.3037,49.958],[36.3018,49.9515],[36.2853,49.9462],[36.2815,49.9462],[36.2814,49.949],[36.2866,49.95],[36.286,49.9515],[36.2959,49.9524],[36.2973,49.9549],[36.2948,49.9573],[36.2872,49.9592],[36.2887,49.9601],[36.2946,49.9597],[36.2996,49.9727],[36.2987,49.9731],[36.3006,49.9779],[36.3042,49.9766],[36.309,49.9724]]]},"properties":{"id":"UA63120270010423479","name":"Немишлянський район","name_en":null,"oblast":"UA63","city":"Харків"}},
{"type":"Feature","geometry":{"type":"MultiPolygon","coordinates":[[[[36.2687,50.0796],[36.2742,50.08],[36.2748,50.0749],[36.2775,50.0705],[36.2893,50.0675],[36.2913,50.0646],[36.297,50.0656],[36.2986,50.0672],[36.3008,50.0664],[36.3075,50.0591],[36.3101,50.0594],[36.3118,50.0528],[36.3183,50.0541],[36.3246,50.0569],[36.3277,50.0594],[36.3357,50.0605],[36.3357,50.0628],[36.3386,50.0621],[36.3478,50.0649],[36.333,50.0748],[36.3361,50.0736],[36.3523,50.0625],[36.36,50.0556],[36.3628,50.0572],[36.3612,50.0543],[36.3546,50.0467],[36.3748,50.0376],[36.3693,50.0312],[36.3459,50.0367],[36.3276,50.0148],[36.3041,49.9998],[36.3001,50.0006],[36.2897,49.9966],[36.2772,49.9925],[36.2721,49.9992],[36.2637,49.9998],[36.2578,49.9979],[36.2546,49.9945],[36.2439,49.9924],[36.2409,49.9907],[36.2412,49.9888],[36.2328,49.9898],[36.2326,49.9951],[36.2362,50.0054],[36.238,50.0079],[36.2534,50.0215],[36.2747,50.0432],[36.2752,50.0456],[36.265,50.0671],[36.2604,50.0849],[36.2608,50.085],[36.2611,50.0835],[36.2687,50.0796]]],[[[36.2508,50.0994],[36.2545,50.1014],[36.2656,50.1025],[36.2703,50.1048],[36.2717,50.1016],[36.2736,50.1008],[36.2676,50.0992],[36.265,50.0953],[36.2659,50.0935],[36.2629,50.0886],[36.2606,50.0863],[36.2583,50.0872],[36.2391,50.0811],[36.2299,50.077],[36.2285,50.082],[36.2331,50.0866],[36.2309,50.09],[36.2445,50.0932],[36.2508,50.0994]]]]},"properties":{"id":"UA63120270010216514","name":"Київський район","name_en":null,"oblast":"UA63","city":"Харків"}},
{"type":"Feature","geometry":{"type":"Polygon","coordinates":[[[36.065,49.6161],[36.065,49.616],[36.0668,49.6158],[36.073,49.615],[36.102,49.59],[36.081,49.571],[36.068,49.542],[36.081,49.516],[36.084,49.516],[36.133,49.516],[36.135,49.538],[36.176,49.536],[36.184,49.517],[36.198,49.508],[36.211,49.511],[36.228,49.507],[36.241,49.501],[36.242,49.507],[36.276,49.542],[36.336,49.526],[36.337,49.52],[36.343,49.523],[36.354,49.521],[36.367,49.508],[36.382,49.506],[36.383,49.468],[36.437,49.458],[36.445,49.461],[36.4628,49.4695],[36.4625,49.4704],[36.462,49.472],[36.468,49.472],[36.47,49.474],[36.48,49.477],[36.492,49.471],[36.511,49.466],[36.509,49.484],[36.516,49.503],[36.451,49.507],[36.4443,49.5339],[36.5,49.525],[36.527,49.552],[36.566,49.546],[36.592,49.565],[36.605,49.565],[36.622,49.59],[36.699,49.571],[36.701,49.589],[36.758,49.601],[36.759,49.61],[36.798,49.62],[36.8,49.637],[36.856,49.638],[36.857,49.604],[36.901,49.6],[36.919,49.601],[36.934,49.634],[36.943,49.632],[36.973,49.643],[36.974,49.647],[36.9798,49.6499],[36.9818,49.6509],[36.969,49.661],[36.986,49.67],[37.025,49.711],[37,49.716],[36.975,49.767],[37.019,49.79],[37.058,49.771],[37.071,49.775],[37.077,49.796],[37.097,49.789],[37.114,49.789],[37.149,49.825],[37.19,49.838],[37.186,49.917],[37.178,49.942],[37.136,49.948],[37.155,49.961],[37.162,49.967],[37.166,49.966],[37.171,49.97],[37.17,49.973],[37.177,49.982],[37.154,49.99],[37.17,50.066],[37.159,50.107],[37.197,50.125],[37.24,50.107],[37.263,50.105],[37.271,50.125],[37.305,50.136],[37.32,50.18],[37.38,50.193],[37.369,50.222],[37.426,50.254],[37.421,50.289],[37.53,50.316],[37.532,50.328],[37.535,50.3333],[37.5354,50.3335],[37.5352,50.3336],[37.5359,50.3348],[37.536,50.335],[37.522,50.337],[37.507,50.353],[37.468,50.379],[37.466,50.43],[37.492,50.458],[37.392,50.432],[37.331,50.438],[37.293,50.402],[37.256,50.394],[37.179,50.363],[37.104,50.352],[36.933,50.351],[36.852,50.329],[36.833,50.314],[36.768,50.303],[36.729,50.278],[36.689,50.269],[36.679,50.238],[36.664,50.223],[36.663,50.222],[36.656,50.217],[36.659,50.208],[36.669,50.211],[36.69,50.199],[36.692,50.191],[36.703,50.182],[36.695,50.179],[36.688,50.17],[36.672,50.167],[36.687,50.151],[36.668,50.149],[36.684,50.135],[36.687,50.122],[36.672,50.113],[36.665,50.113],[36.666,50.107],[36.653,50.103],[36.634,50.111],[36.591,50.103],[36.583,50.097],[36.569,50.097],[36.567,50.099],[36.555,50.09],[36.548,50.081],[36.567,50.034],[36.603,50.033],[36.622,50.023],[36.624,49.985],[36.647,49.971],[36.601,49.938],[36.608,49.93],[36.601,49.922],[36.588,49.919],[36.571,49.924],[36.561,49.906],[36.539,49.911],[36.533,49.887],[36.476,49.88],[36.461,49.881],[36.449,49.871],[36.432,49.87],[36.427,49.864],[36.422,49.849],[36.408,49.816],[36.422,49.799],[36.414,49.795],[36.403,49.794],[36.389,49.796],[36.389,49.793],[36.379,49.791],[36.374,49.797],[36.343,49.792],[36.325,49.798],[36.322,49.82],[36.305,49.826],[36.295,49.823],[36.289,49.829],[36.279,49.829],[36.283,49.822],[36.266,49.819],[36.243,49.822],[36.231,49.814],[36.169,49.827],[36.159,49.822],[36.155,49.823],[36.152,49.819],[36.128,49.807],[36.119,49.785],[36.149,49.787],[36.159,49.779],[36.155,49.767],[36.148,49.761],[36.11,49.759],[36.093,49.77],[36.082,49.771],[36.081,49.768],[36.07,49.763],[36.061,49.763],[35.986,49.763],[35.966,49.756],[35.981,49.738],[36.018,49.73],[36.015,49.704],[36.066,49.702],[36.072,49.673],[36.038,49.675],[36.055,49.652],[36.06,49.633],[36.066,49.624],[36.065,49.6161]]]},"properties":{"id":"UA63140000000096278","name":"Чугуївський район","name_en":"Chuhuiv Raion","oblast":"UA63"}},
{"type":"Feature","geometry":{"type":"Polygon","coordinates":[[[33.0932,47.5778],[33.09,47.555],[33.095,47.529],[33.143,47.544],[33.148,47.514],[33.124,47.508],[33.139,47.419],[33.071,47.411],[33.055,47.443],[33.03,47.421],[33.04,47.381],[33.115,47.39],[33.124,47.385],[33.138,47.333],[33.133,47.329],[33.122,47.325],[33.104,47.322],[33.106,47.281],[33.138,47.268],[33.185,47.238],[33.165,47.231],[33.145,47.231],[33.129,47.231],[33.128,47.223],[33.135,47.213],[33.132,47.202],[33.112,47.205],[33.099,47.223],[33.065,47.215],[33.068,47.201],[33.038,47.188],[32.962,47.189],[32.949,47.163],[32.919,47.144],[32.911,47.094],[32.933,47.08],[33.027,47.041],[33.051,47.071],[33.073,47.064],[33.101,47.099],[33.081,47.108],[33.105,47.138],[33.157,47.117],[33.094,47.038],[33.068,47.021],[33.0245,46.9736],[33.0231,46.9721],[33.027,46.969],[33.052,46.959],[33.063,46.908],[33.005,46.904],[33.014,46.866],[32.976,46.86],[32.986,46.83],[33.022,46.834],[33.046,46.741],[33.095,46.766],[33.0979,46.7671],[33.097,46.768],[33.133,46.783],[33.151,46.785],[33.186,46.775],[33.299,46.753],[33.328,46.757],[33.325,46.774],[33.306,46.79],[33.318,46.823],[33.296,46.844],[33.341,46.849],[33.372,46.838],[33.414,46.808],[33.494,46.84],[33.576,46.838],[33.607,46.856],[33.618,46.913],[33.66,46.965],[33.677,47],[33.721,47.044],[33.761,47.064],[33.792,47.083],[33.801,47.093],[33.827,47.148],[33.851,47.17],[33.933,47.222],[33.947,47.249],[33.994,47.307],[34.012,47.341],[34.016,47.389],[34.016,47.4586],[34.006,47.456],[33.95,47.461],[33.939,47.515],[33.643,47.484],[33.635,47.513],[33.587,47.502],[33.58,47.531],[33.591,47.573],[33.58,47.599],[33.476,47.587],[33.487,47.543],[33.327,47.522],[33.35,47.493],[33.314,47.482],[33.309,47.501],[33.242,47.529],[33.216,47.531],[33.217,47.549],[33.237,47.571],[33.177,47.567],[33.165,47.568],[33.0932,47.5778]]]},"properties":{"id":"UA65020000000032929","name":"Бериславський район","name_en":"Beryslav Raion","oblast":"UA65"}},
{"type":"Feature","geometry":{"type":"MultiPolygon","coordinates":[[[[35.102,46.3001],[35.102,46.303],[35.073,46.301],[35.058,46.374],[35.071,46.379],[35.056,46.482],[35.022,46.48],[34.957,46.503],[34.947,46.514],[34.891,46.508],[34.892,46.564],[34.758,46.55],[34.748,46.585],[34.724,46.583],[34.714,46.619],[34.757,46.626],[34.747,46.684],[34.684,46.678],[34.682,46.693],[34.633,46.689],[34.626,46.723],[34.66,46.739],[34.735,46.746],[34.769,46.781],[34.759,46.822],[34.817,46.827],[34.805,46.884],[34.753,46.881],[34.737,46.962],[34.686,46.957],[34.682,46.98],[34.625,46.974],[34.6,46.993],[34.592,47.028],[34.568,47.026],[34.554,47.107],[34.5198,47.1059],[34.5186,47.1058],[34.401,47.102],[34.405,47.078],[34.353,47.053],[34.315,47.022],[34.306,47.002],[34.181,46.889],[34.197,46.812],[34.112,46.803],[34.109,46.819],[34.033,46.811],[34.024,46.791],[34.049,46.665],[34.063,46.651],[33.987,46.641],[33.971,46.621],[33.99,46.535],[34.077,46.543],[34.108,46.524],[34.128,46.433],[33.961,46.417],[33.971,46.37],[33.968,46.293],[33.973,46.223],[33.9711,46.1423],[33.971,46.1404],[33.971,46.14],[33.998,46.125],[34.052,46.108],[34.057,46.109],[34.0677,46.1148],[34.07,46.116],[34.119,46.106],[34.18,46.067],[34.248,46.052],[34.32,46.067],[34.347,46.054],[34.404,46.009],[34.415,45.985],[34.464,45.947],[34.502,45.942],[34.553,45.988],[34.607,45.992],[34.666,45.969],[34.753,45.908],[34.801,45.9],[34.799,45.809],[34.862,45.794],[34.941,45.765],[34.9571,45.757],[34.959,45.756],[34.9608,45.7565],[34.9668,45.7583],[34.9687,45.7588],[34.976,45.761],[34.976,45.763],[34.933,45.829],[34.872,45.946],[34.847,46.022],[34.829,46.128],[34.811,46.159],[34.836,46.205],[34.897,46.24],[35.004,46.254],[35.076,46.277],[35.102,46.299],[35.102,46.3001]]],[[[35.2724,46.265],[35.272,46.265],[35.271,46.262],[35.267,46.261],[35.266,46.255],[35.25,46.241],[35.222,46.222],[35.213,46.188],[35.139,46.163],[35.034,46.147],[35.031,46.128],[34.991,46.107],[35.003,46.079],[35.113,46.11],[35.164,46.134],[35.211,46.177],[35.239,46.219],[35.27,46.252],[35.278,46.2635],[35.279,46.265],[35.2755,46.2652],[35.2753,46.265],[35.2724,46.265]]]]},"properties":{"id":"UA65040000000088940","name":"Генічеський район","name_en":"Henichesk Raion","oblast":"UA65"}},
{"type":"Feature","geometry":{"type":"Polygon","coordinates":[[[33.2307,46.3832],[33.231,46.383],[33.235,46.3825],[33.239,46.382],[33.355,46.394],[33.365,46.348],[33.449,46.357],[33.466,46.29],[33.54,46.298],[33.542,46.302],[33.538,46.318],[33.598,46.325],[33.624,46.255],[33.6314,46.229],[33.632,46.227],[33.6331,46.2271],[33.647,46.229],[33.67,46.211],[33.735,46.185],[33.751,46.187],[33.773,46.197],[33.811,46.203],[33.848,46.199],[33.861,46.194],[33.894,46.171],[33.94,46.154],[33.971,46.1404],[33.9711,46.1423],[33.973,46.223],[33.968,46.293],[33.971,46.37],[33.961,46.417],[34.128,46.433],[34.108,46.524],[34.077,46.543],[33.99,46.535],[33.971,46.621],[33.987,46.641],[34.063,46.651],[34.049,46.665],[34.024,46.791],[34.033,46.811],[34.109,46.819],[34.112,46.803],[34.197,46.812],[34.181,46.889],[34.306,47.002],[34.315,47.022],[34.353,47.053],[34.405,47.078],[34.401,47.102],[34.5186,47.1058],[34.5162,47.118],[34.516,47.119],[34.5181,47.1192],[34.518,47.12],[34.505,47.177],[34.492,47.246],[34.531,47.25],[34.528,47.268],[34.524,47.268],[34.518,47.285],[34.488,47.281],[34.481,47.314],[34.513,47.336],[34.413,47.324],[34.4,47.288],[34.358,47.295],[34.328,47.291],[34.294,47.275],[34.273,47.362],[34.244,47.434],[34.225,47.451],[34.187,47.465],[34.1458,47.4769],[34.142,47.478],[34.1387,47.4777],[34.1159,47.4757],[34.1139,47.4755],[34.074,47.472],[34.016,47.461],[34.016,47.4605],[34.016,47.4586],[34.016,47.389],[34.012,47.341],[33.994,47.307],[33.947,47.249],[33.933,47.222],[33.851,47.17],[33.827,47.148],[33.801,47.093],[33.792,47.083],[33.761,47.064],[33.721,47.044],[33.677,47],[33.66,46.965],[33.618,46.913],[33.607,46.856],[33.576,46.838],[33.494,46.84],[33.414,46.808],[33.372,46.838],[33.341,46.849],[33.296,46.844],[33.318,46.823],[33.306,46.79],[33.325,46.774],[33.328,46.757],[33.299,46.753],[33.186,46.775],[33.151,46.785],[33.133,46.783],[33.097,46.768],[33.0979,46.7671],[33.099,46.766],[33.129,46.754],[33.156,46.713],[33.153,46.688],[33.1067,46.6554],[33.142,46.632],[33.166,46.633],[33.167,46.666],[33.219,46.67],[33.223,46.655],[33.276,46.661],[33.293,46.597],[33.412,46.612],[33.435,46.512],[33.253,46.488],[33.266,46.425],[33.213,46.419],[33.221,46.389],[33.2307,46.3832]]]},"properties":{"id":"UA65060000000061947","name":"Каховський район","name_en":"Kakhovka Raion","oblast":"UA65"}},
{"type":"Feature","geometry":{"type":"Polygon","coordinates":[[[33.614,46.134],[33.64,46.14],[33.642,46.142],[33.636,46.147],[33.62,46.214],[33.616,46.225],[33.633,46.227],[33.6331,46.2271],[33.632,46.227],[33.6314,46.229],[33.624,46.255],[33.598,46.325],[33.538,46.318],[33.542,46.302],[33.54,46.298],[33.466,46.29],[33.449,46.357],[33.365,46.348],[33.355,46.394],[33.239,46.382],[33.235,46.3825],[33.231,46.383],[33.2307,46.3832],[33.095,46.367],[33.013,46.359],[33.027,46.28],[32.904,46.267],[32.9,46.287],[32.858,46.284],[32.829,46.429],[32.792,46.456],[32.784,46.518],[32.712,46.518],[32.699,46.536],[32.658,46.544],[32.618,46.589],[32.561,46.56],[32.524,46.553],[32.469,46.571],[32.319,46.501],[32.288,46.497],[32.191,46.526],[32.13,46.533],[31.9281,46.5827],[31.928,46.5815],[31.928,46.581],[31.863,46.523],[31.846,46.497],[31.806,46.479],[31.811,46.361],[31.8039,46.3539],[31.803,46.333],[31.773,46.326],[31.687,46.259],[31.606,46.243],[31.656,46.229],[31.858,46.194],[32.077,46.165],[32.379,46.096],[32.533,46.066],[32.642,46.053],[32.737,46.032],[32.873,46.014],[33.036,46.006],[33.033,46.029],[32.978,46.03],[32.944,46.047],[32.908,46.038],[32.865,46.062],[32.798,46.033],[32.717,46.039],[32.663,46.055],[32.54,46.069],[32.549,46.082],[32.645,46.106],[32.677,46.099],[32.736,46.107],[32.767,46.12],[32.822,46.11],[32.875,46.115],[32.941,46.105],[33.016,46.108],[33.017,46.118],[33.043,46.156],[33.081,46.135],[33.135,46.123],[33.187,46.154],[33.226,46.153],[33.33,46.114],[33.363,46.076],[33.401,46.047],[33.427,46.039],[33.467,46.047],[33.518,46.081],[33.51,46.117],[33.539,46.117],[33.583,46.158],[33.607,46.148],[33.614,46.134]]]},"properties":{"id":"UA65080000000090947","name":"Скадовський район","name_en":"Skadovsk Raion","oblast":"UA65"}},
{"type":"Feature","geometry":{"type":"Polygon","coordinates":[[[32.5442,46.8817],[32.535,46.881],[32.542,46.849],[32.532,46.822],[32.468,46.816],[32.463,46.839],[32.367,46.828],[32.374,46.798],[32.341,46.794],[32.253,46.819],[32.211,46.805],[32.219,46.77],[32.172,46.751],[32.112,46.744],[32.077,46.73],[32.088,46.683],[32.022,46.677],[31.989,46.654],[31.931,46.652],[31.9281,46.5827],[32.13,46.533],[32.191,46.526],[32.288,46.497],[32.319,46.501],[32.469,46.571],[32.524,46.553],[32.561,46.56],[32.618,46.589],[32.658,46.544],[32.699,46.536],[32.712,46.518],[32.784,46.518],[32.792,46.456],[32.829,46.429],[32.858,46.284],[32.9,46.287],[32.904,46.267],[33.027,46.28],[33.013,46.359],[33.095,46.367],[33.2307,46.3832],[33.221,46.389],[33.213,46.419],[33.266,46.425],[33.253,46.488],[33.435,46.512],[33.412,46.612],[33.293,46.597],[33.276,46.661],[33.223,46.655],[33.219,46.67],[33.167,46.666],[33.166,46.633],[33.142,46.632],[33.1067,46.6554],[33.153,46.688],[33.156,46.713],[33.129,46.754],[33.099,46.766],[33.0979,46.7671],[33.095,46.766],[33.046,46.741],[33.022,46.834],[32.986,46.83],[32.976,46.86],[33.014,46.866],[33.005,46.904],[33.063,46.908],[33.052,46.959],[33.027,46.969],[33.0231,46.9721],[33.023,46.972],[32.95,47.002],[32.935,46.986],[32.951,46.947],[32.981,46.933],[32.923,46.926],[32.927,46.913],[32.925,46.909],[32.842,46.899],[32.857,46.878],[32.916,46.884],[32.921,46.867],[32.947,46.87],[32.95,46.857],[32.815,46.839],[32.816,46.834],[32.697,46.822],[32.687,46.861],[32.618,46.853],[32.585,46.855],[32.57,46.872],[32.546,46.868],[32.5442,46.8817]]]},"properties":{"id":"UA65100000000029736","name":"Херсонський район","name_en":"Kherson Raion","oblast":"UA65"}},
{"type":"Feature","geometry":{"type":"Polygon","coordinates":[[[26.4435,48.5375],[26.444,48.537],[26.447,48.539],[26.474,48.546],[26.493,48.54],[26.506,48.515],[26.555,48.456],[26.609,48.451],[26.626,48.471],[26.611,48.492],[26.608,48.503],[26.63,48.507],[26.665,48.485],[26.7,48.485],[26.714,48.493],[26.713,48.503],[26.706,48.51],[26.665,48.543],[26.624,48.538],[26.62,48.551],[26.634,48.56],[26.661,48.559],[26.716,48.53],[26.786,48.549],[26.795,48.561],[26.796,48.568],[26.792,48.576],[26.779,48.593],[26.793,48.606],[26.82,48.608],[26.819,48.581],[26.84,48.557],[26.852,48.549],[26.879,48.541],[26.904,48.549],[26.93,48.577],[26.997,48.572],[27.088,48.556],[27.117,48.559],[27.144,48.577],[27.171,48.582],[27.187,48.58],[27.229,48.566],[27.258,48.572],[27.245,48.612],[27.285,48.619],[27.31,48.601],[27.339,48.606],[27.373,48.628],[27.3733,48.6285],[27.3739,48.6298],[27.38,48.642],[27.381,48.651],[27.39,48.661],[27.39,48.678],[27.415,48.704],[27.4,48.728],[27.41,48.737],[27.417,48.738],[27.413,48.745],[27.408,48.765],[27.429,48.797],[27.419,48.818],[27.416,48.883],[27.4079,48.888],[27.4049,48.8898],[27.403,48.891],[27.394,48.901],[27.398,48.921],[27.395,48.929],[27.3946,48.929],[27.395,48.927],[27.394,48.927],[27.384,48.927],[27.38,48.924],[27.362,48.924],[27.336,48.936],[27.293,48.92],[27.292,48.908],[27.233,48.925],[27.186,48.93],[27.182,48.948],[27.126,48.944],[27.097,48.989],[27.018,48.993],[26.963,49.019],[26.932,49.017],[26.892,49.029],[26.899,49.046],[26.825,49.075],[26.815,49.061],[26.8,49.059],[26.757,49.075],[26.695,49.071],[26.657,49.049],[26.679,49.027],[26.618,48.978],[26.584,48.987],[26.577,48.991],[26.568,48.992],[26.566,48.996],[26.544,48.995],[26.559,49.023],[26.533,49.044],[26.509,49.043],[26.443,49.066],[26.419,49.111],[26.442,49.134],[26.413,49.148],[26.402,49.143],[26.385,49.143],[26.378,49.141],[26.376,49.144],[26.298,49.174],[26.261,49.131],[26.222,49.164],[26.219,49.17],[26.213,49.172],[26.211,49.168],[26.211,49.16],[26.201,49.157],[26.196,49.137],[26.206,49.1],[26.198,49.088],[26.195,49.074],[26.215,49.075],[26.216,49.07],[26.196,49.064],[26.184,49.057],[26.189,49.047],[26.208,49.038],[26.215,49.014],[26.213,48.982],[26.195,48.933],[26.215,48.883],[26.207,48.875],[26.213,48.864],[26.207,48.854],[26.218,48.853],[26.223,48.848],[26.22,48.834],[26.233,48.828],[26.24,48.819],[26.251,48.824],[26.26,48.816],[26.255,48.808],[26.231,48.805],[26.247,48.757],[26.245,48.734],[26.234,48.702],[26.237,48.693],[26.222,48.692],[26.222,48.686],[26.23,48.683],[26.246,48.685],[26.243,48.679],[26.248,48.669],[26.267,48.673],[26.281,48.669],[26.277,48.65],[26.309,48.648],[26.325,48.632],[26.317,48.623],[26.327,48.612],[26.325,48.6],[26.361,48.589],[26.353,48.561],[26.388,48.564],[26.408,48.543],[26.434,48.549],[26.444,48.543],[26.4448,48.5392],[26.445,48.538],[26.4435,48.5375]]]},"properties":{"id":"UA68020000000016021","name":"Кам’янець-Подільський район","name_en":"Kamianets-Podilskyi Raion","oblast":"UA68"}},
{"type":"Feature","geometry":{"type":"Polygon","coordinates":[[[27.5479,49.9093],[27.543,49.91],[27.531,49.908],[27.518,49.903],[27.516,49.883],[27.48,49.877],[27.446,49.91],[27.413,49.878],[27.367,49.877],[27.356,49.91],[27.303,49.905],[27.252,49.884],[27.241,49.891],[27.195,49.902],[27.209,49.918],[27.213,49.934],[27.128,49.947],[27.109,49.948],[27.079,49.941],[27.065,49.944],[27.051,49.931],[27.031,49.926],[26.981,49.929],[26.895,49.884],[26.769,49.919],[26.691,49.895],[26.638,49.893],[26.666,49.938],[26.66,49.946],[26.613,49.957],[26.601,49.939],[26.541,49.945],[26.5,49.94],[26.484,49.913],[26.49,49.893],[26.447,49.886],[26.388,49.928],[26.331,49.92],[26.317,49.884],[26.229,49.878],[26.23,49.874],[26.212,49.872],[26.212,49.866],[26.2018,49.8668],[26.2,49.867],[26.1988,49.866],[26.181,49.851],[26.178,49.846],[26.184,49.845],[26.184,49.836],[26.194,49.82],[26.228,49.786],[26.242,49.746],[26.213,49.736],[26.205,49.727],[26.1915,49.7153],[26.1902,49.7142],[26.19,49.714],[26.193,49.709],[26.209,49.707],[26.227,49.697],[26.241,49.693],[26.268,49.668],[26.252,49.634],[26.231,49.638],[26.225,49.624],[26.215,49.62],[26.208,49.611],[26.198,49.609],[26.205,49.596],[26.214,49.59],[26.206,49.576],[26.218,49.552],[26.19,49.558],[26.176,49.551],[26.158,49.533],[26.156,49.521],[26.145,49.515],[26.142,49.508],[26.165,49.493],[26.187,49.481],[26.192,49.43],[26.2,49.422],[26.214,49.418],[26.227,49.408],[26.224,49.402],[26.23,49.397],[26.229,49.383],[26.219,49.38],[26.218,49.378],[26.2205,49.376],[26.2221,49.3747],[26.223,49.374],[26.243,49.369],[26.235,49.354],[26.227,49.348],[26.224,49.34],[26.225,49.326],[26.246,49.315],[26.251,49.305],[26.245,49.301],[26.246,49.298],[26.258,49.291],[26.24,49.277],[26.243,49.271],[26.257,49.265],[26.231,49.247],[26.201,49.245],[26.182,49.194],[26.19,49.17],[26.2072,49.1666],[26.21,49.166],[26.211,49.168],[26.213,49.172],[26.219,49.17],[26.222,49.164],[26.261,49.131],[26.298,49.174],[26.376,49.144],[26.378,49.141],[26.385,49.143],[26.402,49.143],[26.413,49.148],[26.442,49.134],[26.419,49.111],[26.443,49.066],[26.509,49.043],[26.533,49.044],[26.559,49.023],[26.544,48.995],[26.566,48.996],[26.568,48.992],[26.577,48.991],[26.584,48.987],[26.618,48.978],[26.679,49.027],[26.657,49.049],[26.695,49.071],[26.757,49.075],[26.8,49.059],[26.815,49.061],[26.825,49.075],[26.899,49.046],[26.892,49.029],[26.932,49.017],[26.963,49.019],[27.018,48.993],[27.097,48.989],[27.126,48.944],[27.182,48.948],[27.186,48.93],[27.233,48.925],[27.292,48.908],[27.293,48.92],[27.336,48.936],[27.362,48.924],[27.38,48.924],[27.384,48.927],[27.394,48.927],[27.395,48.927],[27.3946,48.929],[27.394,48.932],[27.397,48.935],[27.394,48.939],[27.418,48.955],[27.412,48.961],[27.419,48.972],[27.41,48.974],[27.396,48.991],[27.399,48.999],[27.386,49.004],[27.383,49.007],[27.407,49.029],[27.417,49.054],[27.446,49.071],[27.487,49.068],[27.481,49.088],[27.506,49.111],[27.494,49.121],[27.512,49.13],[27.533,49.124],[27.547,49.13],[27.573,49.12],[27.599,49.134],[27.602,49.161],[27.632,49.161],[27.639,49.167],[27.698,49.138],[27.749,49.145],[27.759,49.153],[27.755,49.16],[27.764,49.159],[27.768,49.164],[27.774,49.163],[27.775,49.169],[27.784,49.174],[27.777,49.186],[27.792,49.184],[27.798,49.175],[27.804,49.185],[27.818,49.187],[27.822,49.178],[27.851,49.17],[27.899,49.185],[27.895,49.21],[27.8888,49.2131],[27.8864,49.2143],[27.883,49.216],[27.869,49.215],[27.859,49.236],[27.873,49.25],[27.851,49.265],[27.863,49.278],[27.864,49.294],[27.859,49.329],[27.816,49.356],[27.813,49.387],[27.835,49.391],[27.837,49.409],[27.8506,49.4197],[27.851,49.42],[27.8512,49.4216],[27.852,49.428],[27.846,49.432],[27.828,49.423],[27.806,49.44],[27.751,49.441],[27.765,49.477],[27.79,49.493],[27.737,49.495],[27.745,49.529],[27.774,49.519],[27.795,49.53],[27.788,49.561],[27.762,49.583],[27.785,49.596],[27.813,49.645],[27.767,49.667],[27.764,49.696],[27.808,49.709],[27.837,49.728],[27.838,49.731],[27.8188,49.7345],[27.8168,49.7349],[27.816,49.735],[27.793,49.728],[27.774,49.735],[27.758,49.752],[27.705,49.77],[27.725,49.79],[27.728,49.801],[27.718,49.807],[27.696,49.81],[27.667,49.809],[27.656,49.803],[27.63,49.833],[27.612,49.876],[27.626,49.891],[27.577,49.905],[27.57,49.911],[27.562,49.91],[27.561,49.903],[27.55,49.909],[27.5499,49.909],[27.5479,49.9093]]]},"properties":{"id":"UA68040000000086061","name":"Хмельницький район","name_en":"Khmelnytskyi Raion","oblast":"UA68"}},
{"type":"Feature","geometry":{"type":"Polygon","coordinates":[[[27.6556,50.1934],[27.636,50.189],[27.641,50.173],[27.624,50.175],[27.623,50.196],[27.624,50.2],[27.621,50.199],[27.617,50.199],[27.612,50.196],[27.609,50.215],[27.594,50.217],[27.598,50.26],[27.542,50.247],[27.527,50.226],[27.49,50.24],[27.482,50.258],[27.414,50.277],[27.418,50.308],[27.371,50.329],[27.316,50.333],[27.322,50.369],[27.25,50.393],[27.26,50.424],[27.291,50.455],[27.302,50.494],[27.263,50.496],[27.264,50.51],[27.26,50.514],[27.208,50.533],[27.197,50.553],[27.198,50.561],[27.1979,50.5611],[27.1952,50.5607],[27.19,50.56],[27.144,50.562],[27.136,50.559],[27.13,50.56],[27.129,50.565],[27.127,50.576],[27.129,50.588],[27.072,50.574],[27.049,50.551],[26.967,50.528],[26.945,50.53],[26.916,50.536],[26.9,50.545],[26.881,50.534],[26.857,50.508],[26.786,50.502],[26.767,50.46],[26.736,50.461],[26.738,50.444],[26.716,50.439],[26.693,50.419],[26.683,50.388],[26.649,50.364],[26.602,50.367],[26.588,50.339],[26.516,50.295],[26.497,50.268],[26.472,50.259],[26.399,50.264],[26.333,50.234],[26.295,50.187],[26.275,50.178],[26.229,50.171],[26.225,50.173],[26.224,50.176],[26.2202,50.1779],[26.22,50.178],[26.2187,50.18],[26.212,50.177],[26.21,50.174],[26.219,50.165],[26.208,50.153],[26.273,50.104],[26.198,50.099],[26.2,50.066],[26.221,50.059],[26.179,50.023],[26.172,49.995],[26.144,49.959],[26.164,49.923],[26.132,49.898],[26.162,49.887],[26.176,49.874],[26.193,49.871],[26.1988,49.866],[26.2,49.867],[26.2018,49.8668],[26.212,49.866],[26.212,49.872],[26.23,49.874],[26.229,49.878],[26.317,49.884],[26.331,49.92],[26.388,49.928],[26.447,49.886],[26.49,49.893],[26.484,49.913],[26.5,49.94],[26.541,49.945],[26.601,49.939],[26.613,49.957],[26.66,49.946],[26.666,49.938],[26.638,49.893],[26.691,49.895],[26.769,49.919],[26.895,49.884],[26.981,49.929],[27.031,49.926],[27.051,49.931],[27.065,49.944],[27.079,49.941],[27.109,49.948],[27.128,49.947],[27.213,49.934],[27.209,49.918],[27.195,49.902],[27.241,49.891],[27.252,49.884],[27.303,49.905],[27.356,49.91],[27.367,49.877],[27.413,49.878],[27.446,49.91],[27.48,49.877],[27.516,49.883],[27.518,49.903],[27.531,49.908],[27.543,49.91],[27.5479,49.9093],[27.547,49.936],[27.565,49.959],[27.546,50.013],[27.567,50.019],[27.581,50.019],[27.611,50.007],[27.641,50.038],[27.67,50.026],[27.681,50.048],[27.668,50.077],[27.614,50.086],[27.63,50.147],[27.661,50.17],[27.661,50.191],[27.662,50.193],[27.658,50.1922],[27.657,50.192],[27.6556,50.1934]]]},"properties":{"id":"UA68060000000040570","name":"Шепетівський район","name_en":"Shepetivka Raion","oblast":"UA68"}},
{"type":"Feature","geometry":{"type":"Polygon","coordinates":[[[30.4207,49.302],[30.421,49.301],[30.464,49.289],[30.458,49.273],[30.513,49.252],[30.494,49.201],[30.391,49.213],[30.423,49.182],[30.475,49.181],[30.478,49.141],[30.56,49.154],[30.567,49.142],[30.556,49.114],[30.536,49.093],[30.547,49.065],[30.534,49.037],[30.557,49.019],[30.543,48.996],[30.513,48.988],[30.487,48.965],[30.476,48.948],[30.48,48.927],[30.46,48.916],[30.445,48.896],[30.457,48.875],[30.475,48.87],[30.476,48.877],[30.535,48.854],[30.474,48.815],[30.466,48.785],[30.53,48.743],[30.543,48.724],[30.575,48.72],[30.5781,48.7205],[30.588,48.722],[30.591,48.719],[30.602,48.72],[30.61,48.718],[30.638,48.751],[30.698,48.766],[30.754,48.769],[30.829,48.75],[30.898,48.745],[30.902,48.761],[30.946,48.758],[30.993,48.763],[31.001,48.756],[31.02,48.761],[31.056,48.755],[31.068,48.736],[31.119,48.728],[31.158,48.742],[31.175,48.761],[31.216,48.757],[31.249,48.766],[31.255,48.751],[31.261,48.747],[31.2616,48.7471],[31.265,48.748],[31.266,48.7488],[31.27,48.752],[31.278,48.752],[31.285,48.757],[31.309,48.758],[31.318,48.73],[31.335,48.725],[31.385,48.727],[31.414,48.745],[31.425,48.742],[31.437,48.753],[31.425,48.764],[31.468,48.788],[31.529,48.803],[31.583,48.876],[31.621,48.905],[31.64,48.899],[31.681,48.9],[31.69,48.895],[31.7,48.917],[31.699,48.93],[31.725,48.933],[31.752,48.925],[31.758,48.93],[31.769,48.933],[31.77,48.934],[31.7686,48.9359],[31.767,48.938],[31.757,48.945],[31.761,48.949],[31.745,48.961],[31.715,48.977],[31.694,48.975],[31.698,48.963],[31.694,48.956],[31.678,48.945],[31.623,48.971],[31.632,49.009],[31.61,49.1],[31.563,49.122],[31.529,49.125],[31.482,49.161],[31.465,49.181],[31.466,49.192],[31.392,49.201],[31.358,49.215],[31.326,49.236],[31.303,49.244],[31.282,49.261],[31.281,49.298],[31.311,49.36],[31.335,49.361],[31.382,49.329],[31.422,49.355],[31.402,49.409],[31.331,49.424],[31.335,49.42],[31.311,49.404],[31.267,49.396],[31.249,49.384],[31.221,49.402],[31.223,49.413],[31.179,49.412],[31.128,49.429],[31.111,49.473],[31.091,49.48],[31.089,49.485],[31.07,49.481],[31.0657,49.4815],[31.0634,49.4818],[31.0627,49.4816],[31.0629,49.4819],[31.062,49.482],[31.0632,49.4832],[31.062,49.483],[31.06,49.479],[31.047,49.479],[31.029,49.473],[31.004,49.452],[30.993,49.423],[30.954,49.425],[30.9301,49.4192],[30.931,49.418],[30.9288,49.4172],[30.923,49.415],[30.938,49.408],[30.932,49.38],[30.919,49.377],[30.91,49.358],[30.897,49.362],[30.867,49.35],[30.8,49.353],[30.75,49.344],[30.729,49.331],[30.705,49.337],[30.677,49.354],[30.659,49.359],[30.639,49.355],[30.607,49.369],[30.568,49.352],[30.548,49.326],[30.515,49.327],[30.473,49.364],[30.439,49.351],[30.415,49.33],[30.4216,49.3034],[30.422,49.302],[30.4207,49.302]]]},"properties":{"id":"UA71020000000057292","name":"Звенигородський район","name_en":"Zvenyhorodka Raion","oblast":"UA71"}},
{"type":"Feature","geometry":{"type":"Polygon","coordinates":[[[32.1132,50.2297],[32.11,50.23],[32.107,50.221],[32.086,50.223],[32.056,50.189],[32.018,50.207],[31.988,50.185],[31.946,50.136],[31.973,50.126],[31.91,50.101],[31.907,50.061],[31.917,50.053],[31.925,50.059],[31.985,50.052],[31.914,50.029],[31.899,50.02],[31.908,50.012],[31.917,49.962],[31.812,49.967],[31.795,49.935],[31.77,49.921],[31.752,49.894],[31.715,49.854],[31.7159,49.8534],[31.718,49.854],[31.729,49.846],[31.709,49.843],[31.704,49.791],[31.721,49.776],[31.701,49.75],[31.691,49.696],[31.654,49.642],[31.711,49.632],[31.762,49.635],[31.783,49.605],[31.823,49.574],[31.872,49.552],[31.941,49.551],[31.963,49.523],[31.989,49.527],[32.045,49.484],[32.13,49.465],[32.151,49.445],[32.156,49.416],[32.199,49.393],[32.293,49.399],[32.341,49.384],[32.392,49.34],[32.44,49.32],[32.4672,49.3284],[32.471,49.336],[32.471,49.34],[32.462,49.35],[32.491,49.384],[32.491,49.393],[32.51,49.409],[32.525,49.402],[32.53,49.39],[32.547,49.382],[32.556,49.385],[32.573,49.38],[32.595,49.379],[32.652,49.357],[32.689,49.353],[32.737,49.354],[32.713,49.384],[32.691,49.383],[32.677,49.399],[32.679,49.424],[32.651,49.44],[32.665,49.46],[32.669,49.489],[32.677,49.5],[32.711,49.501],[32.749,49.525],[32.752,49.566],[32.746,49.575],[32.75,49.582],[32.739,49.585],[32.733,49.595],[32.714,49.599],[32.706,49.615],[32.711,49.63],[32.691,49.657],[32.6899,49.6592],[32.689,49.659],[32.684,49.661],[32.662,49.68],[32.573,49.702],[32.555,49.773],[32.514,49.773],[32.503,49.803],[32.449,49.795],[32.437,49.821],[32.373,49.874],[32.433,49.888],[32.413,49.903],[32.427,49.96],[32.378,49.98],[32.364,50.033],[32.334,50.057],[32.313,50.038],[32.261,50.082],[32.303,50.121],[32.298,50.141],[32.176,50.164],[32.155,50.187],[32.111,50.212],[32.124,50.225],[32.1182,50.2275],[32.1132,50.2297]]]},"properties":{"id":"UA71040000000022553","name":"Золотоніський район","name_en":"Zolotonosha Raion","oblast":"UA71"}},
{"type":"Feature","geometry":{"type":"Polygon","coordinates":[[[29.608,49.056],[29.613,49.051],[29.624,49.036],[29.629,49.024],[29.64,49.013],[29.669,49.025],[29.697,49],[29.653,48.96],[29.662,48.949],[29.654,48.937],[29.665,48.932],[29.669,48.932],[29.668,48.927],[29.681,48.922],[29.687,48.915],[29.737,48.909],[29.733,48.855],[29.763,48.847],[29.768,48.786],[29.868,48.764],[29.858,48.715],[29.918,48.673],[29.948,48.671],[29.978,48.636],[29.991,48.613],[29.949,48.594],[30.007,48.574],[30.004,48.561],[30.01,48.543],[30.021,48.54],[30.019,48.522],[30.001,48.491],[29.967,48.49],[29.963,48.474],[29.968,48.473],[29.9686,48.4718],[30.003,48.471],[30.001,48.477],[30.05,48.482],[30.086,48.457],[30.109,48.451],[30.122,48.453],[30.122,48.462],[30.131,48.462],[30.131,48.469],[30.146,48.472],[30.163,48.502],[30.221,48.479],[30.257,48.488],[30.256,48.505],[30.326,48.521],[30.387,48.526],[30.403,48.573],[30.453,48.582],[30.473,48.567],[30.566,48.566],[30.572,48.606],[30.531,48.628],[30.552,48.653],[30.599,48.662],[30.612,48.699],[30.602,48.7],[30.586,48.715],[30.5781,48.7205],[30.575,48.72],[30.543,48.724],[30.53,48.743],[30.466,48.785],[30.474,48.815],[30.535,48.854],[30.476,48.877],[30.475,48.87],[30.457,48.875],[30.445,48.896],[30.46,48.916],[30.48,48.927],[30.476,48.948],[30.487,48.965],[30.513,48.988],[30.543,48.996],[30.557,49.019],[30.534,49.037],[30.547,49.065],[30.536,49.093],[30.556,49.114],[30.567,49.142],[30.56,49.154],[30.478,49.141],[30.475,49.181],[30.423,49.182],[30.391,49.213],[30.494,49.201],[30.513,49.252],[30.458,49.273],[30.464,49.289],[30.421,49.301],[30.4207,49.302],[30.399,49.302],[30.385,49.256],[30.263,49.27],[30.189,49.274],[30.199,49.327],[30.148,49.326],[30.133,49.313],[30.127,49.309],[30.113,49.308],[30.122,49.296],[30.124,49.28],[30.112,49.269],[30.088,49.284],[30.078,49.322],[30.027,49.333],[30.008,49.314],[29.945,49.302],[29.957,49.29],[29.954,49.249],[29.933,49.247],[29.933,49.243],[29.921,49.229],[29.906,49.221],[29.91,49.216],[29.857,49.187],[29.759,49.179],[29.727,49.207],[29.741,49.212],[29.748,49.224],[29.736,49.227],[29.734,49.225],[29.726,49.22],[29.705,49.224],[29.711,49.208],[29.727,49.204],[29.727,49.18],[29.718,49.177],[29.719,49.156],[29.711,49.154],[29.72,49.133],[29.732,49.133],[29.726,49.119],[29.679,49.111],[29.651,49.095],[29.628,49.046],[29.613,49.056],[29.608,49.056]]]},"properties":{"id":"UA71060000000030325","name":"Уманський район","name_en":"Uman Raion","oblast":"UA71"}},
{"type":"Feature","geometry":{"type":"Polygon","coordinates":[[[31.7159,49.8534],[31.711,49.852],[31.669,49.859],[31.616,49.858],[31.614,49.907],[31.58,49.908],[31.557,49.876],[31.515,49.871],[31.491,49.862],[31.446,49.878],[31.425,49.917],[31.432,49.955],[31.446,49.976],[31.434,49.987],[31.417,49.991],[31.412,49.988],[31.381,49.994],[31.329,49.99],[31.299,49.983],[31.304,49.972],[31.287,49.957],[31.2867,49.9557],[31.286,49.953],[31.2863,49.9527],[31.288,49.951],[31.301,49.96],[31.311,49.962],[31.334,49.955],[31.333,49.935],[31.36,49.925],[31.379,49.907],[31.374,49.899],[31.31,49.893],[31.207,49.853],[31.22,49.832],[31.189,49.789],[31.215,49.776],[31.211,49.731],[31.195,49.701],[31.201,49.675],[31.154,49.63],[31.108,49.558],[31.096,49.543],[31.103,49.532],[31.09,49.511],[31.086,49.492],[31.069,49.486],[31.067,49.484],[31.064,49.484],[31.0632,49.4832],[31.062,49.482],[31.0629,49.4819],[31.0627,49.4816],[31.0634,49.4818],[31.0657,49.4815],[31.07,49.481],[31.089,49.485],[31.091,49.48],[31.111,49.473],[31.128,49.429],[31.179,49.412],[31.223,49.413],[31.221,49.402],[31.249,49.384],[31.267,49.396],[31.311,49.404],[31.335,49.42],[31.331,49.424],[31.402,49.409],[31.422,49.355],[31.382,49.329],[31.335,49.361],[31.311,49.36],[31.281,49.298],[31.282,49.261],[31.303,49.244],[31.326,49.236],[31.358,49.215],[31.392,49.201],[31.466,49.192],[31.465,49.181],[31.482,49.161],[31.529,49.125],[31.563,49.122],[31.61,49.1],[31.632,49.009],[31.623,48.971],[31.678,48.945],[31.694,48.956],[31.698,48.963],[31.694,48.975],[31.715,48.977],[31.745,48.961],[31.761,48.949],[31.757,48.945],[31.767,48.938],[31.7686,48.9359],[31.77,48.934],[31.796,48.938],[31.807,48.944],[31.823,48.935],[31.839,48.935],[31.874,48.918],[31.917,48.906],[31.917,48.896],[31.911,48.888],[31.911,48.8864],[31.912,48.888],[31.9131,48.8871],[31.921,48.881],[31.945,48.907],[32.006,48.914],[32.026,48.932],[32.049,48.918],[32.08,48.922],[32.11,48.913],[32.151,48.917],[32.151,48.946],[32.147,48.949],[32.13,48.951],[32.134,48.955],[32.134,48.967],[32.217,48.988],[32.235,49.052],[32.233,49.06],[32.243,49.063],[32.252,49.059],[32.258,49.078],[32.266,49.083],[32.35,49.08],[32.366,49.073],[32.372,49.038],[32.399,49.027],[32.445,49.048],[32.477,49.007],[32.499,49.013],[32.501,48.997],[32.505,48.994],[32.503,48.988],[32.512,48.985],[32.516,48.979],[32.511,48.96],[32.539,48.952],[32.538,48.968],[32.555,48.964],[32.579,48.952],[32.603,48.963],[32.653,48.954],[32.666,48.96],[32.676,48.961],[32.673,48.965],[32.673,48.97],[32.669,48.982],[32.699,48.975],[32.723,48.978],[32.732,48.975],[32.7343,48.9661],[32.7348,48.964],[32.738,48.964],[32.798,48.97],[32.846,48.98],[32.858,48.999],[32.839,49.015],[32.844,49.029],[32.837,49.032],[32.83,49.076],[32.843,49.087],[32.897,49.094],[32.891,49.128],[32.782,49.142],[32.763,49.151],[32.776,49.186],[32.807,49.211],[32.841,49.226],[32.86,49.244],[32.86,49.2457],[32.86,49.246],[32.85,49.25],[32.815,49.25],[32.798,49.24],[32.747,49.245],[32.712,49.259],[32.658,49.248],[32.599,49.276],[32.506,49.308],[32.493,49.314],[32.4697,49.3286],[32.469,49.329],[32.4672,49.3284],[32.44,49.32],[32.392,49.34],[32.341,49.384],[32.293,49.399],[32.199,49.393],[32.156,49.416],[32.151,49.445],[32.13,49.465],[32.045,49.484],[31.989,49.527],[31.963,49.523],[31.941,49.551],[31.872,49.552],[31.823,49.574],[31.783,49.605],[31.762,49.635],[31.711,49.632],[31.654,49.642],[31.691,49.696],[31.701,49.75],[31.721,49.776],[31.704,49.791],[31.709,49.843],[31.729,49.846],[31.718,49.854],[31.7159,49.8534]]]},"properties":{"id":"UA71080000000036344","name":"Черкаський район","name_en":"Cherkasy Raion","oblast":"UA71"}},
{"type":"Feature","geometry":{"type":"Polygon","coordinates":[[[24.9232,47.7262],[24.944,47.728],[24.988,47.728],[25.007,47.733],[25.04,47.724],[25.117,47.754],[25.117,47.768],[25.172,47.795],[25.181,47.825],[25.223,47.858],[25.239,47.895],[25.27,47.891],[25.311,47.913],[25.347,47.915],[25.4415,47.9257],[25.44,47.928],[25.43,47.932],[25.419,47.939],[25.402,47.942],[25.364,47.962],[25.346,47.978],[25.364,48.009],[25.332,48.029],[25.325,48.038],[25.325,48.043],[25.377,48.081],[25.377,48.092],[25.366,48.098],[25.368,48.105],[25.392,48.119],[25.411,48.124],[25.465,48.127],[25.464,48.19],[25.478,48.251],[25.518,48.266],[25.54,48.264],[25.559,48.253],[25.594,48.262],[25.605,48.272],[25.612,48.299],[25.651,48.314],[25.648,48.335],[25.664,48.349],[25.662,48.357],[25.638,48.372],[25.621,48.378],[25.6209,48.3785],[25.614,48.38],[25.602,48.377],[25.571,48.377],[25.546,48.384],[25.539,48.384],[25.535,48.387],[25.535,48.39],[25.528,48.391],[25.519,48.397],[25.438,48.401],[25.379,48.391],[25.31,48.359],[25.308,48.3583],[25.307,48.358],[25.3066,48.3586],[25.305,48.357],[25.301,48.356],[25.294,48.347],[25.286,48.346],[25.279,48.339],[25.274,48.328],[25.265,48.327],[25.265,48.322],[25.255,48.315],[25.243,48.316],[25.181,48.248],[25.142,48.247],[25.105,48.225],[25.137,48.192],[25.097,48.187],[25.084,48.18],[25.081,48.172],[25.09,48.161],[25.0848,48.1615],[25.0819,48.1617],[25.079,48.162],[25.067,48.159],[25.064,48.153],[25.066,48.132],[25.043,48.131],[25.039,48.117],[25.026,48.111],[25.004,48.121],[24.992,48.121],[24.978,48.11],[24.986,48.079],[24.969,48.073],[24.94,48.045],[24.91,48.027],[24.908,47.999],[24.92,47.954],[24.926,47.936],[24.959,47.911],[24.944,47.896],[24.955,47.879],[24.985,47.865],[24.988,47.84],[24.95,47.8],[24.937,47.773],[24.938,47.764],[24.922,47.742],[24.921,47.726],[24.9232,47.7262]]]},"properties":{"id":"UA73020000000038148","name":"Вижницький район","name_en":"Vyzhnytsia Raion","oblast":"UA73"}},
{"type":"Feature","geometry":{"type":"Polygon","coordinates":[[[27.3733,48.6285],[27.373,48.628],[27.339,48.606],[27.31,48.601],[27.285,48.619],[27.245,48.612],[27.258,48.572],[27.229,48.566],[27.187,48.58],[27.171,48.582],[27.144,48.577],[27.117,48.559],[27.088,48.556],[26.997,48.572],[26.93,48.577],[26.904,48.549],[26.879,48.541],[26.852,48.549],[26.84,48.557],[26.819,48.581],[26.82,48.608],[26.793,48.606],[26.779,48.593],[26.792,48.576],[26.796,48.568],[26.795,48.561],[26.786,48.549],[26.716,48.53],[26.661,48.559],[26.634,48.56],[26.62,48.551],[26.624,48.538],[26.665,48.543],[26.706,48.51],[26.713,48.503],[26.714,48.493],[26.7,48.485],[26.665,48.485],[26.63,48.507],[26.608,48.503],[26.611,48.492],[26.626,48.471],[26.609,48.451],[26.555,48.456],[26.506,48.515],[26.493,48.54],[26.474,48.546],[26.447,48.539],[26.444,48.537],[26.4435,48.5375],[26.433,48.534],[26.389,48.533],[26.355,48.506],[26.293,48.513],[26.262,48.539],[26.2,48.525],[26.168,48.527],[26.146,48.545],[26.144,48.598],[26.124,48.617],[26.099,48.611],[26.097,48.598],[26.106,48.582],[26.125,48.569],[26.129,48.556],[26.123,48.546],[26.1182,48.5437],[26.123,48.541],[26.103,48.521],[26.1,48.504],[26.115,48.482],[26.105,48.472],[26.164,48.443],[26.226,48.386],[26.209,48.372],[26.244,48.337],[26.262,48.366],[26.293,48.357],[26.319,48.367],[26.357,48.35],[26.393,48.363],[26.465,48.348],[26.519,48.252],[26.525,48.214],[26.5229,48.2133],[26.523,48.213],[26.528,48.209],[26.533,48.209],[26.539,48.214],[26.561,48.22],[26.595,48.238],[26.623,48.24],[26.618,48.274],[26.65,48.305],[26.697,48.326],[26.758,48.322],[26.766,48.301],[26.818,48.294],[26.825,48.345],[26.765,48.355],[26.711,48.405],[26.754,48.398],[26.777,48.418],[26.852,48.412],[26.873,48.419],[26.9,48.397],[26.894,48.383],[26.996,48.358],[27.004,48.379],[27.051,48.387],[27.037,48.422],[27.084,48.434],[27.086,48.413],[27.122,48.379],[27.167,48.379],[27.192,48.394],[27.235,48.372],[27.288,48.371],[27.298,48.409],[27.32,48.442],[27.373,48.441],[27.382,48.41],[27.448,48.408],[27.467,48.448],[27.505,48.454],[27.527,48.465],[27.534,48.467],[27.5347,48.469],[27.519,48.47],[27.497,48.483],[27.4786,48.5089],[27.479,48.544],[27.461,48.583],[27.435,48.608],[27.415,48.617],[27.386,48.626],[27.3733,48.6285]]]},"properties":{"id":"UA73040000000031528","name":"Дністровський район","name_en":"Dnistrovskyi Raion","oblast":"UA73"}},
{"type":"Feature","geometry":{"type":"Polygon","coordinates":[[[25.6376,48.6699],[25.637,48.668],[25.633,48.668],[25.607,48.655],[25.584,48.635],[25.586,48.59],[25.601,48.571],[25.599,48.542],[25.608,48.524],[25.598,48.501],[25.605,48.465],[25.604,48.418],[25.598,48.412],[25.608,48.409],[25.62,48.413],[25.614,48.39],[25.62,48.386],[25.6206,48.381],[25.6209,48.3785],[25.621,48.378],[25.638,48.372],[25.662,48.357],[25.664,48.349],[25.648,48.335],[25.651,48.314],[25.612,48.299],[25.605,48.272],[25.594,48.262],[25.559,48.253],[25.54,48.264],[25.518,48.266],[25.478,48.251],[25.464,48.19],[25.465,48.127],[25.411,48.124],[25.392,48.119],[25.368,48.105],[25.366,48.098],[25.377,48.092],[25.377,48.081],[25.325,48.043],[25.325,48.038],[25.332,48.029],[25.364,48.009],[25.346,47.978],[25.364,47.962],[25.402,47.942],[25.419,47.939],[25.43,47.932],[25.44,47.928],[25.4415,47.9257],[25.442,47.925],[25.593,47.937],[25.626,47.948],[25.775,47.938],[25.861,47.969],[25.892,47.96],[25.916,47.977],[25.952,47.97],[26.061,47.987],[26.101,47.977],[26.185,47.994],[26.2,48.007],[26.213,48.05],[26.268,48.076],[26.299,48.133],[26.329,48.152],[26.336,48.182],[26.405,48.188],[26.474,48.217],[26.517,48.209],[26.521,48.209],[26.522,48.213],[26.5229,48.2133],[26.525,48.214],[26.519,48.252],[26.465,48.348],[26.393,48.363],[26.357,48.35],[26.319,48.367],[26.293,48.357],[26.262,48.366],[26.244,48.337],[26.209,48.372],[26.226,48.386],[26.164,48.443],[26.105,48.472],[26.115,48.482],[26.1,48.504],[26.103,48.521],[26.123,48.541],[26.1182,48.5437],[26.1176,48.5434],[26.106,48.538],[26.089,48.539],[26.043,48.585],[26.065,48.607],[26.056,48.645],[26.039,48.648],[26.03,48.638],[26.03,48.618],[26.01,48.609],[25.975,48.62],[25.934,48.59],[25.904,48.586],[25.846,48.603],[25.854,48.62],[25.806,48.666],[25.78,48.675],[25.761,48.666],[25.748,48.648],[25.748,48.638],[25.741,48.632],[25.724,48.639],[25.706,48.664],[25.682,48.663],[25.652,48.666],[25.644,48.669],[25.6405,48.6695],[25.6376,48.6699]]]},"properties":{"id":"UA73060000000061247","name":"Чернівецький район","name_en":"Chernivtsi Raion","oblast":"UA73"}},
{"type":"Feature","geometry":{"type":"Polygon","coordinates":[[[31.8159,52.0994],[31.818,52.099],[31.811,52.069],[31.778,52.058],[31.802,52.021],[31.801,51.993],[31.768,51.984],[31.773,51.968],[31.784,51.95],[31.793,51.942],[31.809,51.942],[31.8,51.935],[31.805,51.923],[31.806,51.907],[31.789,51.912],[31.721,51.912],[31.706,51.92],[31.664,51.883],[31.696,51.871],[31.675,51.837],[31.659,51.82],[31.637,51.81],[31.659,51.793],[31.653,51.781],[31.717,51.755],[31.76,51.745],[31.738,51.737],[31.739,51.731],[31.75,51.724],[31.782,51.73],[31.794,51.691],[31.788,51.671],[31.8,51.658],[31.81,51.656],[31.811,51.649],[31.806,51.63],[31.859,51.624],[31.879,51.61],[31.883,51.58],[31.847,51.541],[31.851,51.505],[31.835,51.496],[31.829,51.483],[31.83,51.463],[31.84,51.446],[31.821,51.432],[31.862,51.404],[31.895,51.37],[31.915,51.371],[31.928,51.364],[31.938,51.367],[31.968,51.363],[31.97,51.349],[31.985,51.359],[31.984,51.369],[31.9968,51.369],[31.997,51.372],[32.031,51.381],[32.077,51.383],[32.121,51.402],[32.159,51.397],[32.198,51.377],[32.251,51.401],[32.277,51.401],[32.282,51.41],[32.291,51.416],[32.291,51.419],[32.307,51.415],[32.313,51.411],[32.368,51.415],[32.387,51.41],[32.414,51.393],[32.458,51.389],[32.512,51.405],[32.527,51.414],[32.564,51.412],[32.611,51.427],[32.593,51.449],[32.562,51.447],[32.567,51.462],[32.585,51.462],[32.607,51.452],[32.623,51.464],[32.645,51.454],[32.674,51.448],[32.684,51.449],[32.69,51.443],[32.711,51.442],[32.717,51.446],[32.721,51.445],[32.7215,51.446],[32.721,51.446],[32.723,51.449],[32.72,51.453],[32.723,51.458],[32.729,51.459],[32.732,51.473],[32.622,51.485],[32.612,51.499],[32.608,51.522],[32.654,51.558],[32.741,51.553],[32.787,51.578],[32.828,51.573],[32.832,51.609],[32.802,51.621],[32.785,51.619],[32.782,51.623],[32.747,51.626],[32.719,51.634],[32.716,51.666],[32.686,51.678],[32.681,51.7],[32.698,51.726],[32.765,51.735],[32.746,51.767],[32.713,51.773],[32.704,51.79],[32.707,51.795],[32.7,51.807],[32.701,51.815],[32.728,51.838],[32.755,51.837],[32.778,51.847],[32.811,51.853],[32.837,51.854],[32.812,51.888],[32.758,51.903],[32.736,51.923],[32.71,51.916],[32.644,51.911],[32.629,51.916],[32.626,51.969],[32.515,51.964],[32.515,51.976],[32.506,51.988],[32.485,51.985],[32.467,51.971],[32.443,51.978],[32.422,51.997],[32.413,52.005],[32.409,52.016],[32.406,52.019],[32.41,52.021],[32.39,52.025],[32.371,52.036],[32.359,52.055],[32.334,52.051],[32.291,52.054],[32.273,52.073],[32.249,52.081],[32.221,52.08],[32.2218,52.083],[32.217,52.083],[32.155,52.073],[32.132,52.046],[32.095,52.035],[32.024,52.05],[31.96,52.054],[31.955,52.083],[31.903,52.104],[31.846,52.111],[31.816,52.1],[31.8159,52.0994]]]},"properties":{"id":"UA74020000000089267","name":"Корюківський район","name_en":"Koriukivka Raion","oblast":"UA74"}},
{"type":"Feature","geometry":{"type":"Polygon","coordinates":[[[31.9983,51.367],[31.999,51.362],[31.998,51.35],[32.004,51.35],[32.029,51.325],[31.987,51.311],[31.993,51.3],[31.951,51.289],[31.927,51.292],[31.885,51.236],[31.849,51.243],[31.816,51.229],[31.741,51.248],[31.733,51.237],[31.655,51.224],[31.641,51.238],[31.582,51.239],[31.528,51.219],[31.526,51.19],[31.441,51.177],[31.431,51.143],[31.39,51.121],[31.381,51.097],[31.294,51.085],[31.318,51.044],[31.302,51.036],[31.269,51.028],[31.296,51.018],[31.302,51.009],[31.322,51.007],[31.338,50.993],[31.368,50.993],[31.374,50.986],[31.371,50.981],[31.337,50.955],[31.356,50.929],[31.32,50.927],[31.301,50.899],[31.3,50.869],[31.25,50.812],[31.188,50.792],[31.241,50.752],[31.186,50.732],[31.175,50.733],[31.167,50.731],[31.1668,50.7311],[31.1651,50.7321],[31.164,50.731],[31.164,50.724],[31.19,50.724],[31.19,50.702],[31.22,50.684],[31.201,50.655],[31.198,50.644],[31.205,50.636],[31.225,50.627],[31.222,50.608],[31.165,50.608],[31.187,50.574],[31.245,50.566],[31.254,50.542],[31.319,50.527],[31.399,50.522],[31.419,50.503],[31.494,50.522],[31.571,50.527],[31.631,50.52],[31.648,50.552],[31.684,50.562],[31.782,50.558],[31.784,50.605],[31.812,50.623],[31.847,50.628],[31.858,50.6311],[31.8608,50.6319],[31.886,50.639],[31.897,50.678],[31.922,50.708],[31.954,50.701],[31.968,50.714],[32.019,50.698],[32.049,50.716],[32.069,50.766],[32.102,50.76],[32.104,50.798],[32.115,50.802],[32.086,50.823],[32.08,50.841],[32.068,50.849],[32.074,50.865],[32.062,50.882],[32.058,50.933],[32.108,50.953],[32.093,50.98],[32.15,50.989],[32.187,51.016],[32.26,51.026],[32.272,51],[32.315,51.011],[32.333,51.029],[32.355,51.015],[32.365,50.997],[32.373,51.002],[32.365,51.009],[32.373,51.016],[32.41,51.014],[32.399,51.041],[32.436,51.077],[32.493,51.083],[32.525,51.065],[32.526,51.034],[32.533,51.024],[32.565,51.014],[32.593,51.012],[32.605,51.025],[32.639,51.014],[32.686,51.004],[32.698,50.99],[32.69,50.949],[32.757,50.931],[32.776,50.888],[32.792,50.889],[32.836,50.858],[32.936,50.89],[32.977,50.917],[33.02,50.934],[32.985,50.941],[32.98,50.967],[33.004,50.979],[33.011,50.986],[33.012,50.99],[33.034,50.995],[33.034,50.999],[33.0412,50.9963],[33.042,50.996],[33.051,51.011],[33.062,51.017],[33.085,51.041],[33.07,51.07],[33.042,51.083],[32.944,51.09],[32.994,51.143],[32.962,51.163],[32.989,51.196],[33.043,51.205],[33.031,51.227],[33.07,51.254],[33.078,51.312],[33.074,51.316],[33.08,51.323],[33.076,51.324],[33.07,51.329],[33.0695,51.3315],[33.0692,51.333],[33.069,51.334],[33.065,51.333],[33.059,51.331],[33.026,51.334],[32.967,51.333],[32.998,51.363],[32.955,51.38],[32.944,51.396],[32.891,51.421],[32.873,51.413],[32.821,51.436],[32.788,51.438],[32.774,51.432],[32.766,51.436],[32.755,51.436],[32.734,51.441],[32.731,51.449],[32.7238,51.4474],[32.722,51.447],[32.7215,51.446],[32.721,51.445],[32.717,51.446],[32.711,51.442],[32.69,51.443],[32.684,51.449],[32.674,51.448],[32.645,51.454],[32.623,51.464],[32.607,51.452],[32.585,51.462],[32.567,51.462],[32.562,51.447],[32.593,51.449],[32.611,51.427],[32.564,51.412],[32.527,51.414],[32.512,51.405],[32.458,51.389],[32.414,51.393],[32.387,51.41],[32.368,51.415],[32.313,51.411],[32.307,51.415],[32.291,51.419],[32.291,51.416],[32.282,51.41],[32.277,51.401],[32.251,51.401],[32.198,51.377],[32.159,51.397],[32.121,51.402],[32.077,51.383],[32.031,51.381],[31.997,51.372],[31.9968,51.369],[31.998,51.369],[31.9983,51.367]]]},"properties":{"id":"UA74040000000028062","name":"Ніжинський район","name_en":"Nizhyn Raion","oblast":"UA74"}},
{"type":"Feature","geometry":{"type":"Polygon","coordinates":[[[33.1643,51.68],[33.165,51.681],[33.145,51.684],[33.166,51.693],[33.155,51.702],[33.137,51.726],[33.106,51.742],[33.093,51.759],[33.092,51.766],[33.078,51.773],[33.084,51.782],[33.099,51.7843],[33.1,51.79],[33.108,51.793],[33.121,51.811],[33.122,51.864],[33.144,51.879],[33.18,51.888],[33.174,51.906],[33.183,51.904],[33.189,51.914],[33.197,51.911],[33.255,51.927],[33.289,51.924],[33.296,51.936],[33.302,51.934],[33.318,51.938],[33.355,51.932],[33.384,51.971],[33.349,51.983],[33.348,51.998],[33.336,52.005],[33.304,52.012],[33.317,52.018],[33.312,52.025],[33.316,52.033],[33.345,52.03],[33.384,52.049],[33.404,52.051],[33.427,52.027],[33.464,52.04],[33.499,52.039],[33.499,52.088],[33.493,52.082],[33.438,52.087],[33.444,52.097],[33.415,52.123],[33.339,52.146],[33.321,52.17],[33.318,52.181],[33.309,52.184],[33.312,52.193],[33.324,52.195],[33.328,52.216],[33.352,52.221],[33.39,52.292],[33.405,52.323],[33.422,52.332],[33.428,52.347],[33.4291,52.3468],[33.429,52.347],[33.417,52.351],[33.408,52.368],[33.38,52.373],[33.351,52.354],[33.309,52.355],[33.189,52.381],[33.169,52.374],[33.169,52.342],[33.137,52.347],[33.081,52.31],[33.042,52.315],[32.995,52.273],[32.961,52.275],[32.888,52.246],[32.885,52.275],[32.833,52.28],[32.763,52.258],[32.691,52.257],[32.686,52.267],[32.608,52.306],[32.578,52.301],[32.551,52.328],[32.432,52.323],[32.376,52.339],[32.351,52.316],[32.389,52.253],[32.346,52.246],[32.323,52.224],[32.346,52.184],[32.32,52.138],[32.29,52.104],[32.26,52.092],[32.226,52.089],[32.221,52.086],[32.222,52.084],[32.2218,52.083],[32.221,52.08],[32.249,52.081],[32.273,52.073],[32.291,52.054],[32.334,52.051],[32.359,52.055],[32.371,52.036],[32.39,52.025],[32.41,52.021],[32.406,52.019],[32.409,52.016],[32.413,52.005],[32.422,51.997],[32.443,51.978],[32.467,51.971],[32.485,51.985],[32.506,51.988],[32.515,51.976],[32.515,51.964],[32.626,51.969],[32.629,51.916],[32.644,51.911],[32.71,51.916],[32.736,51.923],[32.758,51.903],[32.812,51.888],[32.837,51.854],[32.811,51.853],[32.778,51.847],[32.755,51.837],[32.728,51.838],[32.701,51.815],[32.7,51.807],[32.707,51.795],[32.704,51.79],[32.713,51.773],[32.746,51.767],[32.765,51.735],[32.698,51.726],[32.681,51.7],[32.686,51.678],[32.716,51.666],[32.719,51.634],[32.747,51.626],[32.782,51.623],[32.785,51.619],[32.802,51.621],[32.832,51.609],[32.828,51.573],[32.787,51.578],[32.741,51.553],[32.654,51.558],[32.608,51.522],[32.612,51.499],[32.622,51.485],[32.732,51.473],[32.729,51.459],[32.723,51.458],[32.72,51.453],[32.723,51.449],[32.721,51.446],[32.7215,51.446],[32.722,51.447],[32.7238,51.4474],[32.731,51.449],[32.734,51.441],[32.755,51.436],[32.766,51.436],[32.774,51.432],[32.788,51.438],[32.821,51.436],[32.873,51.413],[32.891,51.421],[32.944,51.396],[32.955,51.38],[32.998,51.363],[32.967,51.333],[33.026,51.334],[33.059,51.331],[33.065,51.333],[33.069,51.334],[33.0692,51.333],[33.07,51.333],[33.073,51.338],[33.064,51.346],[33.043,51.341],[33.035,51.35],[33.034,51.358],[33.039,51.368],[33.022,51.384],[33.016,51.397],[33.044,51.405],[33.058,51.405],[33.044,51.387],[33.06,51.385],[33.061,51.372],[33.107,51.367],[33.133,51.416],[33.112,51.429],[33.135,51.495],[33.16,51.496],[33.193,51.522],[33.185,51.537],[33.156,51.555],[33.158,51.57],[33.192,51.574],[33.153,51.609],[33.154,51.641],[33.124,51.651],[33.142,51.68],[33.1643,51.68]]]},"properties":{"id":"UA74060000000063946","name":"Новгород-Сіверський район","name_en":"Novhorod-Siverskyi Raion","oblast":"UA74"}},
{"type":"Feature","geometry":{"type":"MultiPolygon","coordinates":[[[[32.1425,50.3483],[32.143,50.347],[32.1434,50.3471],[32.1425,50.3483]]],[[[32.074,50.3756],[32.074,50.374],[32.0747,50.3739],[32.096,50.371],[32.154,50.375],[32.14,50.355],[32.1422,50.3491],[32.1438,50.3494],[32.159,50.353],[32.219,50.359],[32.251,50.375],[32.29,50.38],[32.295,50.399],[32.339,50.429],[32.446,50.399],[32.493,50.397],[32.487,50.369],[32.525,50.347],[32.585,50.356],[32.75,50.361],[32.793,50.348],[32.787,50.369],[32.811,50.377],[32.838,50.376],[32.9,50.408],[32.919,50.43],[32.9354,50.4313],[32.932,50.434],[32.932,50.438],[32.949,50.447],[32.959,50.443],[32.969,50.45],[32.965,50.454],[32.967,50.459],[32.978,50.463],[32.969,50.474],[32.974,50.477],[32.988,50.475],[32.99,50.479],[33.014,50.472],[33.012,50.481],[33.026,50.493],[33.022,50.503],[33.042,50.503],[33.058,50.518],[33.0618,50.5199],[33.064,50.521],[33.066,50.5203],[33.066,50.521],[33.062,50.522],[33.064,50.524],[33.051,50.541],[33.075,50.556],[33.098,50.579],[33.102,50.591],[33.123,50.639],[33.148,50.654],[33.152,50.695],[33.138,50.71],[33.241,50.731],[33.19,50.751],[33.16,50.786],[33.17,50.8],[33.167,50.815],[33.155,50.824],[33.186,50.85],[33.174,50.855],[33.18,50.87],[33.17,50.886],[33.177,50.892],[33.2,50.89],[33.212,50.901],[33.198,50.921],[33.201,50.934],[33.201,50.961],[33.201,50.963],[33.1997,50.963],[33.186,50.963],[33.18,50.96],[33.141,50.968],[33.118,51.008],[33.077,50.993],[33.078,50.983],[33.05,50.989],[33.042,50.993],[33.042,50.996],[33.0412,50.9963],[33.034,50.999],[33.034,50.995],[33.012,50.99],[33.011,50.986],[33.004,50.979],[32.98,50.967],[32.985,50.941],[33.02,50.934],[32.977,50.917],[32.936,50.89],[32.836,50.858],[32.792,50.889],[32.776,50.888],[32.757,50.931],[32.69,50.949],[32.698,50.99],[32.686,51.004],[32.639,51.014],[32.605,51.025],[32.593,51.012],[32.565,51.014],[32.533,51.024],[32.526,51.034],[32.525,51.065],[32.493,51.083],[32.436,51.077],[32.399,51.041],[32.41,51.014],[32.373,51.016],[32.365,51.009],[32.373,51.002],[32.365,50.997],[32.355,51.015],[32.333,51.029],[32.315,51.011],[32.272,51],[32.26,51.026],[32.187,51.016],[32.15,50.989],[32.093,50.98],[32.108,50.953],[32.058,50.933],[32.062,50.882],[32.074,50.865],[32.068,50.849],[32.08,50.841],[32.086,50.823],[32.115,50.802],[32.104,50.798],[32.102,50.76],[32.069,50.766],[32.049,50.716],[32.019,50.698],[31.968,50.714],[31.954,50.701],[31.922,50.708],[31.897,50.678],[31.886,50.639],[31.8608,50.6319],[31.858,50.6311],[31.858,50.631],[31.868,50.617],[31.883,50.606],[31.912,50.596],[31.9246,50.5757],[31.951,50.543],[31.974,50.539],[32.062,50.54],[32.047,50.497],[31.962,50.485],[31.972,50.466],[32.022,50.458],[32.043,50.405],[32.046,50.401],[32.057,50.396],[32.076,50.393],[32.083,50.381],[32.074,50.376],[32.074,50.3756]]]]},"properties":{"id":"UA74080000000030554","name":"Прилуцький район","name_en":"Pryluky Raion","oblast":"UA74"}},
{"type":"Feature","geometry":{"type":"Polygon","coordinates":[[[30.618,51.289],[30.617,51.302],[30.593,51.313],[30.622,51.334],[30.653,51.38],[30.622,51.428],[30.594,51.422],[30.578,51.446],[30.596,51.473],[30.553,51.539],[30.526,51.565],[30.509,51.636],[30.563,51.663],[30.574,51.684],[30.559,51.705],[30.615,51.709],[30.647,51.751],[30.632,51.777],[30.671,51.797],[30.652,51.821],[30.694,51.838],[30.705,51.868],[30.739,51.884],[30.749,51.905],[30.794,51.898],[30.824,51.921],[30.804,51.948],[30.836,51.954],[30.883,51.98],[30.895,52.004],[30.944,52.027],[30.936,52.077],[30.993,52.079],[31.141,52.104],[31.158,52.081],[31.217,52.072],[31.22,52.052],[31.253,52.043],[31.297,52.053],[31.32,52.082],[31.324,52.107],[31.387,52.122],[31.403,52.144],[31.452,52.142],[31.465,52.122],[31.516,52.126],[31.606,52.113],[31.666,52.116],[31.721,52.097],[31.789,52.113],[31.798,52.103],[31.8159,52.0994],[31.818,52.099],[31.811,52.069],[31.778,52.058],[31.802,52.021],[31.801,51.993],[31.768,51.984],[31.773,51.968],[31.784,51.95],[31.793,51.942],[31.809,51.942],[31.8,51.935],[31.805,51.923],[31.806,51.907],[31.789,51.912],[31.721,51.912],[31.706,51.92],[31.664,51.883],[31.696,51.871],[31.675,51.837],[31.659,51.82],[31.637,51.81],[31.659,51.793],[31.653,51.781],[31.717,51.755],[31.76,51.745],[31.738,51.737],[31.739,51.731],[31.75,51.724],[31.782,51.73],[31.794,51.691],[31.788,51.671],[31.8,51.658],[31.81,51.656],[31.811,51.649],[31.806,51.63],[31.859,51.624],[31.879,51.61],[31.883,51.58],[31.847,51.541],[31.851,51.505],[31.835,51.496],[31.829,51.483],[31.83,51.463],[31.84,51.446],[31.821,51.432],[31.862,51.404],[31.895,51.37],[31.915,51.371],[31.928,51.364],[31.938,51.367],[31.968,51.363],[31.97,51.349],[31.985,51.359],[31.984,51.369],[31.9968,51.369],[31.998,51.369],[31.9983,51.367],[31.999,51.362],[31.998,51.35],[32.004,51.35],[32.029,51.325],[31.987,51.311],[31.993,51.3],[31.951,51.289],[31.927,51.292],[31.885,51.236],[31.849,51.243],[31.816,51.229],[31.741,51.248],[31.733,51.237],[31.655,51.224],[31.641,51.238],[31.582,51.239],[31.528,51.219],[31.526,51.19],[31.441,51.177],[31.431,51.143],[31.39,51.121],[31.381,51.097],[31.294,51.085],[31.318,51.044],[31.302,51.036],[31.269,51.028],[31.296,51.018],[31.302,51.009],[31.322,51.007],[31.338,50.993],[31.368,50.993],[31.374,50.986],[31.371,50.981],[31.337,50.955],[31.356,50.929],[31.32,50.927],[31.301,50.899],[31.3,50.869],[31.25,50.812],[31.188,50.792],[31.241,50.752],[31.186,50.732],[31.175,50.733],[31.167,50.731],[31.1668,50.7311],[31.1651,50.7321],[31.156,50.737],[31.148,50.737],[31.14,50.746],[31.121,50.749],[31.125,50.774],[31.076,50.78],[31.07,50.764],[31.031,50.76],[30.892,50.765],[30.876,50.746],[30.845,50.743],[30.774,50.775],[30.756,50.775],[30.7518,50.7738],[30.746,50.7721],[30.739,50.77],[30.734,50.784],[30.744,50.788],[30.743,50.805],[30.769,50.817],[30.776,50.832],[30.774,50.864],[30.714,50.898],[30.683,50.901],[30.644,50.963],[30.641,51.002],[30.602,51.009],[30.6,51.026],[30.499,51.018],[30.493,51.051],[30.508,51.077],[30.481,51.092],[30.486,51.095],[30.516,51.113],[30.497,51.128],[30.49,51.167],[30.53,51.202],[30.505,51.224],[30.505,51.229],[30.513,51.234],[30.533,51.237],[30.548,51.231],[30.56,51.239],[30.538,51.264],[30.5388,51.2641],[30.57,51.268],[30.618,51.289]],[[31.3004,51.4516],[31.3059,51.452],[31.3095,51.4515],[31.3137,51.4537],[31.315,51.4532],[31.3215,51.4562],[31.3214,51.4579],[31.3263,51.4611],[31.3308,51.462],[31.3336,51.4663],[31.3374,51.4698],[31.337,51.4723],[31.3409,51.4761],[31.3446,51.4763],[31.3466,51.4867],[31.3495,51.4892],[31.35,51.4922],[31.3479,51.501],[31.348,51.5048],[31.3498,51.5089],[31.3553,51.5092],[31.3578,51.505],[31.359,51.5073],[31.3633,51.5077],[31.3692,51.5117],[31.3687,51.5155],[31.3755,51.5214],[31.3784,51.5258],[31.3756,51.5276],[31.3815,51.5318],[31.3818,51.5331],[31.3752,51.534],[31.3756,51.5363],[31.3714,51.5365],[31.3714,51.5406],[31.3703,51.5419],[31.3538,51.5388],[31.3487,51.5367],[31.3533,51.5349],[31.3474,51.5328],[31.3381,51.5327],[31.3369,51.5285],[31.3356,51.5287],[31.3263,51.5339],[31.3292,51.5429],[31.3276,51.5418],[31.3225,51.5421],[31.315,51.544],[31.3146,51.5424],[31.294,51.546],[31.2914,51.5445],[31.2928,51.5432],[31.291,51.5407],[31.2862,51.5414],[31.2853,51.543],[31.2794,51.5452],[31.2805,51.5478],[31.2752,51.5476],[31.2748,51.5493],[31.272,51.5479],[31.269,51.5494],[31.2596,51.5472],[31.2606,51.5448],[31.2582,51.543],[31.237,51.5412],[31.2358,51.5401],[31.2371,51.5357],[31.2314,51.5358],[31.229,51.5379],[31.226,51.5379],[31.2262,51.5355],[31.2205,51.5359],[31.2254,51.5323],[31.2303,51.5269],[31.2293,51.5256],[31.2213,51.5227],[31.2212,51.52],[31.2135,51.5238],[31.2109,51.5218],[31.2184,51.518],[31.2204,51.5188],[31.2293,51.5172],[31.2301,51.5142],[31.2351,51.5119],[31.2373,51.5098],[31.2347,51.51],[31.2378,51.5054],[31.2407,51.5045],[31.237,51.5041],[31.2401,51.503],[31.2378,51.5012],[31.2343,51.5016],[31.2309,51.5001],[31.2272,51.5006],[31.2252,51.4992],[31.2308,51.4959],[31.2352,51.4972],[31.2402,51.4942],[31.2421,51.495],[31.2484,51.4927],[31.2488,51.4898],[31.2459,51.4898],[31.2472,51.4877],[31.244,51.4877],[31.2326,51.4839],[31.2332,51.4816],[31.244,51.4821],[31.243,51.4809],[31.2309,51.4811],[31.2303,51.4788],[31.2421,51.4762],[31.2391,51.4729],[31.2405,51.4709],[31.2322,51.4689],[31.2338,51.4591],[31.2565,51.4607],[31.2561,51.4561],[31.2578,51.4517],[31.2644,51.4469],[31.2606,51.4442],[31.2614,51.4419],[31.2691,51.4367],[31.2744,51.4372],[31.2773,51.4391],[31.2916,51.4453],[31.2915,51.4481],[31.294,51.4505],[31.2958,51.4495],[31.3004,51.4516]]]},"properties":{"id":"UA74100000000047140","name":"Чернігівський район","name_en":"Chernihiv Raion","oblast":"UA74"}},
{"type":"Feature","geometry":{"type":"Polygon","coordinates":[[[31.2988,51.4613],[31.3049,51.4856],[31.3024,51.4879],[31.2851,51.5001],[31.2606,51.5448],[31.2596,51.5472],[31.269,51.5494],[31.272,51.5479],[31.2748,51.5493],[31.2752,51.5476],[31.2805,51.5478],[31.2794,51.5452],[31.2853,51.543],[31.2862,51.5414],[31.291,51.5407],[31.2928,51.5432],[31.2914,51.5445],[31.294,51.546],[31.3146,51.5424],[31.315,51.544],[31.3225,51.5421],[31.3276,51.5418],[31.3292,51.5429],[31.3263,51.5339],[31.3356,51.5287],[31.3369,51.5285],[31.3381,51.5327],[31.3474,51.5328],[31.3533,51.5349],[31.3487,51.5367],[31.3538,51.5388],[31.3703,51.5419],[31.3714,51.5406],[31.3714,51.5365],[31.3756,51.5363],[31.3752,51.534],[31.3818,51.5331],[31.3815,51.5318],[31.3756,51.5276],[31.3784,51.5258],[31.3755,51.5214],[31.3687,51.5155],[31.3692,51.5117],[31.3633,51.5077],[31.359,51.5073],[31.3578,51.505],[31.3553,51.5092],[31.3498,51.5089],[31.348,51.5048],[31.3479,51.501],[31.35,51.4922],[31.3495,51.4892],[31.3466,51.4867],[31.3446,51.4763],[31.3409,51.4761],[31.337,51.4723],[31.3374,51.4698],[31.3336,51.4663],[31.3308,51.462],[31.3263,51.4611],[31.3214,51.4579],[31.3215,51.4562],[31.315,51.4532],[31.3137,51.4537],[31.3095,51.4515],[31.3059,51.452],[31.2994,51.4593],[31.2988,51.4613]]]},"properties":{"id":"UA74100390010122363","name":"Деснянський район","name_en":null,"oblast":"UA74","city":"Чернігів"}},
{"type":"Feature","geometry":{"type":"Polygon","coordinates":[[[31.2958,51.4495],[31.294,51.4505],[31.2915,51.4481],[31.2916,51.4453],[31.2773,51.4391],[31.2744,51.4372],[31.2691,51.4367],[31.2614,51.4419],[31.2606,51.4442],[31.2644,51.4469],[31.2578,51.4517],[31.2561,51.4561],[31.2565,51.4607],[31.2338,51.4591],[31.2322,51.4689],[31.2405,51.4709],[31.2391,51.4729],[31.2421,51.4762],[31.2303,51.4788],[31.2309,51.4811],[31.243,51.4809],[31.244,51.4821],[31.2332,51.4816],[31.2326,51.4839],[31.244,51.4877],[31.2472,51.4877],[31.2459,51.4898],[31.2488,51.4898],[31.2484,51.4927],[31.2421,51.495],[31.2402,51.4942],[31.2352,51.4972],[31.2308,51.4959],[31.2252,51.4992],[31.2272,51.5006],[31.2309,51.5001],[31.2343,51.5016],[31.2378,51.5012],[31.2401,51.503],[31.237,51.5041],[31.2407,51.5045],[31.2378,51.5054],[31.2347,51.51],[31.2373,51.5098],[31.2351,51.5119],[31.2301,51.5142],[31.2293,51.5172],[31.2204,51.5188],[31.2184,51.518],[31.2109,51.5218],[31.2135,51.5238],[31.2212,51.52],[31.2213,51.5227],[31.2293,51.5256],[31.2303,51.5269],[31.2254,51.5323],[31.2205,51.5359],[31.2262,51.5355],[31.226,51.5379],[31.229,51.5379],[31.2314,51.5358],[31.2371,51.5357],[31.2358,51.5401],[31.237,51.5412],[31.2582,51.543],[31.2606,51.5448],[31.2851,51.5001],[31.3024,51.4879],[31.3049,51.4856],[31.2988,51.4613],[31.2994,51.4593],[31.3059,51.452],[31.3004,51.4516],[31.2958,51.4495]]]},"properties":{"id":"UA74100390010268220","name":"Новозаводський район","name_en":null,"oblast":"UA74","city":"Чернігів"}},
{"type":"Feature","geometry":{"type":"Polygon","coordinates":[[[33.7613,44.388],[33.7618,44.3894],[33.7662,44.3922],[33.7856,44.3969],[33.8141,44.41],[33.847,44.4171],[33.8981,44.4215],[33.9094,44.4189],[33.9223,44.4203],[33.925,44.4208],[33.9251,44.4209],[33.9262,44.4213],[33.9259,44.4219],[33.9258,44.422],[33.9251,44.4225],[33.9244,44.4232],[33.8885,44.4814],[33.8685,44.498],[33.8685,44.5077],[33.8599,44.5071],[33.8532,44.5154],[33.8457,44.5191],[33.8573,44.5259],[33.8495,44.5306],[33.8401,44.5304],[33.8401,44.5372],[33.8337,44.5417],[33.8372,44.5488],[33.8311,44.5548],[33.8272,44.5713],[33.8212,44.576],[33.8039,44.5778],[33.7872,44.5857],[33.7814,44.5997],[33.7828,44.606],[33.7796,44.6131],[33.7419,44.6054],[33.7357,44.6009],[33.7163,44.6204],[33.7169,44.6332],[33.753,44.6651],[33.7546,44.6753],[33.777,44.6903],[33.7615,44.701],[33.7518,44.6988],[33.7266,44.7166],[33.7007,44.7148],[33.6731,44.7099],[33.6595,44.7141],[33.6161,44.712],[33.6137,44.7498],[33.6828,44.7703],[33.6643,44.7947],[33.5805,44.8139],[33.5543,44.8402],[33.2952,44.9405],[33.2704,44.9014],[33.2511,44.8492],[33.2422,44.7933],[33.2463,44.7633],[33.1935,44.738],[33.1407,44.6958],[33.1058,44.6451],[33.0914,44.5895],[33.0987,44.5331],[33.127,44.4802],[33.1743,44.4347],[33.2087,44.4133],[33.2399,44.3754],[33.2954,44.3348],[33.3642,44.3064],[33.4203,44.2947],[33.4779,44.2582],[33.6179,44.2097],[33.6966,44.191],[33.7288,44.2891],[33.7613,44.388]]]},"properties":{"id":"UA85000000000065278","name":"Севастополь","name_en":"Sevastopol","oblast":"UA85"}},
{"type":"Feature","geometry":{"type":"Polygon","coordinates":[[[30.4323,50.372],[30.439,50.367],[30.437,50.361],[30.442,50.357],[30.452,50.356],[30.469,50.361],[30.4725,50.351],[30.476,50.341],[30.478,50.341],[30.479,50.337],[30.498,50.333],[30.535,50.317],[30.534,50.295],[30.576,50.261],[30.588,50.244],[30.593,50.214],[30.642,50.227],[30.636,50.236],[30.644,50.24],[30.635,50.244],[30.632,50.251],[30.624,50.256],[30.625,50.262],[30.615,50.266],[30.61,50.274],[30.61,50.2784],[30.6096,50.2787],[30.61,50.2799],[30.61,50.282],[30.625,50.283],[30.63,50.298],[30.643,50.292],[30.644,50.289],[30.6493,50.2903],[30.648,50.291],[30.641,50.304],[30.628,50.315],[30.612,50.337],[30.6122,50.3372],[30.6124,50.3376],[30.6121,50.3377],[30.6075,50.341],[30.599,50.3505],[30.593,50.353],[30.5845,50.37],[30.5965,50.409],[30.591,50.4168],[30.5905,50.4175],[30.5904,50.4175],[30.5899,50.4174],[30.5897,50.4173],[30.573,50.4135],[30.5595,50.403],[30.5265,50.407],[30.5275,50.411],[30.5165,50.428],[30.5165,50.4392],[30.5165,50.4399],[30.5165,50.44],[30.501,50.4425],[30.4938,50.4391],[30.4935,50.439],[30.4935,50.4383],[30.4935,50.438],[30.4995,50.434],[30.509,50.4285],[30.512,50.4215],[30.508,50.423],[30.503,50.4225],[30.4885,50.4015],[30.471,50.3925],[30.4605,50.392],[30.441,50.3835],[30.4411,50.3833],[30.4429,50.3819],[30.444,50.381],[30.4323,50.372]]]},"properties":{"id":"UA80000000000126643","name":"Голосіївський район","name_en":null,"oblast":"UA80"}},
{"type":"Feature","geometry":{"type":"Polygon","coordinates":[[[30.4411,50.3833],[30.441,50.3835],[30.4605,50.392],[30.471,50.3925],[30.4885,50.4015],[30.503,50.4225],[30.508,50.423],[30.512,50.4215],[30.509,50.4285],[30.4995,50.434],[30.4935,50.438],[30.4935,50.4383],[30.4935,50.439],[30.4938,50.4391],[30.492,50.4405],[30.485,50.4455],[30.467,50.4515],[30.4155,50.46],[30.4155,50.4598],[30.4165,50.4595],[30.4163,50.459],[30.4145,50.4545],[30.398,50.441],[30.428,50.4085],[30.426,50.4025],[30.4215,50.399],[30.4195,50.3982],[30.423,50.397],[30.423,50.394],[30.429,50.393],[30.4411,50.3833]]]},"properties":{"id":"UA80000000000980793","name":"Солом'янський район","name_en":null,"oblast":"UA80"}},
{"type":"Feature","geometry":{"type":"Polygon","coordinates":[[[30.4195,50.3982],[30.4215,50.399],[30.426,50.4025],[30.428,50.4085],[30.398,50.441],[30.4145,50.4545],[30.4163,50.459],[30.4165,50.4595],[30.4155,50.4598],[30.4145,50.46],[30.3965,50.4585],[30.3965,50.4859],[30.3965,50.487],[30.3655,50.499],[30.3623,50.5151],[30.3615,50.5153],[30.352,50.5185],[30.347,50.522],[30.303,50.547],[30.305,50.545],[30.304,50.533],[30.29,50.525],[30.282,50.521],[30.267,50.517],[30.262,50.511],[30.271,50.503],[30.242,50.455],[30.247,50.439],[30.269,50.427],[30.28,50.448],[30.322,50.443],[30.359,50.446],[30.372,50.42],[30.393,50.407],[30.4176,50.3988],[30.4195,50.3982]]]},"properties":{"id":"UA80000000000875983","name":"Святошинський район","name_en":null,"oblast":"UA80"}},
{"type":"Feature","geometry":{"type":"Polygon","coordinates":[[[30.8249,50.4041],[30.822,50.407],[30.806,50.409],[30.795,50.418],[30.8,50.427],[30.775,50.438],[30.742,50.458],[30.75,50.463],[30.748,50.468],[30.7424,50.4687],[30.742,50.4687],[30.7418,50.4686],[30.7415,50.4688],[30.7414,50.4688],[30.71,50.449],[30.6955,50.4435],[30.6505,50.4335],[30.5903,50.4176],[30.59,50.4175],[30.5899,50.4174],[30.5904,50.4175],[30.5905,50.4175],[30.591,50.4168],[30.5965,50.409],[30.5845,50.37],[30.593,50.353],[30.599,50.3505],[30.6075,50.341],[30.6121,50.3377],[30.6124,50.3376],[30.615,50.341],[30.61,50.347],[30.638,50.355],[30.635,50.362],[30.652,50.364],[30.67,50.371],[30.711,50.353],[30.742,50.373],[30.816,50.394],[30.82,50.402],[30.8249,50.4041]]]},"properties":{"id":"UA80000000000210193","name":"Дарницький район","name_en":null,"oblast":"UA80"}},
{"type":"Feature","geometry":{"type":"Polygon","coordinates":[[[30.739,50.4901],[30.6575,50.468],[30.6335,50.456],[30.6325,50.4555],[30.625,50.467],[30.6125,50.4715],[30.607,50.478],[30.6065,50.495],[30.5605,50.495],[30.545,50.493],[30.5375,50.4907],[30.542,50.4865],[30.543,50.4835],[30.5428,50.4835],[30.5417,50.4835],[30.542,50.4825],[30.5285,50.4675],[30.53,50.4595],[30.5345,50.456],[30.5375,50.4549],[30.5384,50.4545],[30.5515,50.4495],[30.561,50.4445],[30.586,50.425],[30.5875,50.423],[30.5897,50.4173],[30.5899,50.4174],[30.59,50.4175],[30.5903,50.4176],[30.6505,50.4335],[30.6955,50.4435],[30.71,50.449],[30.7414,50.4688],[30.74,50.469],[30.748,50.474],[30.745,50.477],[30.748,50.487],[30.739,50.49],[30.739,50.4901]]]},"properties":{"id":"UA80000000000479391","name":"Дніпровський район","name_en":null,"oblast":"UA80"}},
{"type":"Feature","geometry":{"type":"Polygon","coordinates":[[[30.5408,50.5234],[30.5375,50.525],[30.5265,50.51],[30.5255,50.5005],[30.531,50.4965],[30.5365,50.491],[30.537,50.4905],[30.5375,50.4907],[30.545,50.493],[30.5605,50.495],[30.6065,50.495],[30.607,50.478],[30.6125,50.4715],[30.625,50.467],[30.6325,50.4555],[30.6335,50.456],[30.6575,50.468],[30.739,50.4901],[30.7393,50.4913],[30.74,50.494],[30.737,50.5],[30.74,50.5],[30.756,50.508],[30.76,50.512],[30.752,50.518],[30.821,50.538],[30.814,50.563],[30.788,50.576],[30.766,50.583],[30.722,50.585],[30.655,50.533],[30.592,50.535],[30.557,50.539],[30.569,50.522],[30.568,50.516],[30.56,50.515],[30.555,50.521],[30.54,50.522],[30.5404,50.5228],[30.5408,50.5234]]]},"properties":{"id":"UA80000000000336424","name":"Деснянський район","name_en":null,"oblast":"UA80"}},
{"type":"Feature","geometry":{"type":"Polygon","coordinates":[[[30.303,50.547],[30.347,50.522],[30.352,50.5185],[30.3615,50.5153],[30.3623,50.5151],[30.3625,50.515],[30.4465,50.526],[30.451,50.5005],[30.4655,50.4895],[30.501,50.483],[30.5265,50.482],[30.529,50.483],[30.5417,50.4835],[30.5428,50.4835],[30.543,50.4835],[30.542,50.4865],[30.5375,50.4907],[30.537,50.4905],[30.5365,50.491],[30.531,50.4965],[30.5255,50.5005],[30.5265,50.51],[30.5375,50.525],[30.5408,50.5234],[30.544,50.529],[30.543,50.532],[30.534,50.537],[30.5326,50.5391],[30.526,50.54],[30.524,50.542],[30.501,50.551],[30.493,50.566],[30.464,50.571],[30.457,50.584],[30.372,50.585],[30.372,50.573],[30.339,50.573],[30.3143,50.5699],[30.326,50.566],[30.332,50.56],[30.334,50.551],[30.327,50.545],[30.312,50.554],[30.302,50.552],[30.304,50.549],[30.3035,50.548],[30.303,50.547]]]},"properties":{"id":"UA80000000000551439","name":"Оболонський район","name_en":null,"oblast":"UA80"}},
{"type":"Feature","geometry":{"type":"Polygon","coordinates":[[[30.3965,50.4859],[30.4125,50.477],[30.43,50.476],[30.4355,50.4855],[30.476,50.479],[30.5145,50.4585],[30.5275,50.4565],[30.5272,50.455],[30.5271,50.4545],[30.527,50.454],[30.5272,50.454],[30.5285,50.454],[30.53,50.454],[30.535,50.452],[30.5384,50.4545],[30.5375,50.4549],[30.5345,50.456],[30.53,50.4595],[30.5285,50.4675],[30.542,50.4825],[30.5417,50.4835],[30.529,50.483],[30.5265,50.482],[30.501,50.483],[30.4655,50.4895],[30.451,50.5005],[30.4465,50.526],[30.3625,50.515],[30.3623,50.5151],[30.3655,50.499],[30.3965,50.487],[30.3965,50.4859]]]},"properties":{"id":"UA80000000000719633","name":"Подільський район","name_en":null,"oblast":"UA80"}},
{"type":"Feature","geometry":{"type":"Polygon","coordinates":[[[30.5897,50.4173],[30.5875,50.423],[30.586,50.425],[30.561,50.4445],[30.5515,50.4495],[30.5384,50.4545],[30.535,50.452],[30.53,50.454],[30.5285,50.454],[30.5285,50.4515],[30.5261,50.4487],[30.5215,50.4445],[30.523,50.4415],[30.5175,50.439],[30.5165,50.4392],[30.5165,50.428],[30.5275,50.411],[30.5265,50.407],[30.5595,50.403],[30.573,50.4135],[30.5897,50.4173]]]},"properties":{"id":"UA80000000000624772","name":"Печерський район","name_en":null,"oblast":"UA80"}},
{"type":"Feature","geometry":{"type":"Polygon","coordinates":[[[30.5165,50.4392],[30.5175,50.439],[30.523,50.4415],[30.5215,50.4445],[30.5261,50.4487],[30.5285,50.4515],[30.5285,50.454],[30.5272,50.454],[30.527,50.454],[30.5271,50.4545],[30.5272,50.455],[30.5275,50.4565],[30.5145,50.4585],[30.476,50.479],[30.4355,50.4855],[30.43,50.476],[30.4125,50.477],[30.3965,50.4859],[30.3965,50.4585],[30.4145,50.46],[30.4155,50.4598],[30.4155,50.46],[30.467,50.4515],[30.485,50.4455],[30.492,50.4405],[30.4938,50.4391],[30.501,50.4425],[30.5165,50.44],[30.5165,50.4399],[30.5165,50.4392]]]},"properties":{"id":"UA80000000001078669","name":"Шевченківський район","name_en":null,"oblast":"UA80"}}
]}